producto_id,nombre,categoria_actual,subcategoria_actual,categoria_sugerida,subcategoria_sugerida,confianza,motivo,accion_recomendada
56,Bebida Leche Láctea Yogu Yogu Chirimoya Caja,Bebe,Alimentos Bebe,Bebidas,Bebidas,Alta,Bebida detectada dentro de categoria Bebe,mover_categoria
132,Bebida Leche Láctea Yogu Yogu Mora Caja,Bebe,Alimentos Bebe,Bebidas,Bebidas,Alta,Bebida detectada dentro de categoria Bebe,mover_categoria
148,Bebida Leche Láctea Yogu Yogu Damasco Caja,Bebe,Alimentos Bebe,Bebidas,Bebidas,Alta,Bebida detectada dentro de categoria Bebe,mover_categoria
149,Bebida Leche Láctea Yogu Yogu Frutilla Caja,Bebe,Alimentos Bebe,Bebidas,Bebidas,Alta,Bebida detectada dentro de categoria Bebe,mover_categoria
150,Bebida Leche Láctea Yogu Yogu Piña Caja,Bebe,Alimentos Bebe,Bebidas,Bebidas,Alta,Bebida detectada dentro de categoria Bebe,mover_categoria
151,Bebida Leche Láctea Trencito Chocolate Caja,Bebe,Alimentos Bebe,Bebidas,Bebidas,Alta,Bebida detectada dentro de categoria Bebe,mover_categoria
199,Bebida Vegetal Notmilk Protein Con 7gr Proteína 750 ml NotCo,Bebe,Alimentos Bebe,Bebidas,Bebidas,Alta,Bebida detectada dentro de categoria Bebe,mover_categoria
213,Bebida Láctea Sin Lactosa Chocolate 200 ml Milo,Bebe,Alimentos Bebe,Bebidas,Bebidas,Alta,Bebida detectada dentro de categoria Bebe,mover_categoria
217,Bebida Vegetal Notmilk Chocolate Tetra Pak 200 ml NotCo,Bebe,Alimentos Bebe,Bebidas,Bebidas,Alta,Bebida detectada dentro de categoria Bebe,mover_categoria
218,Bebida Vegetal Notmilk Original 1 L NotCo,Bebe,Alimentos Bebe,Bebidas,Bebidas,Alta,Bebida detectada dentro de categoria Bebe,mover_categoria
220,Bebida Láctea Sabor Frutilla 200 ml Surlat,Bebe,Alimentos Bebe,Bebidas,Bebidas,Alta,Bebida detectada dentro de categoria Bebe,mover_categoria
221,Bebida Láctea Sabor Chocolate 200 ml Surlat,Bebe,Alimentos Bebe,Bebidas,Bebidas,Alta,Bebida detectada dentro de categoria Bebe,mover_categoria
222,Bebida Láctea Sabor Vainilla 200 ml Surlat,Bebe,Alimentos Bebe,Bebidas,Bebidas,Alta,Bebida detectada dentro de categoria Bebe,mover_categoria
225,Bebida Vegetal Notmilk Zero 1 L NotCo,Bebe,Alimentos Bebe,Bebidas,Bebidas,Alta,Bebida detectada dentro de categoria Bebe,mover_categoria
226,Bebida Vegetal Notmilk Low Fat 1 L NotCo,Bebe,Alimentos Bebe,Bebidas,Bebidas,Alta,Bebida detectada dentro de categoria Bebe,mover_categoria
228,Bebida Vegetal Original 1 L Nature's Heart,Bebe,Alimentos Bebe,Bebidas,Bebidas,Alta,Bebida detectada dentro de categoria Bebe,mover_categoria
246,Chocolate Lenguas De Gato Leche 120 g Costa,"Lacteos, Huevos y Congelados",Leche,Mascotas,Alimento Gatos,Alta,Producto de mascotas fuera de Mascotas,mover_categoria
286,Galletas Cachorro Raza Grande Sabor Leche Bolsa 500 g Master Dog,Desayuno y Snacks,Snacks,Mascotas,Alimento Perros,Alta,Producto de mascotas fuera de Mascotas,mover_categoria
300,Alimento Seco Cachorro Raza Pequeña Carne Y Leche Bolsa 3 Kg Master Dog,Carnes y Pescados,Carnes,Mascotas,Alimento Perros,Alta,Producto de mascotas fuera de Mascotas,mover_categoria
306,Alimento Seco Cachorro Raza Mediana/grande Sabor Carne Y Leche Bolsa 3 Kg Master Dog,Carnes y Pescados,Carnes,Mascotas,Alimento Perros,Alta,Producto de mascotas fuera de Mascotas,mover_categoria
310,Galleta Perro Cachoro Leche g g Pet Food,Desayuno y Snacks,Snacks,Mascotas,Alimento Perros,Alta,Producto de mascotas fuera de Mascotas,mover_categoria
339,Tónico Rose Care Leche & Tonico Micelar 2 En 1 200 ml Nivea,"Lacteos, Huevos y Congelados",Leche,Higiene Personal,Cuidado Facial,Alta,Producto de higiene personal fuera de Higiene Personal,mover_categoria
427,Salchichón Cerveza Mini Pza 400 g Winter,"Lacteos, Huevos y Congelados",Huevos,Bebidas,Cervezas,Media,Bebida fuera de Bebidas,revisar_y_mover
429,Bebida Vegetal Notmilk Chocolate 1 L NotCo,Bebe,Alimentos Bebe,Bebidas,Bebidas,Alta,Bebida detectada dentro de categoria Bebe,mover_categoria
444,Bebida Vegetal De Avellana Sabor Chocolate Caja 1 L Vivicosí,Bebe,Alimentos Bebe,Bebidas,Bebidas,Alta,Bebida detectada dentro de categoria Bebe,mover_categoria
509,Desodorante Spray Nivea Black&white Original Masculino Xl Hombre,"Lacteos, Huevos y Congelados",Huevos,Higiene Personal,Desodorantes,Alta,Producto de higiene personal fuera de Higiene Personal,mover_categoria
553,Bebida Vegetal Almendras Sabor Original 1 L Vilay,Bebe,Alimentos Bebe,Bebidas,Bebidas,Alta,Bebida detectada dentro de categoria Bebe,mover_categoria
554,Bebida Vegetal Sabor Té Chai 330 ml Vilay,Bebe,Alimentos Bebe,Bebidas,Bebidas,Alta,Bebida detectada dentro de categoria Bebe,mover_categoria
571,Bebida Láctea Probiótico Original Multipack Botella 6 Un x 80 ml Chamyto,Bebe,Alimentos Bebe,Bebidas,Bebidas,Alta,Bebida detectada dentro de categoria Bebe,mover_categoria
600,Bebida Vegetal Café Caramelo Protein Sin Azúcar 250 ml Notco,Bebe,Alimentos Bebe,Bebidas,Bebidas,Alta,Bebida detectada dentro de categoria Bebe,mover_categoria
602,Bebida Vegetal Proteína 1 L Nature's Heart,Bebe,Alimentos Bebe,Bebidas,Bebidas,Alta,Bebida detectada dentro de categoria Bebe,mover_categoria
669,Bebida Láctea Probiótico Sabor Frambuesa Multipack Botella 80ml Chamyto,Bebe,Alimentos Bebe,Bebidas,Bebidas,Alta,Bebida detectada dentro de categoria Bebe,mover_categoria
760,Bebida Vegetal Soya Natural Caja 1 L Loncoleche,Bebe,Alimentos Bebe,Bebidas,Bebidas,Alta,Bebida detectada dentro de categoria Bebe,mover_categoria
846,Bebida De Coco Original 1 L Vilay,Bebe,Alimentos Bebe,Bebidas,Bebidas,Alta,Bebida detectada dentro de categoria Bebe,mover_categoria
847,Bebida Vegetal Chocolate 1 L Vilay,Bebe,Alimentos Bebe,Bebidas,Bebidas,Alta,Bebida detectada dentro de categoria Bebe,mover_categoria
850,Bebida Barista Almendra 1 L Orasi,Bebe,Alimentos Bebe,Bebidas,Bebidas,Alta,Bebida detectada dentro de categoria Bebe,mover_categoria
855,Salchichón Cerveza 250 g Cecinas de León,"Lacteos, Huevos y Congelados",Huevos,Bebidas,Cervezas,Media,Bebida fuera de Bebidas,revisar_y_mover
912,Bebida De Almendras Sabor Chocolate 1 L Vilay,Bebe,Alimentos Bebe,Bebidas,Bebidas,Alta,Bebida detectada dentro de categoria Bebe,mover_categoria
913,Bebida De Almendras Sabor Vainilla 1 L Vilay,Bebe,Alimentos Bebe,Bebidas,Bebidas,Alta,Bebida detectada dentro de categoria Bebe,mover_categoria
914,Bebida Vegetal Arroz Chocolate 1 L Vilay,Bebe,Alimentos Bebe,Bebidas,Bebidas,Alta,Bebida detectada dentro de categoria Bebe,mover_categoria
915,Bebida Vegetal Sin Azúcar Coco 1 L Vilay,Bebe,Alimentos Bebe,Bebidas,Bebidas,Alta,Bebida detectada dentro de categoria Bebe,mover_categoria
916,Bebida De Almendras Sabor Vainilla 200 ml Vilay,Bebe,Alimentos Bebe,Bebidas,Bebidas,Alta,Bebida detectada dentro de categoria Bebe,mover_categoria
917,Bebida Vegetal Barista Almendra 1 L Vilay,Bebe,Alimentos Bebe,Bebidas,Bebidas,Alta,Bebida detectada dentro de categoria Bebe,mover_categoria
922,Bebida Vegetal Notshake Protein Chocolate 250 ml Notco,Bebe,Alimentos Bebe,Bebidas,Bebidas,Alta,Bebida detectada dentro de categoria Bebe,mover_categoria
925,Bebida Vegetal Barista Soya 1 L Orasi,Bebe,Alimentos Bebe,Bebidas,Bebidas,Alta,Bebida detectada dentro de categoria Bebe,mover_categoria
926,Bebida Vegetal Almendra Sin Azucar 1 L Orasi,Bebe,Alimentos Bebe,Bebidas,Bebidas,Alta,Bebida detectada dentro de categoria Bebe,mover_categoria
946,Bebida Vegetal Almendras 6x1 1 L Loncoleche,Bebe,Alimentos Bebe,Bebidas,Bebidas,Alta,Bebida detectada dentro de categoria Bebe,mover_categoria
960,Bebida Vegetal Almendras Sabor Original Sin Azúcar 1 L Vilay,Bebe,Alimentos Bebe,Bebidas,Bebidas,Alta,Bebida detectada dentro de categoria Bebe,mover_categoria
966,Bebida Vegetal Almendras Sin Azúcar 946 ml Great Value,Bebe,Alimentos Bebe,Bebidas,Bebidas,Alta,Bebida detectada dentro de categoria Bebe,mover_categoria
984,Bebida Láctea Probiótico Sabor Manzana Multipack Botella 80ml Chamyto,Bebe,Alimentos Bebe,Bebidas,Bebidas,Alta,Bebida detectada dentro de categoria Bebe,mover_categoria
997,Bebida Láctea Probiótico Sabor Frutilla Pack Botella 6 Botellas 90 cc c/u Calán,Bebe,Alimentos Bebe,Bebidas,Bebidas,Alta,Bebida detectada dentro de categoria Bebe,mover_categoria
1043,Bebida Vegetal Soya 1 L Orasí,Bebe,Alimentos Bebe,Bebidas,Bebidas,Alta,Bebida detectada dentro de categoria Bebe,mover_categoria
1044,Bebida Vegetal Arroz 1 l Orasí,Bebe,Alimentos Bebe,Bebidas,Bebidas,Alta,Bebida detectada dentro de categoria Bebe,mover_categoria
1046,Bebida Láctea Probiótico Sabor Frutilla Multipack Botella 80ml Chamyto,Bebe,Alimentos Bebe,Bebidas,Bebidas,Alta,Bebida detectada dentro de categoria Bebe,mover_categoria
1052,Bebida Láctea Probiótico Uno Sabor Frutilla Pack 12 Botella 80 ml c/u Soprole,Bebe,Alimentos Bebe,Bebidas,Bebidas,Alta,Bebida detectada dentro de categoria Bebe,mover_categoria
1065,Bebida Láctea Probiótico Uno Multifruta Pack 12 Botella 80 ml c/u Soprole,Bebe,Alimentos Bebe,Bebidas,Bebidas,Alta,Bebida detectada dentro de categoria Bebe,mover_categoria
1105,Jabón Crema Ballerina Triple Humectación Piel Sensible Hipoalergénico,"Lacteos, Huevos y Congelados",Quesos,Higiene Personal,Jabon,Alta,Producto de higiene personal fuera de Higiene Personal,mover_categoria
1110,Acondicionador Ballerina Detox Carbón Activado Y Menta,"Lacteos, Huevos y Congelados",Quesos,Higiene Personal,Acondicionador,Alta,Producto de higiene personal fuera de Higiene Personal,mover_categoria
1113,Jabón Líquido Hipoalergénico Doypack 650 ml Ballerina,Bebe,Alimentos Bebe,Higiene Personal,Jabon,Alta,Producto de higiene personal fuera de Higiene Personal,mover_categoria
1119,Jabón Líquido Ballerina Violetas Silvestres,"Lacteos, Huevos y Congelados",Quesos,Higiene Personal,Jabon,Alta,Producto de higiene personal fuera de Higiene Personal,mover_categoria
1120,Jabón Líquido Ballerina Yoghurt Y Berries Vainilla,"Lacteos, Huevos y Congelados",Quesos,Higiene Personal,Jabon,Alta,Producto de higiene personal fuera de Higiene Personal,mover_categoria
1122,Acondicionador Ballerina Largo Increible,"Lacteos, Huevos y Congelados",Quesos,Higiene Personal,Acondicionador,Alta,Producto de higiene personal fuera de Higiene Personal,mover_categoria
1123,Acondicionador Ballerina Natural Manzanilla,"Lacteos, Huevos y Congelados",Quesos,Higiene Personal,Acondicionador,Alta,Producto de higiene personal fuera de Higiene Personal,mover_categoria
1124,Acondicionador Ballerina Sin Sal Palta Y Almendra,Despensa,Salsas,Higiene Personal,Acondicionador,Alta,Producto de higiene personal fuera de Higiene Personal,mover_categoria
1126,Acondicionador Ballerina Ondas Y Rizos Controlados,"Lacteos, Huevos y Congelados",Quesos,Higiene Personal,Acondicionador,Alta,Producto de higiene personal fuera de Higiene Personal,mover_categoria
1127,Acondicionador Ballerina Micelar Botella - Bajo Poo,"Lacteos, Huevos y Congelados",Quesos,Higiene Personal,Acondicionador,Alta,Producto de higiene personal fuera de Higiene Personal,mover_categoria
1133,Jabón Líquido Extra Suave Baby Line Doy Pack 750 ml Ballerina,Bebe,Alimentos Bebe,Higiene Personal,Jabon,Alta,Producto de higiene personal fuera de Higiene Personal,mover_categoria
1134,Jabón Ballerina Energy,"Lacteos, Huevos y Congelados",Quesos,Higiene Personal,Jabon,Alta,Producto de higiene personal fuera de Higiene Personal,mover_categoria
1136,Jabón Crema Ballerina Triple Humectación Aceite De Karité,Despensa,Aceite,Higiene Personal,Jabon,Alta,Producto de higiene personal fuera de Higiene Personal,mover_categoria
1158,Crema Facial Pack Hidratante + Luminosidad 1 Un Petrizzio,"Lacteos, Huevos y Congelados",Crema,Higiene Personal,Cuidado Facial,Alta,Producto de higiene personal fuera de Higiene Personal,mover_categoria
1159,Crema Facial Aclaradora 400 g Teatrical,"Lacteos, Huevos y Congelados",Crema,Higiene Personal,Cuidado Facial,Alta,Producto de higiene personal fuera de Higiene Personal,mover_categoria
1160,Crema Facial Antiarrugas 400 g Teatrical,"Lacteos, Huevos y Congelados",Crema,Higiene Personal,Cuidado Facial,Alta,Producto de higiene personal fuera de Higiene Personal,mover_categoria
1279,"Mix Frutos Secos Mix Gourmet: Avellanas, Almendras, Maravilla Y Maní 300 gr Sembrasol",Bebe,Alimentos Bebe,Desayuno y Snacks,Snacks,Alta,Snack/fruto seco detectado dentro de categoria Bebe,mover_categoria
1291,Frutos Secos Mix Cajuna 700 g Tribu,Bebe,Alimentos Bebe,Desayuno y Snacks,Snacks,Alta,Snack/fruto seco detectado dentro de categoria Bebe,mover_categoria
1293,"Mix Frutos Secos Mix De Almendras, Pasas Rubias Y Maní Tostado, Sin Sal 700 g Lider",Bebe,Alimentos Bebe,Desayuno y Snacks,Snacks,Alta,Snack/fruto seco detectado dentro de categoria Bebe,mover_categoria
1307,"Mix Frutos Secos Mix De Maní Confitado, Pasas Morenas, Almendras Y Pistacho, Sin Sal 700 g Lider",Bebe,Alimentos Bebe,Desayuno y Snacks,Snacks,Alta,Snack/fruto seco detectado dentro de categoria Bebe,mover_categoria
1336,"Mix Frutos Secos Mix Nuts Cajú, Almendras Y Maní 300 gr Sembrasol",Bebe,Alimentos Bebe,Desayuno y Snacks,Snacks,Alta,Snack/fruto seco detectado dentro de categoria Bebe,mover_categoria
1382,Zanahoria Jugo Bolsa 1 Kg,Frutas y Verduras,Frutas,Bebidas,Jugos,Media,Bebida fuera de Bebidas,revisar_y_mover
1539,"Desinfectante Líquido Concentrado Para Frutas, Verduras Y Utensilios Botella 250 ml Germalimp",Frutas y Verduras,Frutas,Limpieza,Limpiadores,Alta,Producto de limpieza fuera de Limpieza,mover_categoria
1562,Bebida Isotónica Frutas Tropicales Botella 500 ml Gatorade,Bebe,Alimentos Bebe,Bebidas,Bebidas,Alta,Bebida detectada dentro de categoria Bebe,mover_categoria
1567,Néctar Durazno Frutas+vitamin Lata 340 ml Del Valle,Bebe,Alimentos Bebe,Bebidas,Jugos,Alta,Bebida detectada dentro de categoria Bebe,mover_categoria
1577,Bebida Isotónica Frutas Tropicales Botella 1 L Gatorade,Bebe,Alimentos Bebe,Bebidas,Bebidas,Alta,Bebida detectada dentro de categoria Bebe,mover_categoria
1580,Bebida Isotónica Frutas Tropicales Botella 750 ml Gatorade,Bebe,Alimentos Bebe,Bebidas,Bebidas,Alta,Bebida detectada dentro de categoria Bebe,mover_categoria
1655,Bebida Hidratante Frutos Tropicales Botella 1 L Ironade,Bebe,Alimentos Bebe,Bebidas,Bebidas,Alta,Bebida detectada dentro de categoria Bebe,mover_categoria
1676,Desodorante Ambiental Aerosol Placer Floral Y Frutos Rojos Lata 360 cc Glade,Frutas y Verduras,Frutas,Higiene Personal,Desodorantes,Alta,Producto de higiene personal fuera de Higiene Personal,mover_categoria
1678,Desinfectante Aerosol Frutos Del Bosque Lata 360 ml Lysoform,Frutas y Verduras,Frutas,Limpieza,Limpiadores,Alta,Producto de limpieza fuera de Limpieza,mover_categoria
1680,Kombucha Fruta Prensada En Frío Manzana Y Jengibre 475 ml Dr Kombu,Bebe,Alimentos Bebe,Bebidas,Jugos,Alta,Bebida detectada dentro de categoria Bebe,mover_categoria
1681,Agua Saborizada Frutos Rojos Botella 1.5 L Benedictino,Bebe,Alimentos Bebe,Bebidas,Aguas,Alta,Bebida detectada dentro de categoria Bebe,mover_categoria
1683,Bebida Hidratante Frutos Rojos Botella 630 ml Suerox,Bebe,Alimentos Bebe,Bebidas,Bebidas,Alta,Bebida detectada dentro de categoria Bebe,mover_categoria
1685,Desodorante Ambiental Aerosol Frutos Del Sur Gatillo Frasco 250 ml Arom,Frutas y Verduras,Frutas,Higiene Personal,Desodorantes,Alta,Producto de higiene personal fuera de Higiene Personal,mover_categoria
1693,Bebida Energética Sabor Fruta Del Dragón Lata 250 ml Red Bull,Bebe,Alimentos Bebe,Bebidas,Bebidas Energeticas,Alta,Bebida detectada dentro de categoria Bebe,mover_categoria
1695,Agua Saborizada Power-c Fruta De Dragón Botella 500 ml Vitamin Water,Bebe,Alimentos Bebe,Bebidas,Aguas,Alta,Bebida detectada dentro de categoria Bebe,mover_categoria
1697,Desodorante Ambiental Gel En Lata Frutos Silvestres Y Flor De Durazno 70 g Air Wick,Frutas y Verduras,Frutas,Higiene Personal,Desodorantes,Alta,Producto de higiene personal fuera de Higiene Personal,mover_categoria
1698,Maní Japones Clásico 80 g Kazai,Bebe,Alimentos Bebe,Desayuno y Snacks,Snacks,Alta,Snack/fruto seco detectado dentro de categoria Bebe,mover_categoria
1700,Desodorante Ambiental Aerosol Placer Floral Y Frutos Rojos Lata 255 ml Glade,Frutas y Verduras,Frutas,Higiene Personal,Desodorantes,Alta,Producto de higiene personal fuera de Higiene Personal,mover_categoria
1703,Kombucha Fruta Prensada En Frío Mix Berries 475 ml Dr Kombu,Bebe,Alimentos Bebe,Bebidas,Jugos,Alta,Bebida detectada dentro de categoria Bebe,mover_categoria
1711,Mani Cáscara Sembrasol 350 Grs,Bebe,Alimentos Bebe,Desayuno y Snacks,Snacks,Alta,Snack/fruto seco detectado dentro de categoria Bebe,mover_categoria
1713,Maní Tostado Sin Sal 700 g Lider,Bebe,Alimentos Bebe,Desayuno y Snacks,Snacks,Alta,Snack/fruto seco detectado dentro de categoria Bebe,mover_categoria
1714,Mani Con Sal De Mar 150 g Frutisa,Bebe,Alimentos Bebe,Desayuno y Snacks,Snacks,Alta,Snack/fruto seco detectado dentro de categoria Bebe,mover_categoria
1715,Maní Tostado Sin Sal 400 g Sembrasol,Bebe,Alimentos Bebe,Desayuno y Snacks,Snacks,Alta,Snack/fruto seco detectado dentro de categoria Bebe,mover_categoria
1716,Maní Tostado Sin Sal 150 g Sembrasol,Bebe,Alimentos Bebe,Desayuno y Snacks,Snacks,Alta,Snack/fruto seco detectado dentro de categoria Bebe,mover_categoria
1719,Maní Japonés 350 g De La Rosa,Bebe,Alimentos Bebe,Desayuno y Snacks,Snacks,Alta,Snack/fruto seco detectado dentro de categoria Bebe,mover_categoria
1721,Maní Sin Sal 150 g Marco Polo,Bebe,Alimentos Bebe,Desayuno y Snacks,Snacks,Alta,Snack/fruto seco detectado dentro de categoria Bebe,mover_categoria
1723,Maní Salado Con Miel Bolsa 150 g Marco Polo,Bebe,Alimentos Bebe,Desayuno y Snacks,Snacks,Alta,Snack/fruto seco detectado dentro de categoria Bebe,mover_categoria
1724,Mani Japones Salsa Negra 80 g De La Rosa,Bebe,Alimentos Bebe,Desayuno y Snacks,Snacks,Alta,Snack/fruto seco detectado dentro de categoria Bebe,mover_categoria
1725,Maní Crocante Con Jamón Ahumado 100 g Millantú,Bebe,Alimentos Bebe,Desayuno y Snacks,Snacks,Alta,Snack/fruto seco detectado dentro de categoria Bebe,mover_categoria
1728,Maní Salado 150 g Lider,Bebe,Alimentos Bebe,Desayuno y Snacks,Snacks,Alta,Snack/fruto seco detectado dentro de categoria Bebe,mover_categoria
1730,Maní Japonés 200 g Lider,Bebe,Alimentos Bebe,Desayuno y Snacks,Snacks,Alta,Snack/fruto seco detectado dentro de categoria Bebe,mover_categoria
1733,"Nut Mix 1 Maní, Castañas Y Almendras 700 g Marco Polo",Bebe,Alimentos Bebe,Desayuno y Snacks,Snacks,Alta,Snack/fruto seco detectado dentro de categoria Bebe,mover_categoria
1734,Maní Salado 140 g Evercrisp,Bebe,Alimentos Bebe,Desayuno y Snacks,Snacks,Alta,Snack/fruto seco detectado dentro de categoria Bebe,mover_categoria
1736,Snack Mix Trail 700 g Frutisa,Bebe,Alimentos Bebe,Desayuno y Snacks,Snacks,Alta,Snack/fruto seco detectado dentro de categoria Bebe,mover_categoria
1737,Snack Mix Go 700 g Frutisa,Bebe,Alimentos Bebe,Desayuno y Snacks,Snacks,Alta,Snack/fruto seco detectado dentro de categoria Bebe,mover_categoria
1738,Snack Maravilla Tostada Salada 100 g Sembrasol,Bebe,Alimentos Bebe,Desayuno y Snacks,Snacks,Alta,Snack/fruto seco detectado dentro de categoria Bebe,mover_categoria
1739,Energy Mix Almendra Maní Pasas 300 gr Sembrasol,Bebe,Alimentos Bebe,Desayuno y Snacks,Snacks,Alta,Snack/fruto seco detectado dentro de categoria Bebe,mover_categoria
1740,Castañas De Cajú Con Miel 150 g Marco Polo,Bebe,Alimentos Bebe,Desayuno y Snacks,Snacks,Alta,Snack/fruto seco detectado dentro de categoria Bebe,mover_categoria
1741,Maní Con Pasas 350 g Marco Polo,Bebe,Alimentos Bebe,Desayuno y Snacks,Snacks,Alta,Snack/fruto seco detectado dentro de categoria Bebe,mover_categoria
1742,Maní Japonés Kazai Spicy Cheddar 80 g De La Rosa,Bebe,Alimentos Bebe,Desayuno y Snacks,Snacks,Alta,Snack/fruto seco detectado dentro de categoria Bebe,mover_categoria
1743,Maní Japonés Bolsa 200 g De La Rosa,Bebe,Alimentos Bebe,Desayuno y Snacks,Snacks,Alta,Snack/fruto seco detectado dentro de categoria Bebe,mover_categoria
1744,Mani Sin Sal 380 g Evercrisp,Bebe,Alimentos Bebe,Desayuno y Snacks,Snacks,Alta,Snack/fruto seco detectado dentro de categoria Bebe,mover_categoria
1745,Mani Salado 380 g Evercrisp,Bebe,Alimentos Bebe,Desayuno y Snacks,Snacks,Alta,Snack/fruto seco detectado dentro de categoria Bebe,mover_categoria
1754,Maní Tostado Salado 400 g Sembrasol,Bebe,Alimentos Bebe,Desayuno y Snacks,Snacks,Alta,Snack/fruto seco detectado dentro de categoria Bebe,mover_categoria
1755,Maní Tostado Salado 150 g Sembrasol,Bebe,Alimentos Bebe,Desayuno y Snacks,Snacks,Alta,Snack/fruto seco detectado dentro de categoria Bebe,mover_categoria
1756,Maní Japones Merkén 80 g Kazai,Bebe,Alimentos Bebe,Desayuno y Snacks,Snacks,Alta,Snack/fruto seco detectado dentro de categoria Bebe,mover_categoria
1757,Maní Tostado Salado 700 g Lider,Bebe,Alimentos Bebe,Desayuno y Snacks,Snacks,Alta,Snack/fruto seco detectado dentro de categoria Bebe,mover_categoria
1758,Castaña De Cajú Salada 200 g Millantú,Bebe,Alimentos Bebe,Desayuno y Snacks,Snacks,Alta,Snack/fruto seco detectado dentro de categoria Bebe,mover_categoria
1759,Maní Con Merkén Salado 100 g Millantú,Bebe,Alimentos Bebe,Desayuno y Snacks,Snacks,Alta,Snack/fruto seco detectado dentro de categoria Bebe,mover_categoria
1760,Mani Japonés Salado Maniax 200 g Evercrisp,Bebe,Alimentos Bebe,Desayuno y Snacks,Snacks,Alta,Snack/fruto seco detectado dentro de categoria Bebe,mover_categoria
1761,Maní Salado 150 g Marco Polo,Bebe,Alimentos Bebe,Desayuno y Snacks,Snacks,Alta,Snack/fruto seco detectado dentro de categoria Bebe,mover_categoria
1762,Maní Salado 380 g Marco Polo,Bebe,Alimentos Bebe,Desayuno y Snacks,Snacks,Alta,Snack/fruto seco detectado dentro de categoria Bebe,mover_categoria
1763,Maní Sin Sal 380 g Marco Polo,Bebe,Alimentos Bebe,Desayuno y Snacks,Snacks,Alta,Snack/fruto seco detectado dentro de categoria Bebe,mover_categoria
1765,Maní Con Pasas Bolsa 180 g Marco Polo,Bebe,Alimentos Bebe,Desayuno y Snacks,Snacks,Alta,Snack/fruto seco detectado dentro de categoria Bebe,mover_categoria
1766,Snack De Maravilla Pipona Tostada Limón 110 g Sembrasol,Bebe,Alimentos Bebe,Desayuno y Snacks,Snacks,Alta,Snack/fruto seco detectado dentro de categoria Bebe,mover_categoria
1767,Maní Japones Ají Limón 80 gr Kazai,Bebe,Alimentos Bebe,Desayuno y Snacks,Snacks,Alta,Snack/fruto seco detectado dentro de categoria Bebe,mover_categoria
1768,Maní Tostado Salado Y Sazonado 454 g Great Value,Bebe,Alimentos Bebe,Desayuno y Snacks,Snacks,Alta,Snack/fruto seco detectado dentro de categoria Bebe,mover_categoria
1770,Castañas De Cajú 400 g Lider,Bebe,Alimentos Bebe,Desayuno y Snacks,Snacks,Alta,Snack/fruto seco detectado dentro de categoria Bebe,mover_categoria
1771,Snack De Maravilla Pipona Salada Tostada Picante 110 g Sembrasol,Bebe,Alimentos Bebe,Desayuno y Snacks,Snacks,Alta,Snack/fruto seco detectado dentro de categoria Bebe,mover_categoria
1773,"Maní, Pasas Y Almendras 150 g Lider",Bebe,Alimentos Bebe,Desayuno y Snacks,Snacks,Alta,Snack/fruto seco detectado dentro de categoria Bebe,mover_categoria
1774,Castañas De Caju 80 g Lider,Bebe,Alimentos Bebe,Desayuno y Snacks,Snacks,Alta,Snack/fruto seco detectado dentro de categoria Bebe,mover_categoria
1775,Maní Confitado 150 g Lider,Bebe,Alimentos Bebe,Desayuno y Snacks,Snacks,Alta,Snack/fruto seco detectado dentro de categoria Bebe,mover_categoria
1776,Maní Sin Sal 400 g Lider,Bebe,Alimentos Bebe,Desayuno y Snacks,Snacks,Alta,Snack/fruto seco detectado dentro de categoria Bebe,mover_categoria
1777,Mani Confitado 80 g Nuts4Nuts,Bebe,Alimentos Bebe,Desayuno y Snacks,Snacks,Alta,Snack/fruto seco detectado dentro de categoria Bebe,mover_categoria
1778,Maní Japonés 400 g Lider,Bebe,Alimentos Bebe,Desayuno y Snacks,Snacks,Alta,Snack/fruto seco detectado dentro de categoria Bebe,mover_categoria
1779,"Nut Mix 2 Maní, Almendras Y Castañas De Cajú 700 g Marco Polo",Bebe,Alimentos Bebe,Desayuno y Snacks,Snacks,Alta,Snack/fruto seco detectado dentro de categoria Bebe,mover_categoria
1782,Maní Sin Sal 140 g Evercrisp,Bebe,Alimentos Bebe,Desayuno y Snacks,Snacks,Alta,Snack/fruto seco detectado dentro de categoria Bebe,mover_categoria
1784,Jugo Limón 100% Natural Botella 250 ml Traverso,Despensa,Aceite,Bebidas,Jugos,Media,Bebida fuera de Bebidas,revisar_y_mover
1785,Jugo Limón Sutil 100% Natural Botella 250 ml Traverso,Despensa,Aceite,Bebidas,Jugos,Media,Bebida fuera de Bebidas,revisar_y_mover
1878,Alimento Seco Cachorro Carne Y Cereales Bolsa 3 Kg Cannes,Carnes y Pescados,Carnes,Mascotas,Alimento Perros,Alta,Producto de mascotas fuera de Mascotas,mover_categoria
1886,Alimento Húmedo Cachorro Sabor Carne Pouch 85 g Pedigree,Carnes y Pescados,Carnes,Mascotas,Alimento Perros,Alta,Producto de mascotas fuera de Mascotas,mover_categoria
1890,Alimento Seco Cachorro Pollo Y Carne Bolsa 2 Kg Purina One,Carnes y Pescados,Carnes,Mascotas,Alimento Perros,Alta,Producto de mascotas fuera de Mascotas,mover_categoria
1891,Galletas Perro Adulto Sabor Carne Bolsa 500 g Master Dog,Desayuno y Snacks,Snacks,Mascotas,Alimento Perros,Alta,Producto de mascotas fuera de Mascotas,mover_categoria
1895,Alimento Seco Cachorro Raza Mediana/grande Carne Bolsa 3 Kg Champion Dog,Carnes y Pescados,Carnes,Mascotas,Alimento Perros,Alta,Producto de mascotas fuera de Mascotas,mover_categoria
1896,Alimento Seco Cachorro Raza Pequeña Carne Bolsa 3 Kg Champion Dog,Carnes y Pescados,Carnes,Mascotas,Alimento Perros,Alta,Producto de mascotas fuera de Mascotas,mover_categoria
1897,Galletas Perro Adulto Sabor Carne Bolsa 500 g Champion Dog,Desayuno y Snacks,Snacks,Mascotas,Alimento Perros,Alta,Producto de mascotas fuera de Mascotas,mover_categoria
1912,Snack Perro Beef Stick Carne g Vitakraft,Desayuno y Snacks,Snacks,Mascotas,Alimento Perros,Alta,Producto de mascotas fuera de Mascotas,mover_categoria
1932,Alimento Seco Cachorro Carne Bolsa 3 Kg Pedigree,Carnes y Pescados,Carnes,Mascotas,Alimento Perros,Alta,Producto de mascotas fuera de Mascotas,mover_categoria
1934,Snack Salsa Perro Todas Las Edades Sabor Carne Al Jugo Doypack 300 g Master Dog,Desayuno y Snacks,Snacks,Mascotas,Alimento Perros,Alta,Producto de mascotas fuera de Mascotas,mover_categoria
1941,Snack Perro Adulto Rodeo Sabor Carne Bolsa 70 g Pedigree,Desayuno y Snacks,Snacks,Mascotas,Alimento Perros,Alta,Producto de mascotas fuera de Mascotas,mover_categoria
1944,Alimento Seco Cachorro Pollo Y Carne Bolsa 6 Kg Purina One,Carnes y Pescados,Carnes,Mascotas,Alimento Perros,Alta,Producto de mascotas fuera de Mascotas,mover_categoria
1947,Snack Gato Adulto Pellet Tentador Sabor Carne Bolsa 80 g Whiskas,Desayuno y Snacks,Snacks,Mascotas,Alimento Gatos,Alta,Producto de mascotas fuera de Mascotas,mover_categoria
1955,Snack Perro Adulto Rollitos Sabor Carne Bolsa 50 g Master Dog,Desayuno y Snacks,Snacks,Mascotas,Alimento Perros,Alta,Producto de mascotas fuera de Mascotas,mover_categoria
1956,Alimento Húmedo Cachorro Sabor Carne Pouch 100 g Dog Chow,Carnes y Pescados,Carnes,Mascotas,Alimento Perros,Alta,Producto de mascotas fuera de Mascotas,mover_categoria
1960,Alimento Seco Perro Adulto Raza Mediana/grande Carne Y Cereales Bolsa 3 Kg Champion Dog,Carnes y Pescados,Carnes,Mascotas,Alimento Perros,Alta,Producto de mascotas fuera de Mascotas,mover_categoria
1968,Galletas Perro Adulto Raza Pequeña Sabor Carne Bolsa 500 g Master Dog,Desayuno y Snacks,Snacks,Mascotas,Alimento Perros,Alta,Producto de mascotas fuera de Mascotas,mover_categoria
1972,Alimento Seco Cachorro Raza Pequeña Carne Y Pollo Bolsa 3 Kg Dog Chow,Carnes y Pescados,Carnes,Mascotas,Alimento Perros,Alta,Producto de mascotas fuera de Mascotas,mover_categoria
1974,Snack Perro Adulto Seco Buddies Bocadito Sabor Carne Bolsa 75 g Buddy Pet,Desayuno y Snacks,Snacks,Mascotas,Alimento Perros,Alta,Producto de mascotas fuera de Mascotas,mover_categoria
1975,"Snacks Tiritas De Perro Pequeños, Medianos Y Adultos Sabor Carne Bolsa 75 g Buddy Pet",Desayuno y Snacks,Snacks,Mascotas,Alimento Perros,Alta,Producto de mascotas fuera de Mascotas,mover_categoria
1984,"Alimento Seco Cachorro Raza Pequeña Sabor Pollo Bolsa 2,5 Kg Animal Planet",Carnes y Pescados,Aves,Mascotas,Alimento Perros,Alta,Producto de mascotas fuera de Mascotas,mover_categoria
1989,"Alimento Seco Cachorro Raza Mediana/grande Sabor Pollo Bolsa 2,5 Kg Animal Planet",Carnes y Pescados,Aves,Mascotas,Alimento Perros,Alta,Producto de mascotas fuera de Mascotas,mover_categoria
2020,"Juguete Para Gato Plush Catnip, Producto Surtido 1 Un Buddy Pet",Carnes y Pescados,Aves,Mascotas,Alimento Gatos,Alta,Producto de mascotas fuera de Mascotas,mover_categoria
2021,"Juguete Para Gato Plush Colores, Producto Surtido 1 Un Buddy Pet",Carnes y Pescados,Aves,Mascotas,Alimento Gatos,Alta,Producto de mascotas fuera de Mascotas,mover_categoria
2024,"Juguete Para Gato Túnel Plegable, Producto Surtido 1 Un Buddy Pet",Carnes y Pescados,Aves,Mascotas,Alimento Gatos,Alta,Producto de mascotas fuera de Mascotas,mover_categoria
2025,"Plato Para Gato Diseños Tamaño S, Producto Surtido 1 Un Buddy Pet",Carnes y Pescados,Aves,Mascotas,Alimento Gatos,Alta,Producto de mascotas fuera de Mascotas,mover_categoria
2026,"Pala Para Arena Sanitaria De Gato, Producto Surtido 1 Un Buddy Pet",Carnes y Pescados,Aves,Mascotas,Alimento Gatos,Alta,Producto de mascotas fuera de Mascotas,mover_categoria
2037,Pasta Dental Aquafresh Advanced Cavity 2x158g Pack,Carnes y Pescados,Cecinas,Higiene Personal,Cuidado Bucal,Alta,Producto de higiene personal fuera de Higiene Personal,mover_categoria
2040,Pasta Dental Aquafresh Niños Advance Kids 9-12 Años,Carnes y Pescados,Cecinas,Higiene Personal,Cuidado Bucal,Alta,Producto de higiene personal fuera de Higiene Personal,mover_categoria
2041,Pasta Dental Aquafresh Niños Advance Kids 9-12 Años Pack,Carnes y Pescados,Cecinas,Higiene Personal,Cuidado Bucal,Alta,Producto de higiene personal fuera de Higiene Personal,mover_categoria
2129,Choritos Con Concha En Salsa De Vino 500 g Lider,Despensa,Salsas,Bebidas,Vinos,Media,Bebida fuera de Bebidas,revisar_y_mover
2437,Helado Cono Mini Nogatonga Caja 5 Un x 80 ml Danky,Congelados,Congelados,Mascotas,Alimento Gatos,Alta,Producto de mascotas fuera de Mascotas,mover_categoria
2508,Bebida De Arroz Sabor Chocolate 200 ml Vilay,Bebe,Alimentos Bebe,Bebidas,Bebidas,Alta,Bebida detectada dentro de categoria Bebe,mover_categoria
2596,Agua Micelar En Aceite/óleo 100 ml Garnier Skin Active,Despensa,Aceite,Higiene Personal,Cuidado Facial,Alta,Producto de higiene personal fuera de Higiene Personal,mover_categoria
2602,Acondicionador Para Perro Hidratante Con Aceite De Coco Botella 300 ml Buddy Pet,Despensa,Aceite,Mascotas,Alimento Perros,Alta,Producto de mascotas fuera de Mascotas,mover_categoria
2603,Desodorante Ambiental Eléctrico Aceite Natural Naranja Y Orquideas Botella 21 ml Glade,Despensa,Aceite,Higiene Personal,Desodorantes,Alta,Producto de higiene personal fuera de Higiene Personal,mover_categoria
2604,Desodorante Ambiental Eléctrico Kit Aceite Encanto De Vainilla Blister 21 ml Glade,Despensa,Aceite,Higiene Personal,Desodorantes,Alta,Producto de higiene personal fuera de Higiene Personal,mover_categoria
2609,Acondicionador Revlon Aceite Con Argan,Despensa,Aceite,Higiene Personal,Acondicionador,Alta,Producto de higiene personal fuera de Higiene Personal,mover_categoria
2615,Desodorante Ambiental Kit Repuesto Eléctrico Aceite Vainilla Blister 3 Un Air Wick,Despensa,Aceite,Higiene Personal,Desodorantes,Alta,Producto de higiene personal fuera de Higiene Personal,mover_categoria
2619,Desodorante Ambiental Eléctrico Repuesto Aceite Natural Manzana Canela Blister 2 Un x 21 ml c/u Glade,Despensa,Aceite,Higiene Personal,Desodorantes,Alta,Producto de higiene personal fuera de Higiene Personal,mover_categoria
2620,Acondicionador Herbal Essences Antifrizz Lavanda Y Aceite De Almendras,Despensa,Aceite,Higiene Personal,Acondicionador,Alta,Producto de higiene personal fuera de Higiene Personal,mover_categoria
2628,Desodorante Ambiental Repuesto Eléctrico Aceite Vainilla Blister 21 ml Air Wick,Despensa,Aceite,Higiene Personal,Desodorantes,Alta,Producto de higiene personal fuera de Higiene Personal,mover_categoria
2633,Desodorante Ambiental Eléctrico Kit Aceite Natural Manzana Canela Blister 21 ml Glade,Despensa,Aceite,Higiene Personal,Desodorantes,Alta,Producto de higiene personal fuera de Higiene Personal,mover_categoria
2638,Desodorante Ambiental Eléctrico Aceite Manzana - Canela Blister 3 Un Air Wick,Despensa,Aceite,Higiene Personal,Desodorantes,Alta,Producto de higiene personal fuera de Higiene Personal,mover_categoria
2679,Desodorante Ambiental Kit Repuesto Eléctrico Aceite Country Berries Blister 3 Un Air Wick,Despensa,Aceite,Higiene Personal,Desodorantes,Alta,Producto de higiene personal fuera de Higiene Personal,mover_categoria
2698,Vinagre De Vino Blanco Bidón 5 L Lider,Despensa,Aceite,Bebidas,Vinos,Media,Bebida fuera de Bebidas,revisar_y_mover
2714,Desodorante Ambiental Eléctrico Repuesto Aceite Encanto De Vainilla Blister 2 Un x 21 ml c/u Glade,Despensa,Aceite,Higiene Personal,Desodorantes,Alta,Producto de higiene personal fuera de Higiene Personal,mover_categoria
2747,Desodorante Ambiental Kit Repuesto Eléctrico Aceite Manzana - Canela - Vainilla - Counrty Berries Blister 3 Un Air Wick,Despensa,Aceite,Higiene Personal,Desodorantes,Alta,Producto de higiene personal fuera de Higiene Personal,mover_categoria
2808,Vinagre De Vino Rosado Botella 500 ml Lider,Despensa,Aceite,Bebidas,Vinos,Media,Bebida fuera de Bebidas,revisar_y_mover
2809,Vinagre De Vino Rosado Bidón 5 L Lider,Despensa,Aceite,Bebidas,Vinos,Media,Bebida fuera de Bebidas,revisar_y_mover
2823,Vinagre De Vino Blanco Botella 500 ml Traverso,Despensa,Aceite,Bebidas,Vinos,Media,Bebida fuera de Bebidas,revisar_y_mover
2824,Vinagre De Vino Rosado Botella 500 cc Traverso,Despensa,Aceite,Bebidas,Vinos,Media,Bebida fuera de Bebidas,revisar_y_mover
2834,Sucedáneo Con 60% De Jugo De Limón Botella 320 ml Traverso,Despensa,Aceite,Bebidas,Jugos,Media,Bebida fuera de Bebidas,revisar_y_mover
2839,Sucedáneo De Jugo De Limón 1 L Lider,Despensa,Aceite,Bebidas,Jugos,Media,Bebida fuera de Bebidas,revisar_y_mover
2843,Vinagre De Vino Rosado Botella 500 cc Casta de Peteroa,Despensa,Aceite,Bebidas,Vinos,Media,Bebida fuera de Bebidas,revisar_y_mover
2844,Vinagre De Vino Blanco Botella 500 cc Casta de Peteroa,Despensa,Aceite,Bebidas,Vinos,Media,Bebida fuera de Bebidas,revisar_y_mover
2847,Vinagre De Vino Rosado Botella 1 L Lider,Despensa,Aceite,Bebidas,Vinos,Media,Bebida fuera de Bebidas,revisar_y_mover
2848,Vinagre De Vino Blanco Botella 500 ml Lider,Despensa,Aceite,Bebidas,Vinos,Media,Bebida fuera de Bebidas,revisar_y_mover
2849,Vinagre De Vino Blanco Botella 1 L Lider,Despensa,Aceite,Bebidas,Vinos,Media,Bebida fuera de Bebidas,revisar_y_mover
2853,Vinagre De Vino Blanco Botella 1 L Traverso,Despensa,Aceite,Bebidas,Vinos,Media,Bebida fuera de Bebidas,revisar_y_mover
2862,Crema Pzzo Skin Care Colágeno Tratamiento Antiedad Y Firmeza + Tónico Pack,Despensa,Aceite,Higiene Personal,Cuidado Facial,Alta,Producto de higiene personal fuera de Higiene Personal,mover_categoria
2880,Desodorante Ambiental Aerosol Aceites Naturales Tropical Floral Repuesto Doypack 2 Un x 21 ml c/u Glade,Despensa,Aceite,Higiene Personal,Desodorantes,Alta,Producto de higiene personal fuera de Higiene Personal,mover_categoria
2884,Jabón En Barra Equate Aceites Esenciales,Despensa,Aceite,Higiene Personal,Jabon,Alta,Producto de higiene personal fuera de Higiene Personal,mover_categoria
2896,Crema Facial Hidrata Protege 1 Un Mustela,Bebe,Alimentos Bebe,Higiene Personal,Cuidado Facial,Alta,Producto de higiene personal fuera de Higiene Personal,mover_categoria
2916,Desodorante Aerosol Dove Granada Mujer,Despensa,Aceite,Higiene Personal,Desodorantes,Alta,Producto de higiene personal fuera de Higiene Personal,mover_categoria
2937,Desodorante Ambiental Eléctrico Repuesto Aceites Naturales Manzana Y Canela Blister 3 Un x 21 ml c/u Glade,Despensa,Aceite,Higiene Personal,Desodorantes,Alta,Producto de higiene personal fuera de Higiene Personal,mover_categoria
3108,Arena Para Gatos Arena Sanitaria Aglutinante Café Café 2 kg Buddy Pet,Despensa,Cafe,Mascotas,Alimento Gatos,Alta,Producto de mascotas fuera de Mascotas,mover_categoria
3109,Bebida A Base De Cebada Ecco Instantáneo Tarro,Bebe,Alimentos Bebe,Bebidas,Bebidas,Alta,Bebida detectada dentro de categoria Bebe,mover_categoria
3111,Bebida Natural Tarro 170 gr Coronado,Bebe,Alimentos Bebe,Bebidas,Bebidas,Alta,Bebida detectada dentro de categoria Bebe,mover_categoria
3279,Arena Sanitaria Para Gato Aglutinante Con Aroma A Café Bolsa 10 kg Stay Happy,Despensa,Cafe,Mascotas,Alimento Gatos,Alta,Producto de mascotas fuera de Mascotas,mover_categoria
3282,Arena Sanitaria Para Gato Aglutinante Con Aroma A Café Bolsa 4 kg Buddy Pet,Despensa,Cafe,Mascotas,Alimento Gatos,Alta,Producto de mascotas fuera de Mascotas,mover_categoria
3332,Mermelada Frambuesa Stevia Tagatosa 230 g Stevsweet,Desayuno y Snacks,Mermeladas,Mascotas,Alimento Gatos,Alta,Producto de mascotas fuera de Mascotas,mover_categoria
3354,Bebida Ginger Ale Sin Azúcar Pack Lata 6 Un Schweppes,Bebe,Alimentos Bebe,Bebidas,Bebidas,Alta,Bebida detectada dentro de categoria Bebe,mover_categoria
3355,Bebida Frambuesa Sin Azúcar Añadida Botella 500 Kombuchacha,Bebe,Alimentos Bebe,Bebidas,Jugos,Alta,Bebida detectada dentro de categoria Bebe,mover_categoria
3362,Bebida Limón Sin Azúcar Botella Retornable 2 L Sprite,Bebe,Alimentos Bebe,Bebidas,Bebidas,Alta,Bebida detectada dentro de categoria Bebe,mover_categoria
3365,Bebida Sin Azúcar Pack Lata 6 Un Coca-Cola,Bebe,Alimentos Bebe,Bebidas,Bebidas,Alta,Bebida detectada dentro de categoria Bebe,mover_categoria
3366,"Néctar Durazno Sin Azúcar Botella 1,5 L Watts",Bebe,Alimentos Bebe,Bebidas,Jugos,Alta,Bebida detectada dentro de categoria Bebe,mover_categoria
3373,Bebida Coco Sin Azúcar Botella 1 L Amane,Bebe,Alimentos Bebe,Bebidas,Bebidas,Alta,Bebida detectada dentro de categoria Bebe,mover_categoria
3377,"Bebida Naranja Sin Azúcar Botella 1,5 L Fanta",Bebe,Alimentos Bebe,Bebidas,Bebidas,Alta,Bebida detectada dentro de categoria Bebe,mover_categoria
3380,"Bebida Sin Azúcar Botella 1,5 L Coca-Cola",Bebe,Alimentos Bebe,Bebidas,Bebidas,Alta,Bebida detectada dentro de categoria Bebe,mover_categoria
3381,"Bebida Sin Azúcar Botella 2,5 L Coca-Cola",Bebe,Alimentos Bebe,Bebidas,Bebidas,Alta,Bebida detectada dentro de categoria Bebe,mover_categoria
3382,Bebida Energética Sin Azúcar Lata 473 ml Red Bull,Bebe,Alimentos Bebe,Bebidas,Bebidas Energeticas,Alta,Bebida detectada dentro de categoria Bebe,mover_categoria
3392,Bebida Energética Zero Azúcar Lata 250 ml Red Bull,Bebe,Alimentos Bebe,Bebidas,Bebidas Energeticas,Alta,Bebida detectada dentro de categoria Bebe,mover_categoria
3393,Bebida Sin Azúcar Con Whisky 7° Lata 350 ml Jack Daniel's,Bebe,Alimentos Bebe,Bebidas,Bebidas,Alta,Bebida detectada dentro de categoria Bebe,mover_categoria
3394,"Bebida Ginger Ale Sin Azúcar Botella 1,5 L Schweppes",Bebe,Alimentos Bebe,Bebidas,Bebidas,Alta,Bebida detectada dentro de categoria Bebe,mover_categoria
3399,Bebida Naranja Sin Azúcar Botella 591 ml Fanta,Bebe,Alimentos Bebe,Bebidas,Bebidas,Alta,Bebida detectada dentro de categoria Bebe,mover_categoria
3401,Bebida Sin Azúcar Botella Retornable 3 L Coca-Cola,Bebe,Alimentos Bebe,Bebidas,Bebidas,Alta,Bebida detectada dentro de categoria Bebe,mover_categoria
3402,Bebida Sin Azúcar Botella Retornable 2 L Coca-Cola,Bebe,Alimentos Bebe,Bebidas,Bebidas,Alta,Bebida detectada dentro de categoria Bebe,mover_categoria
3408,Jugo En Polvo Libre De Azúcar Durazno Huesillo 8g Sobre Vivo,Bebe,Alimentos Bebe,Bebidas,Jugos,Alta,Bebida detectada dentro de categoria Bebe,mover_categoria
3413,Bebida Energética Ultra Sin Azúcar Lata 473 ml Monster,Bebe,Alimentos Bebe,Bebidas,Bebidas Energeticas,Alta,Bebida detectada dentro de categoria Bebe,mover_categoria
3414,"Bebida Limón Sin Azúcar Botella 1,5 L Sprite",Bebe,Alimentos Bebe,Bebidas,Bebidas,Alta,Bebida detectada dentro de categoria Bebe,mover_categoria
3415,Bebida Sin Azúcar Botella 3 L Coca-Cola,Bebe,Alimentos Bebe,Bebidas,Bebidas,Alta,Bebida detectada dentro de categoria Bebe,mover_categoria
3419,Bebida Frambuesa Sin Azúcar Añadida Lata 355 Kombuchacha,Bebe,Alimentos Bebe,Bebidas,Jugos,Alta,Bebida detectada dentro de categoria Bebe,mover_categoria
3423,Jugo En Polvo Libre De Azúcar Sabor Frutilla Sobre 7 g Livean,Bebe,Alimentos Bebe,Bebidas,Jugos,Alta,Bebida detectada dentro de categoria Bebe,mover_categoria
3424,Néctar Multi-frutilla 0% Azúcar Añadida Caja 200 ml Del Valle,Despensa,Azucar,Bebidas,Jugos,Media,Bebida fuera de Bebidas,revisar_y_mover
3428,Bebida Botella Sin Azúcar 2.5 L Sprite,Bebe,Alimentos Bebe,Bebidas,Bebidas,Alta,Bebida detectada dentro de categoria Bebe,mover_categoria
3429,"Néctar Tutifrutilla Light 0% Azúcar Añadida Botella 1,5 L Watts",Bebe,Alimentos Bebe,Bebidas,Jugos,Alta,Bebida detectada dentro de categoria Bebe,mover_categoria
3430,"Néctar Naranja Light 0% Azúcar Añadida Botella 1,5 L Watts",Bebe,Alimentos Bebe,Bebidas,Jugos,Alta,Bebida detectada dentro de categoria Bebe,mover_categoria
3431,"Bebida Sin Azúcar Botella 1,5 L Inca Kola",Bebe,Alimentos Bebe,Bebidas,Bebidas,Alta,Bebida detectada dentro de categoria Bebe,mover_categoria
3433,Bebida Energética Sin Azúcar Lata 250 ml Red Bull,Bebe,Alimentos Bebe,Bebidas,Bebidas Energeticas,Alta,Bebida detectada dentro de categoria Bebe,mover_categoria
3441,Néctar De Maracuyá 0% Azúcar Añadida Botella 1.5 L Watts,Bebe,Alimentos Bebe,Bebidas,Jugos,Alta,Bebida detectada dentro de categoria Bebe,mover_categoria
3442,Jugo En Polvo Libre De Azúcar Sabor Naranja 7 G Sobre 1 Un Livean,Bebe,Alimentos Bebe,Bebidas,Jugos,Alta,Bebida detectada dentro de categoria Bebe,mover_categoria
3443,Jugo En Polvo Libre De Azúcar Manzana Verde 7g Sobre 1 Un Livean,Bebe,Alimentos Bebe,Bebidas,Jugos,Alta,Bebida detectada dentro de categoria Bebe,mover_categoria
3444,Jugo En Polvo Libre De Azúcar Pera De Agua 7g Sobre 1 Un Livean,Bebe,Alimentos Bebe,Bebidas,Aguas,Alta,Bebida detectada dentro de categoria Bebe,mover_categoria
3445,Jugo En Polvo Libre De Azúcar Sabor Papaya 7g Sobre 1 Un Livean,Bebe,Alimentos Bebe,Bebidas,Jugos,Alta,Bebida detectada dentro de categoria Bebe,mover_categoria
3448,Bebida Energética Ultra Paradise Sin Azúcar Lata 473 ml Monster,Bebe,Alimentos Bebe,Bebidas,Bebidas Energeticas,Alta,Bebida detectada dentro de categoria Bebe,mover_categoria
3449,"Bebida Energética Xtreme Sin Azúcar Botella 1,5 L Kem",Bebe,Alimentos Bebe,Bebidas,Bebidas Energeticas,Alta,Bebida detectada dentro de categoria Bebe,mover_categoria
3450,Bebida Energética Sin Azúcar Pack 4 Latas 250 ml Red Bull,Bebe,Alimentos Bebe,Bebidas,Bebidas Energeticas,Alta,Bebida detectada dentro de categoria Bebe,mover_categoria
3451,Néctar De Piña Light 0% Azúcar Añadida Botella 1500 cc Watts,Bebe,Alimentos Bebe,Bebidas,Jugos,Alta,Bebida detectada dentro de categoria Bebe,mover_categoria
3453,Bebida Botella Sin Azúcar 591 ml Coca-Cola,Bebe,Alimentos Bebe,Bebidas,Bebidas,Alta,Bebida detectada dentro de categoria Bebe,mover_categoria
3454,Bebida Sin Azúcar Botella 2 L Coca-Cola,Bebe,Alimentos Bebe,Bebidas,Bebidas,Alta,Bebida detectada dentro de categoria Bebe,mover_categoria
3457,Bebida Limón Sin Azúcar Botella 3 L Seven Up,Bebe,Alimentos Bebe,Bebidas,Bebidas,Alta,Bebida detectada dentro de categoria Bebe,mover_categoria
3460,Jugo En Polvo Libre De Azúcar Lima Limón Sobre 8 g Vivo,Bebe,Alimentos Bebe,Bebidas,Jugos,Alta,Bebida detectada dentro de categoria Bebe,mover_categoria
3461,Jugo En Polvo Libre De Azúcar Sabor Papaya Sobre 8 g Vivo,Bebe,Alimentos Bebe,Bebidas,Jugos,Alta,Bebida detectada dentro de categoria Bebe,mover_categoria
3462,Jugo En Polvo Libre De Azúcar Pera De Agua Sobre 8 g Vivo,Bebe,Alimentos Bebe,Bebidas,Aguas,Alta,Bebida detectada dentro de categoria Bebe,mover_categoria
3463,Jugo En Polvo Libre De Azúcar Sabor Mango Sobre 7 g Livean,Bebe,Alimentos Bebe,Bebidas,Jugos,Alta,Bebida detectada dentro de categoria Bebe,mover_categoria
3464,Jugo En Polvo Libre De Azúcar Sabor Berries Sobre 7 g Livean,Bebe,Alimentos Bebe,Bebidas,Jugos,Alta,Bebida detectada dentro de categoria Bebe,mover_categoria
3465,Jugo En Polvo Libre De Azúcar Sabor Melón Tuna Sobre 1 Un Livean,Bebe,Alimentos Bebe,Bebidas,Jugos,Alta,Bebida detectada dentro de categoria Bebe,mover_categoria
3468,Jugo En Polvo Libre De Azúcar Sabor Durazno 7 G Sobre 1 Un Livean,Bebe,Alimentos Bebe,Bebidas,Jugos,Alta,Bebida detectada dentro de categoria Bebe,mover_categoria
3469,Jugo En Polvo Libre De Azúcar Sabor Piña 7 G Sobre 1 Un Livean,Bebe,Alimentos Bebe,Bebidas,Jugos,Alta,Bebida detectada dentro de categoria Bebe,mover_categoria
3470,Jugo En Polvo Libre De Azúcar Sabor Limonada 7 G Sobre 1 Un Livean,Bebe,Alimentos Bebe,Bebidas,Jugos,Alta,Bebida detectada dentro de categoria Bebe,mover_categoria
3471,Bebida Energética Sin Azúcar Lata 355 ml Red Bull,Bebe,Alimentos Bebe,Bebidas,Bebidas Energeticas,Alta,Bebida detectada dentro de categoria Bebe,mover_categoria
3473,Jugo En Polvo Libre De Azúcar Sabor Granada Sobre 7 g Vivo,Bebe,Alimentos Bebe,Bebidas,Jugos,Alta,Bebida detectada dentro de categoria Bebe,mover_categoria
3474,"Néctar Multi-frutilla 0% Azúcar Añadida Botella 1,75 L Del Valle",Bebe,Alimentos Bebe,Bebidas,Jugos,Alta,Bebida detectada dentro de categoria Bebe,mover_categoria
3598,"Galletas Saladas Snack Multigrano Caja Quínoas, Pimienta Y Sal De Mar Selección",Bebe,Alimentos Bebe,Desayuno y Snacks,Snacks,Alta,Snack/fruto seco detectado dentro de categoria Bebe,mover_categoria
3647,Galletas Saladas Snack 6 Un Bolsa 137 g Crackelet,Bebe,Alimentos Bebe,Desayuno y Snacks,Snacks,Alta,Snack/fruto seco detectado dentro de categoria Bebe,mover_categoria
3699,Papas Fritas Sal De Mar 140 g Flip,Bebe,Alimentos Bebe,Desayuno y Snacks,Snacks,Alta,Snack/fruto seco detectado dentro de categoria Bebe,mover_categoria
3706,Acondicionador Pantene Sin Sal Con Keratina Pro Vitamina B5,Despensa,Salsas,Higiene Personal,Acondicionador,Alta,Producto de higiene personal fuera de Higiene Personal,mover_categoria
3711,Papas Fritas Mix Sal De Mar 135 g Tika,Bebe,Alimentos Bebe,Desayuno y Snacks,Snacks,Alta,Snack/fruto seco detectado dentro de categoria Bebe,mover_categoria
3713,Papas Fritas Corte Liso Sal Himalaya 200 g Wania,Bebe,Alimentos Bebe,Desayuno y Snacks,Snacks,Alta,Snack/fruto seco detectado dentro de categoria Bebe,mover_categoria
3714,Acondicionador Familand Arándano Uvaterapia Sin Sal Botella,Despensa,Salsas,Higiene Personal,Acondicionador,Alta,Producto de higiene personal fuera de Higiene Personal,mover_categoria
3717,Papas Fritas Rústicas Sal De Mar 380 g Marco Polo,Bebe,Alimentos Bebe,Desayuno y Snacks,Snacks,Alta,Snack/fruto seco detectado dentro de categoria Bebe,mover_categoria
3721,Papas Fritas Chiloé Sal Himalaya 140 g Wania,Bebe,Alimentos Bebe,Desayuno y Snacks,Snacks,Alta,Snack/fruto seco detectado dentro de categoria Bebe,mover_categoria
3723,Papas Fritas Nativas Sal De Mar 150 g Tika,Bebe,Alimentos Bebe,Desayuno y Snacks,Snacks,Alta,Snack/fruto seco detectado dentro de categoria Bebe,mover_categoria
3725,Papas Fritas Tarro Wavy Sal De Mar 110 g Kryzpo,Bebe,Alimentos Bebe,Desayuno y Snacks,Snacks,Alta,Snack/fruto seco detectado dentro de categoria Bebe,mover_categoria
3756,Papas Fritas Rústicas Sal De Mar 185 g Marco Polo,Bebe,Alimentos Bebe,Desayuno y Snacks,Snacks,Alta,Snack/fruto seco detectado dentro de categoria Bebe,mover_categoria
4144,Snack Detodito Dulce 220 g Evercrisp,Bebe,Alimentos Bebe,Desayuno y Snacks,Snacks,Alta,Snack/fruto seco detectado dentro de categoria Bebe,mover_categoria
4146,Snacks Húmedo Gato Sabor Maguro Y Vieras 48 g Temptations,Desayuno y Snacks,Snacks,Mascotas,Alimento Gatos,Alta,Producto de mascotas fuera de Mascotas,mover_categoria
4147,Snack Gato Cremoso Sabor Atún Bolsa g Cats Snack,Desayuno y Snacks,Snacks,Mascotas,Alimento Gatos,Alta,Producto de mascotas fuera de Mascotas,mover_categoria
4148,Snack Gato Cremoso Sabor Camarón Bolsa 60 g Cats Snack,Desayuno y Snacks,Snacks,Mascotas,Alimento Gatos,Alta,Producto de mascotas fuera de Mascotas,mover_categoria
4149,Snack Gato Cremoso Sabor Cangrejo Bolsa 60 g Cats Snack,Desayuno y Snacks,Snacks,Mascotas,Alimento Gatos,Alta,Producto de mascotas fuera de Mascotas,mover_categoria
4150,Galleta Rellena Gato Sabor Salmónn Con Pollo Caja g Cats Snack,Desayuno y Snacks,Snacks,Mascotas,Alimento Gatos,Alta,Producto de mascotas fuera de Mascotas,mover_categoria
4151,Galleta Rellena Gato Sabor Atún Con Queso 80 g Cats Snack,Desayuno y Snacks,Snacks,Mascotas,Alimento Gatos,Alta,Producto de mascotas fuera de Mascotas,mover_categoria
4152,Snack Perro Beef Stick Venado g Vitakraft,Desayuno y Snacks,Snacks,Mascotas,Alimento Perros,Alta,Producto de mascotas fuera de Mascotas,mover_categoria
4153,Snack Perro Beef Stick Pavo G Vitakraft,Desayuno y Snacks,Snacks,Mascotas,Alimento Perros,Alta,Producto de mascotas fuera de Mascotas,mover_categoria
4154,Snack Gato Catstick Pollo Hierbagatera g Vitakraft,Desayuno y Snacks,Snacks,Mascotas,Alimento Gatos,Alta,Producto de mascotas fuera de Mascotas,mover_categoria
4155,Snack Perro Beef Stick Rustico g Vitakraft,Desayuno y Snacks,Snacks,Mascotas,Alimento Perros,Alta,Producto de mascotas fuera de Mascotas,mover_categoria
4156,Snack Para Perro Sabor Pato Loops 60 g Goofy,Desayuno y Snacks,Snacks,Mascotas,Alimento Perros,Alta,Producto de mascotas fuera de Mascotas,mover_categoria
4157,Snack Perro Adulto Dentastix Raza Mediana Bolsa 3 Un Pedigree,Desayuno y Snacks,Snacks,Mascotas,Alimento Perros,Alta,Producto de mascotas fuera de Mascotas,mover_categoria
4159,Snack Gato Líquido Mix Pollo Caja 360 g Naturalistic,Desayuno y Snacks,Snacks,Mascotas,Alimento Gatos,Alta,Producto de mascotas fuera de Mascotas,mover_categoria
4160,Snack Perro Adulto Dentastix Raza Pequeña Bolsa 7 Un Pedigree,Desayuno y Snacks,Snacks,Mascotas,Alimento Perros,Alta,Producto de mascotas fuera de Mascotas,mover_categoria
4161,Snack Gato Adulto Pellet Sabroso Sabor Pollo Bolsa 80 g Whiskas,Desayuno y Snacks,Snacks,Mascotas,Alimento Gatos,Alta,Producto de mascotas fuera de Mascotas,mover_categoria
4162,Snack Gato Adulto Pellet Delicioso Sabor Salmón Bolsa 80 g Whiskas,Desayuno y Snacks,Snacks,Mascotas,Alimento Gatos,Alta,Producto de mascotas fuera de Mascotas,mover_categoria
4163,Snack Perro Adulto Seco Charqui De Pollo Bolsa 400 g Buddy Pet,Desayuno y Snacks,Snacks,Mascotas,Alimento Perros,Alta,Producto de mascotas fuera de Mascotas,mover_categoria
4164,Snack Perro Adulto Seco Trozos De Salmón Bolsa 100 g Buddy Pet,Desayuno y Snacks,Snacks,Mascotas,Alimento Perros,Alta,Producto de mascotas fuera de Mascotas,mover_categoria
4165,Snack Perro Adulto Doguitos Tira De Asado Bolsa 65 g Purina One,Desayuno y Snacks,Snacks,Mascotas,Alimento Perros,Alta,Producto de mascotas fuera de Mascotas,mover_categoria
4166,Snack Perro Adulto Trocitos Camote Envueltos En Pollo Bolsa 100 g Buddy Pet,Desayuno y Snacks,Snacks,Mascotas,Alimento Perros,Alta,Producto de mascotas fuera de Mascotas,mover_categoria
4167,Snack Perro Adulto Trutros De Pato Con Huesitos De Calcio Bolsa 100 g Buddy Pet,Desayuno y Snacks,Snacks,Mascotas,Alimento Perros,Alta,Producto de mascotas fuera de Mascotas,mover_categoria
4168,"Snack Perro Adulto Brochetas Triple Sabor Pollo, Pato Y Vacuno Bolsa 18 Un Buddy Pet",Desayuno y Snacks,Snacks,Mascotas,Alimento Perros,Alta,Producto de mascotas fuera de Mascotas,mover_categoria
4169,Snack Perro Adulto Sticks Cuero Vacuno Con Giros Pollo Bolsa 100 g Buddy Pet,Desayuno y Snacks,Snacks,Mascotas,Alimento Perros,Alta,Producto de mascotas fuera de Mascotas,mover_categoria
4170,"Snack Perro Adulto Brochetas Triple Sabor Pollo, Pato Y Vacuno Bolsa 6 Un Buddy Pet",Desayuno y Snacks,Snacks,Mascotas,Alimento Perros,Alta,Producto de mascotas fuera de Mascotas,mover_categoria
4171,Galleta Rellena Gato Sabor Atún Con Pollo g Cats Snack,Desayuno y Snacks,Snacks,Mascotas,Alimento Gatos,Alta,Producto de mascotas fuera de Mascotas,mover_categoria
4173,Galleta Gato Con Catnip Sabor Salmónn Hierba Gatera Caja g ml Cats Snack,Desayuno y Snacks,Snacks,Mascotas,Alimento Gatos,Alta,Producto de mascotas fuera de Mascotas,mover_categoria
4174,Snack Para Perro De Entrenamiento 70 g Goofy,Desayuno y Snacks,Snacks,Mascotas,Alimento Perros,Alta,Producto de mascotas fuera de Mascotas,mover_categoria
4175,Snack Gato Catstick Salmón g Vitakraft,Desayuno y Snacks,Snacks,Mascotas,Alimento Gatos,Alta,Producto de mascotas fuera de Mascotas,mover_categoria
4176,Snack Perro Boony Bits Bolsa g Vitakraft,Desayuno y Snacks,Snacks,Mascotas,Alimento Perros,Alta,Producto de mascotas fuera de Mascotas,mover_categoria
4177,Snack Gato Catstick Conejo Y Pato g Vitakraft,Desayuno y Snacks,Snacks,Mascotas,Alimento Gatos,Alta,Producto de mascotas fuera de Mascotas,mover_categoria
4178,Snack Gato Líquido Sabor Pollo Bolsa g Un Naturalistic,Desayuno y Snacks,Snacks,Mascotas,Alimento Gatos,Alta,Producto de mascotas fuera de Mascotas,mover_categoria
4179,Snack Perro Adulto Dentastix Raza Grande Bolsa 7 Un Pedigree,Desayuno y Snacks,Snacks,Mascotas,Alimento Perros,Alta,Producto de mascotas fuera de Mascotas,mover_categoria
4180,Snack Gato Líquido Sabor Atún Bolsa g g Naturalistic,Desayuno y Snacks,Snacks,Mascotas,Alimento Gatos,Alta,Producto de mascotas fuera de Mascotas,mover_categoria
4181,Snack Gato Líquido Salmón Atún Bolsa g g Naturalistic,Desayuno y Snacks,Snacks,Mascotas,Alimento Gatos,Alta,Producto de mascotas fuera de Mascotas,mover_categoria
4182,Snack Gato Líquido Variedades Caja 360 g Naturalistic,Desayuno y Snacks,Snacks,Mascotas,Alimento Gatos,Alta,Producto de mascotas fuera de Mascotas,mover_categoria
4183,Snack Perro Adulto Dentastix Raza Pequeña Bolsa 3 Un Pedigree,Desayuno y Snacks,Snacks,Mascotas,Alimento Perros,Alta,Producto de mascotas fuera de Mascotas,mover_categoria
4184,Snack Perro Adulto Dentastix Raza Mediana Bolsa 7 Un Pedigree,Desayuno y Snacks,Snacks,Mascotas,Alimento Perros,Alta,Producto de mascotas fuera de Mascotas,mover_categoria
4185,Snack Para Perro Mix Aperitivo Bolsa 300 g Stay Happy,Desayuno y Snacks,Snacks,Mascotas,Alimento Perros,Alta,Producto de mascotas fuera de Mascotas,mover_categoria
4186,Snack Perro Adulto Rodeo Sabor Pollo Bolsa 70 g Pedigree,Desayuno y Snacks,Snacks,Mascotas,Alimento Perros,Alta,Producto de mascotas fuera de Mascotas,mover_categoria
4187,Snack Gato Adulto Dental Sabor Pollo Bolsa 40 g Dentalife,Desayuno y Snacks,Snacks,Mascotas,Alimento Gatos,Alta,Producto de mascotas fuera de Mascotas,mover_categoria
4190,Papas Fritas Lay's Corte Liso,Bebe,Alimentos Bebe,Desayuno y Snacks,Snacks,Alta,Snack/fruto seco detectado dentro de categoria Bebe,mover_categoria
4191,Puri Crunchy Mani 25 Gr,Bebe,Alimentos Bebe,Desayuno y Snacks,Snacks,Alta,Snack/fruto seco detectado dentro de categoria Bebe,mover_categoria
4193,Snack Gato Catnip Grain Free 60 g Stay Happy,Desayuno y Snacks,Snacks,Mascotas,Alimento Gatos,Alta,Producto de mascotas fuera de Mascotas,mover_categoria
4195,Papas Fritas Ketchup 36 g Marco Polo,Bebe,Alimentos Bebe,Desayuno y Snacks,Snacks,Alta,Snack/fruto seco detectado dentro de categoria Bebe,mover_categoria
4196,Popcorn Sabor Queso 40 g Purisnacks,Bebe,Alimentos Bebe,Desayuno y Snacks,Snacks,Alta,Snack/fruto seco detectado dentro de categoria Bebe,mover_categoria
4198,Papas Fritas Lay's Sabor Ketchup 170 g Lays,Bebe,Alimentos Bebe,Desayuno y Snacks,Snacks,Alta,Snack/fruto seco detectado dentro de categoria Bebe,mover_categoria
4203,Suflés Garbanzos Con Pasta Maní 140 g Puripop,Bebe,Alimentos Bebe,Desayuno y Snacks,Snacks,Alta,Snack/fruto seco detectado dentro de categoria Bebe,mover_categoria
4204,Snack Perro Adulto Tiritas Pollo Con Tocino Bolsa 100 g Buddy Pet,Desayuno y Snacks,Snacks,Mascotas,Alimento Perros,Alta,Producto de mascotas fuera de Mascotas,mover_categoria
4207,Papas Fritas Chiloe 150 Tika,Bebe,Alimentos Bebe,Desayuno y Snacks,Snacks,Alta,Snack/fruto seco detectado dentro de categoria Bebe,mover_categoria
4208,Papas Fritas Merkén 140 g Flip,Bebe,Alimentos Bebe,Desayuno y Snacks,Snacks,Alta,Snack/fruto seco detectado dentro de categoria Bebe,mover_categoria
4215,Papas Fritas Tarro Pizza 158 g Pringles,Bebe,Alimentos Bebe,Desayuno y Snacks,Snacks,Alta,Snack/fruto seco detectado dentro de categoria Bebe,mover_categoria
4219,Papas Fritas De Crema Ciboulette 140 g Flip,Bebe,Alimentos Bebe,Desayuno y Snacks,Snacks,Alta,Snack/fruto seco detectado dentro de categoria Bebe,mover_categoria
4224,Papas Fritas Bbq 180 g Marco Polo,Bebe,Alimentos Bebe,Desayuno y Snacks,Snacks,Alta,Snack/fruto seco detectado dentro de categoria Bebe,mover_categoria
4225,Papas Fritas Tarro Crema Y Cebolla 130 g Kryzpo,Bebe,Alimentos Bebe,Desayuno y Snacks,Snacks,Alta,Snack/fruto seco detectado dentro de categoria Bebe,mover_categoria
4227,Papas Fritas Nativas Merkén Ahumado 150 g Tika,Bebe,Alimentos Bebe,Desayuno y Snacks,Snacks,Alta,Snack/fruto seco detectado dentro de categoria Bebe,mover_categoria
4228,Papas Fritas Nativas Crema Ciboulette 150 g Tika,Bebe,Alimentos Bebe,Desayuno y Snacks,Snacks,Alta,Snack/fruto seco detectado dentro de categoria Bebe,mover_categoria
4229,Papas Fritas Tarro Original 104 g Pringles,Bebe,Alimentos Bebe,Desayuno y Snacks,Snacks,Alta,Snack/fruto seco detectado dentro de categoria Bebe,mover_categoria
4231,Papas Fritas Corte Americano 350 g Marco Polo,Bebe,Alimentos Bebe,Desayuno y Snacks,Snacks,Alta,Snack/fruto seco detectado dentro de categoria Bebe,mover_categoria
4232,Papas Fritas Inferno Spicy Pepperoni 180 g Marco Polo,Bebe,Alimentos Bebe,Desayuno y Snacks,Snacks,Alta,Snack/fruto seco detectado dentro de categoria Bebe,mover_categoria
4233,Papas Fritas Caseras Jamón Serrano 180 g Marco Polo,Bebe,Alimentos Bebe,Desayuno y Snacks,Snacks,Alta,Snack/fruto seco detectado dentro de categoria Bebe,mover_categoria
4234,Papas Fritas Crema Y Ciboulette 180 g Marco Polo,Bebe,Alimentos Bebe,Desayuno y Snacks,Snacks,Alta,Snack/fruto seco detectado dentro de categoria Bebe,mover_categoria
4235,Papas Fritas Rúticas Merkén 380 g Marco Polo,Bebe,Alimentos Bebe,Desayuno y Snacks,Snacks,Alta,Snack/fruto seco detectado dentro de categoria Bebe,mover_categoria
4236,Papas Fritas Rústicas Camotes 150 g Marco Polo,Bebe,Alimentos Bebe,Desayuno y Snacks,Snacks,Alta,Snack/fruto seco detectado dentro de categoria Bebe,mover_categoria
4237,Papas Fritas Corte Americano Ketchup 180 g Marco Polo,Bebe,Alimentos Bebe,Desayuno y Snacks,Snacks,Alta,Snack/fruto seco detectado dentro de categoria Bebe,mover_categoria
4238,Papas Fritas Sabor Original Lata 37 g Kryzpo,Bebe,Alimentos Bebe,Desayuno y Snacks,Snacks,Alta,Snack/fruto seco detectado dentro de categoria Bebe,mover_categoria
4239,"Snack Perro Adulto Huesitos Sabor Pollo, Vacuno Y Cordero Bolsa 7 Un Buddy Pet",Desayuno y Snacks,Snacks,Mascotas,Alimento Perros,Alta,Producto de mascotas fuera de Mascotas,mover_categoria
4240,Snack Perro Adulto Trutros De Pato Con Huesitos De Calcio Bolsa 400 g Buddy Pet,Desayuno y Snacks,Snacks,Mascotas,Alimento Perros,Alta,Producto de mascotas fuera de Mascotas,mover_categoria
4246,Papas Fritas Rústicas Trufa 185 g Marco polo,Bebe,Alimentos Bebe,Desayuno y Snacks,Snacks,Alta,Snack/fruto seco detectado dentro de categoria Bebe,mover_categoria
4247,Snack Perro Meat Mix Lamb Con Spinaca & Beef Apple Bolsa g g Naturalistic,Desayuno y Snacks,Snacks,Mascotas,Alimento Perros,Alta,Producto de mascotas fuera de Mascotas,mover_categoria
4255,Papas Fritas Corte Americano 200 g Marco Polo,Bebe,Alimentos Bebe,Desayuno y Snacks,Snacks,Alta,Snack/fruto seco detectado dentro de categoria Bebe,mover_categoria
4265,Papas Fritas Lay's Tipo Americano,Bebe,Alimentos Bebe,Desayuno y Snacks,Snacks,Alta,Snack/fruto seco detectado dentro de categoria Bebe,mover_categoria
4271,Suflito Protein Sticks Maní 140 g Tribu,Bebe,Alimentos Bebe,Desayuno y Snacks,Snacks,Alta,Snack/fruto seco detectado dentro de categoria Bebe,mover_categoria
4277,Papas Fritas Patagonia 150 Tika,Bebe,Alimentos Bebe,Desayuno y Snacks,Snacks,Alta,Snack/fruto seco detectado dentro de categoria Bebe,mover_categoria
4278,Papas Fritas Caseras 450 g Marco Polo,Bebe,Alimentos Bebe,Desayuno y Snacks,Snacks,Alta,Snack/fruto seco detectado dentro de categoria Bebe,mover_categoria
4281,Papas Fritas Furiosas 150 Tika,Bebe,Alimentos Bebe,Desayuno y Snacks,Snacks,Alta,Snack/fruto seco detectado dentro de categoria Bebe,mover_categoria
4284,Suflés Gatolate Chocolate 200 g Evercrisp,Bebe,Alimentos Bebe,Mascotas,Alimento Gatos,Alta,Producto de mascotas fuera de Mascotas,mover_categoria
4287,Papas Fritas Royal Parmesano Vegano 150 Tika,Bebe,Alimentos Bebe,Desayuno y Snacks,Snacks,Alta,Snack/fruto seco detectado dentro de categoria Bebe,mover_categoria
4288,Papas Fritas Crema & Cebolla Perejil 135 Tika,Bebe,Alimentos Bebe,Desayuno y Snacks,Snacks,Alta,Snack/fruto seco detectado dentro de categoria Bebe,mover_categoria
4289,Papas Fritas Tarro Barbecue 158 g Pringles,Bebe,Alimentos Bebe,Desayuno y Snacks,Snacks,Alta,Snack/fruto seco detectado dentro de categoria Bebe,mover_categoria
4290,Papas Fritas Ajo Albahaca 140 g Flip,Bebe,Alimentos Bebe,Desayuno y Snacks,Snacks,Alta,Snack/fruto seco detectado dentro de categoria Bebe,mover_categoria
4291,Papas Fritas Chips Barbecue 140 g Flip,Bebe,Alimentos Bebe,Desayuno y Snacks,Snacks,Alta,Snack/fruto seco detectado dentro de categoria Bebe,mover_categoria
4292,Sufés Cheetos Sabor Maní 250 g Evercrisp,Bebe,Alimentos Bebe,Desayuno y Snacks,Snacks,Alta,Snack/fruto seco detectado dentro de categoria Bebe,mover_categoria
4295,Papas Fritas Spicy Cheddar 180 g Inferno,Bebe,Alimentos Bebe,Desayuno y Snacks,Snacks,Alta,Snack/fruto seco detectado dentro de categoria Bebe,mover_categoria
4297,Crunchis Maní 30 g Marco Polo,Bebe,Alimentos Bebe,Desayuno y Snacks,Snacks,Alta,Snack/fruto seco detectado dentro de categoria Bebe,mover_categoria
4298,Papas Fritas Limón 180 g Marco Polo,Bebe,Alimentos Bebe,Desayuno y Snacks,Snacks,Alta,Snack/fruto seco detectado dentro de categoria Bebe,mover_categoria
4299,Papas Fritas Tarro Original 130 g Kryzpo,Bebe,Alimentos Bebe,Desayuno y Snacks,Snacks,Alta,Snack/fruto seco detectado dentro de categoria Bebe,mover_categoria
4300,Papas Fritas Tarro Queso 130 g Kryzpo,Bebe,Alimentos Bebe,Desayuno y Snacks,Snacks,Alta,Snack/fruto seco detectado dentro de categoria Bebe,mover_categoria
4301,Papas Fritas Tarro Wavy Cheddar 110 g Kryzpo,Bebe,Alimentos Bebe,Desayuno y Snacks,Snacks,Alta,Snack/fruto seco detectado dentro de categoria Bebe,mover_categoria
4302,Papas Fritas Crema Cebolla 37 ML Kryzpo,Bebe,Alimentos Bebe,Desayuno y Snacks,Snacks,Alta,Snack/fruto seco detectado dentro de categoria Bebe,mover_categoria
4303,Papas Fritas Tarro Jalapeño 130 g Kryzpo,Bebe,Alimentos Bebe,Desayuno y Snacks,Snacks,Alta,Snack/fruto seco detectado dentro de categoria Bebe,mover_categoria
4304,Papas Fritas Caseras Hilo 200 g Primor,Bebe,Alimentos Bebe,Desayuno y Snacks,Snacks,Alta,Snack/fruto seco detectado dentro de categoria Bebe,mover_categoria
4305,Papas Fritas Nativas Cebollita Dulce 150 g Tika,Bebe,Alimentos Bebe,Desayuno y Snacks,Snacks,Alta,Snack/fruto seco detectado dentro de categoria Bebe,mover_categoria
4306,Papas Fritas Royal Setas Mozarella 150 g Tika,Bebe,Alimentos Bebe,Desayuno y Snacks,Snacks,Alta,Snack/fruto seco detectado dentro de categoria Bebe,mover_categoria
4307,Papas Fritas Tarro Stax Original 134 g Lay's,Bebe,Alimentos Bebe,Desayuno y Snacks,Snacks,Alta,Snack/fruto seco detectado dentro de categoria Bebe,mover_categoria
4308,Papas Fritas Artesanas Cebolla Y Pimienta 150 g Lay's,Bebe,Alimentos Bebe,Desayuno y Snacks,Snacks,Alta,Snack/fruto seco detectado dentro de categoria Bebe,mover_categoria
4310,Papas Fritas Queso Crema Y Soya 180 g Marco Polo,Bebe,Alimentos Bebe,Desayuno y Snacks,Snacks,Alta,Snack/fruto seco detectado dentro de categoria Bebe,mover_categoria
4312,Papas Fritas Caseras 42 g Marco Polo,Bebe,Alimentos Bebe,Desayuno y Snacks,Snacks,Alta,Snack/fruto seco detectado dentro de categoria Bebe,mover_categoria
4314,Papas Fritas Tarro Stax Crema Y Cebolla 134 g Lay's,Bebe,Alimentos Bebe,Desayuno y Snacks,Snacks,Alta,Snack/fruto seco detectado dentro de categoria Bebe,mover_categoria
4315,Papas Fritas Lay's Sabor Taco Mexicano,Bebe,Alimentos Bebe,Desayuno y Snacks,Snacks,Alta,Snack/fruto seco detectado dentro de categoria Bebe,mover_categoria
4318,Mani Japones Marco Polo 200g,Bebe,Alimentos Bebe,Desayuno y Snacks,Snacks,Alta,Snack/fruto seco detectado dentro de categoria Bebe,mover_categoria
4320,Papas Fritas Extra Wavy 200 g Marco Polo,Bebe,Alimentos Bebe,Desayuno y Snacks,Snacks,Alta,Snack/fruto seco detectado dentro de categoria Bebe,mover_categoria
4321,Suflés Crunchis Maní 200 g Marco Polo,Bebe,Alimentos Bebe,Desayuno y Snacks,Snacks,Alta,Snack/fruto seco detectado dentro de categoria Bebe,mover_categoria
4323,Papas Fritas Artesanas Caprese 150 g Lay's,Bebe,Alimentos Bebe,Desayuno y Snacks,Snacks,Alta,Snack/fruto seco detectado dentro de categoria Bebe,mover_categoria
4326,Papas Fritas Caseras 200 g Marco Polo,Bebe,Alimentos Bebe,Desayuno y Snacks,Snacks,Alta,Snack/fruto seco detectado dentro de categoria Bebe,mover_categoria
4333,Papas Fritas Rústicas Merkén 185 g Marco Polo,Bebe,Alimentos Bebe,Desayuno y Snacks,Snacks,Alta,Snack/fruto seco detectado dentro de categoria Bebe,mover_categoria
4334,Papas Fritas Rústicas Aceto 185 g Marco Polo,Bebe,Alimentos Bebe,Desayuno y Snacks,Snacks,Alta,Snack/fruto seco detectado dentro de categoria Bebe,mover_categoria
4335,Papas Fritas Rústicas Cebolla Caramelizada 185 g Marco Polo,Bebe,Alimentos Bebe,Desayuno y Snacks,Snacks,Alta,Snack/fruto seco detectado dentro de categoria Bebe,mover_categoria
4338,"Jugo De Manzana 1,3 L Lider",Bebe,Alimentos Bebe,Bebidas,Jugos,Alta,Bebida detectada dentro de categoria Bebe,mover_categoria
4339,Jugo Mandarina 1000 ml Bless,Bebe,Alimentos Bebe,Bebidas,Jugos,Alta,Bebida detectada dentro de categoria Bebe,mover_categoria
4343,"Jugo De Mix Tropical 1,3 L Lider",Bebe,Alimentos Bebe,Bebidas,Jugos,Alta,Bebida detectada dentro de categoria Bebe,mover_categoria
4344,Jugo De Pera Botella 1 L Afe,Bebe,Alimentos Bebe,Bebidas,Jugos,Alta,Bebida detectada dentro de categoria Bebe,mover_categoria
4346,Bebida Limón Pack Lata 6 Un Sprite,Bebe,Alimentos Bebe,Bebidas,Bebidas,Alta,Bebida detectada dentro de categoria Bebe,mover_categoria
4347,Bebida Limón Original Botella Retornable 3 L Sprite,Bebe,Alimentos Bebe,Bebidas,Bebidas,Alta,Bebida detectada dentro de categoria Bebe,mover_categoria
4348,Bebida Frutal Pack Lata 6 Un Bilz,Bebe,Alimentos Bebe,Bebidas,Bebidas,Alta,Bebida detectada dentro de categoria Bebe,mover_categoria
4349,Bebida Papaya Original Botella,Bebe,Alimentos Bebe,Bebidas,Bebidas,Alta,Bebida detectada dentro de categoria Bebe,mover_categoria
4350,Jugo Tomate 340 ml Campbells,Bebe,Alimentos Bebe,Bebidas,Jugos,Alta,Bebida detectada dentro de categoria Bebe,mover_categoria
4351,Bebida Ginger Ale Pack Lata 6 Un Schweppes,Bebe,Alimentos Bebe,Bebidas,Bebidas,Alta,Bebida detectada dentro de categoria Bebe,mover_categoria
4352,Bebida Ginger Ale Pack Lata 6 Un Canada Dry,Bebe,Alimentos Bebe,Bebidas,Bebidas,Alta,Bebida detectada dentro de categoria Bebe,mover_categoria
4353,Bebida Sabor Papaya Botella,Bebe,Alimentos Bebe,Bebidas,Bebidas,Alta,Bebida detectada dentro de categoria Bebe,mover_categoria
4354,Néctar Lata Manzana 335 ml Jumex,Bebe,Alimentos Bebe,Bebidas,Jugos,Alta,Bebida detectada dentro de categoria Bebe,mover_categoria
4355,Bebida Papaya Zero Botella,Bebe,Alimentos Bebe,Bebidas,Bebidas,Alta,Bebida detectada dentro de categoria Bebe,mover_categoria
4356,Bebida Original Botella 1500 ml Pepsi,Bebe,Alimentos Bebe,Bebidas,Bebidas,Alta,Bebida detectada dentro de categoria Bebe,mover_categoria
4357,Bebida Original Botella 3 L Pepsi,Bebe,Alimentos Bebe,Bebidas,Bebidas,Alta,Bebida detectada dentro de categoria Bebe,mover_categoria
4362,Jugo Manzana Botella 1 L Afe,Bebe,Alimentos Bebe,Bebidas,Jugos,Alta,Bebida detectada dentro de categoria Bebe,mover_categoria
4363,Kombucha Cedrón 500 ml Kombuchacha,Bebe,Alimentos Bebe,Bebidas,Jugos,Alta,Bebida detectada dentro de categoria Bebe,mover_categoria
4364,Bebida Energética Lata Guarana Gorilla 473 ml Score,Bebe,Alimentos Bebe,Bebidas,Bebidas Energeticas,Alta,Bebida detectada dentro de categoria Bebe,mover_categoria
4365,Bebida Sabor Cola Original Pack 6 Lata 6 Un Pepsi,Bebe,Alimentos Bebe,Bebidas,Bebidas,Alta,Bebida detectada dentro de categoria Bebe,mover_categoria
4366,Bebida Frutal Original Botella 3 L Bilz,Bebe,Alimentos Bebe,Bebidas,Bebidas,Alta,Bebida detectada dentro de categoria Bebe,mover_categoria
4367,Bebida Zero Botella 600 ml Pepsi,Bebe,Alimentos Bebe,Bebidas,Bebidas,Alta,Bebida detectada dentro de categoria Bebe,mover_categoria
4368,Néctar De Manzana Caja 190 ml Vivo,Bebe,Alimentos Bebe,Bebidas,Jugos,Alta,Bebida detectada dentro de categoria Bebe,mover_categoria
4371,Néctar Frugo Piña,Bebe,Alimentos Bebe,Bebidas,Jugos,Alta,Bebida detectada dentro de categoria Bebe,mover_categoria
4372,Néctar Frugo Naranja,Bebe,Alimentos Bebe,Bebidas,Jugos,Alta,Bebida detectada dentro de categoria Bebe,mover_categoria
4373,Néctar Frugo Maracuyá,Bebe,Alimentos Bebe,Bebidas,Jugos,Alta,Bebida detectada dentro de categoria Bebe,mover_categoria
4374,Néctar Caja Piña 200 ml Del Valle,Bebe,Alimentos Bebe,Bebidas,Jugos,Alta,Bebida detectada dentro de categoria Bebe,mover_categoria
4375,Jugo Colación Sabor Manzana Caja 200 ml Afe,Bebe,Alimentos Bebe,Bebidas,Jugos,Alta,Bebida detectada dentro de categoria Bebe,mover_categoria
4376,Jugo Colación Sabor Pera Caja 200 ml Afe,Bebe,Alimentos Bebe,Bebidas,Jugos,Alta,Bebida detectada dentro de categoria Bebe,mover_categoria
4377,"Bebida Isotonica Blue 1,5 L Hydroshock",Bebe,Alimentos Bebe,Bebidas,Bebidas,Alta,Bebida detectada dentro de categoria Bebe,mover_categoria
4378,Kombucha Orgánica Jengibre 500 ml Kombuchacha,Bebe,Alimentos Bebe,Bebidas,Jugos,Alta,Bebida detectada dentro de categoria Bebe,mover_categoria
4379,Bebida Enérgetica Bubble Gum Lata 473 ml Score,Bebe,Alimentos Bebe,Bebidas,Bebidas Energeticas,Alta,Bebida detectada dentro de categoria Bebe,mover_categoria
4380,Jugo Verde Tretra Pak 960 ml Jumex,Bebe,Alimentos Bebe,Bebidas,Jugos,Alta,Bebida detectada dentro de categoria Bebe,mover_categoria
4381,Bebida Naranja Original Botella Retornable 2 L Fanta,Bebe,Alimentos Bebe,Bebidas,Bebidas,Alta,Bebida detectada dentro de categoria Bebe,mover_categoria
4382,Bebida Limón Original Botella Retornable 2 L Sprite,Bebe,Alimentos Bebe,Bebidas,Bebidas,Alta,Bebida detectada dentro de categoria Bebe,mover_categoria
4383,Bebida Light Pack Lata 6 Un Coca-Cola,Bebe,Alimentos Bebe,Bebidas,Bebidas,Alta,Bebida detectada dentro de categoria Bebe,mover_categoria
4384,Bebida Naranja Original Botella Retornable 3 L Fanta,Bebe,Alimentos Bebe,Bebidas,Bebidas,Alta,Bebida detectada dentro de categoria Bebe,mover_categoria
4385,Bebida Original Botella 3 L Inca Kola,Bebe,Alimentos Bebe,Bebidas,Bebidas,Alta,Bebida detectada dentro de categoria Bebe,mover_categoria
4386,Bebida Naranja Original Botella 591 ml Fanta,Bebe,Alimentos Bebe,Bebidas,Bebidas,Alta,Bebida detectada dentro de categoria Bebe,mover_categoria
4387,Bebida Limón Botella 3 L Limón Soda,Bebe,Alimentos Bebe,Bebidas,Bebidas,Alta,Bebida detectada dentro de categoria Bebe,mover_categoria
4388,Bebida Isotónica Cool Blue Botella 500 ml Gatorade,Bebe,Alimentos Bebe,Bebidas,Bebidas,Alta,Bebida detectada dentro de categoria Bebe,mover_categoria
4389,Bebida Zero Botella 3 L Pepsi,Bebe,Alimentos Bebe,Bebidas,Bebidas,Alta,Bebida detectada dentro de categoria Bebe,mover_categoria
4390,Néctar Tetra Pack Light Sabor Mango 1500 ml Watts,Bebe,Alimentos Bebe,Bebidas,Jugos,Alta,Bebida detectada dentro de categoria Bebe,mover_categoria
4391,Bebida Zero Piña Botella 600 ml Kem,Bebe,Alimentos Bebe,Bebidas,Bebidas,Alta,Bebida detectada dentro de categoria Bebe,mover_categoria
4392,Bebida Piña Original Botella 600 cc Kem,Bebe,Alimentos Bebe,Bebidas,Bebidas,Alta,Bebida detectada dentro de categoria Bebe,mover_categoria
4393,Bebida Naranja Original Botella 600 cc Crush,Bebe,Alimentos Bebe,Bebidas,Bebidas,Alta,Bebida detectada dentro de categoria Bebe,mover_categoria
4394,Bebida Frutal Original Botella 600 cc Bilz,Bebe,Alimentos Bebe,Bebidas,Bebidas,Alta,Bebida detectada dentro de categoria Bebe,mover_categoria
4395,Agua Saborizada Pera Sin Gas Botella 600 ml Mas,Bebe,Alimentos Bebe,Bebidas,Aguas,Alta,Bebida detectada dentro de categoria Bebe,mover_categoria
4396,Agua Saborizada Piña Sin Gas Botella 600 ml Mas,Bebe,Alimentos Bebe,Bebidas,Aguas,Alta,Bebida detectada dentro de categoria Bebe,mover_categoria
4397,"Néctar Piña Botella 1,5 L Watts",Bebe,Alimentos Bebe,Bebidas,Jugos,Alta,Bebida detectada dentro de categoria Bebe,mover_categoria
4398,Jugo En Polvo Sabor Limón Dulce Sobre 15 g Zuko,Bebe,Alimentos Bebe,Bebidas,Jugos,Alta,Bebida detectada dentro de categoria Bebe,mover_categoria
4399,"Néctar Durazno Botella 1,5 Lt Livean",Bebe,Alimentos Bebe,Bebidas,Jugos,Alta,Bebida detectada dentro de categoria Bebe,mover_categoria
4400,Jugo Naranja Mix 1.6 L Watts Selección,Bebe,Alimentos Bebe,Bebidas,Jugos,Alta,Bebida detectada dentro de categoria Bebe,mover_categoria
4401,Agua Saborizada Manzana Botella 500 ml Benedictino,Bebe,Alimentos Bebe,Bebidas,Aguas,Alta,Bebida detectada dentro de categoria Bebe,mover_categoria
4402,Néctar Sabor Piña Caja 200 ml Soprole,Bebe,Alimentos Bebe,Bebidas,Jugos,Alta,Bebida detectada dentro de categoria Bebe,mover_categoria
4403,Néctar Sabor Naranja Caja 200 ml Soprole,Bebe,Alimentos Bebe,Bebidas,Jugos,Alta,Bebida detectada dentro de categoria Bebe,mover_categoria
4404,Néctar Sabor Durazno Caja 200 ml Soprole,Bebe,Alimentos Bebe,Bebidas,Jugos,Alta,Bebida detectada dentro de categoria Bebe,mover_categoria
4405,Néctar Sabor Manzana Caja 200 ml Soprole,Bebe,Alimentos Bebe,Bebidas,Jugos,Alta,Bebida detectada dentro de categoria Bebe,mover_categoria
4406,Jugo Pera Manzana Caja 200 ml Bless,Bebe,Alimentos Bebe,Bebidas,Jugos,Alta,Bebida detectada dentro de categoria Bebe,mover_categoria
4407,Jugo Damasco Manzana Caja 200 g Bless,Bebe,Alimentos Bebe,Bebidas,Jugos,Alta,Bebida detectada dentro de categoria Bebe,mover_categoria
4408,Bebida Energética Sabor Piña Ultra Gold Lata 473 ml Monster,Bebe,Alimentos Bebe,Bebidas,Bebidas Energeticas,Alta,Bebida detectada dentro de categoria Bebe,mover_categoria
4409,Néctar Sabor Piña Lata 335 ml Jumex,Bebe,Alimentos Bebe,Bebidas,Jugos,Alta,Bebida detectada dentro de categoria Bebe,mover_categoria
4410,Bebida Original Botella Retornable 2 L Coca-Cola,Bebe,Alimentos Bebe,Bebidas,Bebidas,Alta,Bebida detectada dentro de categoria Bebe,mover_categoria
4411,"Bebida Limón Original Botella 1,5 L Sprite",Bebe,Alimentos Bebe,Bebidas,Bebidas,Alta,Bebida detectada dentro de categoria Bebe,mover_categoria
4412,Bebida Original Botella Retornable 2 L Inca Kola,Bebe,Alimentos Bebe,Bebidas,Bebidas,Alta,Bebida detectada dentro de categoria Bebe,mover_categoria
4413,Bebida Original Botella Retornable 3 L Coca-Cola,Bebe,Alimentos Bebe,Bebidas,Bebidas,Alta,Bebida detectada dentro de categoria Bebe,mover_categoria
4414,"Bebida Energética Xtreme Botella 1,5 L Kem",Bebe,Alimentos Bebe,Bebidas,Bebidas Energeticas,Alta,Bebida detectada dentro de categoria Bebe,mover_categoria
4415,Bebida Piña Zero Botella 3 L Kem,Bebe,Alimentos Bebe,Bebidas,Bebidas,Alta,Bebida detectada dentro de categoria Bebe,mover_categoria
4416,Agua Mineral Con Gas Botella 600 ml Cachantun,Bebe,Alimentos Bebe,Bebidas,Aguas,Alta,Bebida detectada dentro de categoria Bebe,mover_categoria
4417,Agua Mineral Sin Gas Botella 600 ml Cachantun,Bebe,Alimentos Bebe,Bebidas,Aguas,Alta,Bebida detectada dentro de categoria Bebe,mover_categoria
4418,"Bebida Sabor Frutal Botella 1,5 L Bilz",Bebe,Alimentos Bebe,Bebidas,Bebidas,Alta,Bebida detectada dentro de categoria Bebe,mover_categoria
4419,"Bebida Naranja Original Botella 1,5 L Crush",Bebe,Alimentos Bebe,Bebidas,Bebidas,Alta,Bebida detectada dentro de categoria Bebe,mover_categoria
4420,"Bebida Piña Original Botella 1,5 L Kem",Bebe,Alimentos Bebe,Bebidas,Bebidas,Alta,Bebida detectada dentro de categoria Bebe,mover_categoria
4421,Bebida Naranja Zero Botella 1500 cc Crush,Bebe,Alimentos Bebe,Bebidas,Bebidas,Alta,Bebida detectada dentro de categoria Bebe,mover_categoria
4422,"Néctar Sabor Manzana Botella 1,5 L Livean",Bebe,Alimentos Bebe,Bebidas,Jugos,Alta,Bebida detectada dentro de categoria Bebe,mover_categoria
4423,Jugo Natural Naranja 1 L Watts,Bebe,Alimentos Bebe,Bebidas,Jugos,Alta,Bebida detectada dentro de categoria Bebe,mover_categoria
4427,Jugo 100% De Naranja Don Simon,Bebe,Alimentos Bebe,Bebidas,Jugos,Alta,Bebida detectada dentro de categoria Bebe,mover_categoria
4428,Bebida Energetica Mango Lata 473 ml Score,Bebe,Alimentos Bebe,Bebidas,Bebidas Energeticas,Alta,Bebida detectada dentro de categoria Bebe,mover_categoria
4429,Bebida Energética Original Lata 473 ml Score,Bebe,Alimentos Bebe,Bebidas,Bebidas Energeticas,Alta,Bebida detectada dentro de categoria Bebe,mover_categoria
4430,Néctar Sabor Coco Piña Lata 335 ml Jumex,Bebe,Alimentos Bebe,Bebidas,Jugos,Alta,Bebida detectada dentro de categoria Bebe,mover_categoria
4431,Agua Saborizada Restore Tropical Botella 500 ml Vitamin Water,Bebe,Alimentos Bebe,Bebidas,Aguas,Alta,Bebida detectada dentro de categoria Bebe,mover_categoria
4432,"Bebida Naranja Original Botella Retornable 2,5 L Crush",Bebe,Alimentos Bebe,Bebidas,Bebidas,Alta,Bebida detectada dentro de categoria Bebe,mover_categoria
4433,"Agua Saborizada Manzana Sin Gas Botella 1,6 L Mas",Bebe,Alimentos Bebe,Bebidas,Aguas,Alta,Bebida detectada dentro de categoria Bebe,mover_categoria
4434,"Agua Saborizada Granada Sin Gas Botella 1,6 L Mas",Bebe,Alimentos Bebe,Bebidas,Aguas,Alta,Bebida detectada dentro de categoria Bebe,mover_categoria
4435,"Agua Saborizada Pera Sin Gas Botella 1,6 L Mas",Bebe,Alimentos Bebe,Bebidas,Aguas,Alta,Bebida detectada dentro de categoria Bebe,mover_categoria
4436,"Bebida Zero Botella 1,5 L Pepsi",Bebe,Alimentos Bebe,Bebidas,Bebidas,Alta,Bebida detectada dentro de categoria Bebe,mover_categoria
4437,Bebida Original Limón Botella 600 ml Limón Soda,Bebe,Alimentos Bebe,Bebidas,Bebidas,Alta,Bebida detectada dentro de categoria Bebe,mover_categoria
4438,Agua Mineral Light Gas Botella 600 ml Cachantun,Bebe,Alimentos Bebe,Bebidas,Aguas,Alta,Bebida detectada dentro de categoria Bebe,mover_categoria
4439,"Bebida Limón Botella 1,5 L Limón Soda",Bebe,Alimentos Bebe,Bebidas,Bebidas,Alta,Bebida detectada dentro de categoria Bebe,mover_categoria
4440,Néctar Selección Mango Maracuyá 1 L Watts,Bebe,Alimentos Bebe,Bebidas,Jugos,Alta,Bebida detectada dentro de categoria Bebe,mover_categoria
4442,Jugo Natural Naranja Maracuya 1 L Bless,Bebe,Alimentos Bebe,Bebidas,Jugos,Alta,Bebida detectada dentro de categoria Bebe,mover_categoria
4443,Jugo Naranja 100% Natural 1 L Bless,Bebe,Alimentos Bebe,Bebidas,Jugos,Alta,Bebida detectada dentro de categoria Bebe,mover_categoria
4447,Bebida Hidratante Electrolit Sabor Blue Raspberry,Bebe,Alimentos Bebe,Bebidas,Bebidas,Alta,Bebida detectada dentro de categoria Bebe,mover_categoria
4448,Bebida Limón Zero Botella 3 L Limón Soda,Bebe,Alimentos Bebe,Bebidas,Bebidas,Alta,Bebida detectada dentro de categoria Bebe,mover_categoria
4450,"Bebida Piña Zero Botella 1,5 L Kem",Bebe,Alimentos Bebe,Bebidas,Bebidas,Alta,Bebida detectada dentro de categoria Bebe,mover_categoria
4451,"Agua Saborizada Limonada Jengibre Sin Gas Botella 1,5 L Benedictino",Bebe,Alimentos Bebe,Bebidas,Aguas,Alta,Bebida detectada dentro de categoria Bebe,mover_categoria
4452,"Agua Saborizada Pomelo Menta Sin Gas Botella 1,5 L Benedictino",Bebe,Alimentos Bebe,Bebidas,Aguas,Alta,Bebida detectada dentro de categoria Bebe,mover_categoria
4454,Bebida Limonada Pink 475 Cc Botella 475 cc Love Lemon,Bebe,Alimentos Bebe,Bebidas,Bebidas,Alta,Bebida detectada dentro de categoria Bebe,mover_categoria
4456,Jugo Rrfrigerado Manzana Mango Piña Orgánico Botella 1 Ama Time,Bebe,Alimentos Bebe,Bebidas,Jugos,Alta,Bebida detectada dentro de categoria Bebe,mover_categoria
4459,Bebida Hidratante Frutilla Botella 625 ml Electrolit,Bebe,Alimentos Bebe,Bebidas,Bebidas,Alta,Bebida detectada dentro de categoria Bebe,mover_categoria
4460,"Bebida Light Botella 2,5 L Coca-Cola",Bebe,Alimentos Bebe,Bebidas,Bebidas,Alta,Bebida detectada dentro de categoria Bebe,mover_categoria
4461,"Bebida Light Botella 1,5 L Coca-Cola",Bebe,Alimentos Bebe,Bebidas,Bebidas,Alta,Bebida detectada dentro de categoria Bebe,mover_categoria
4462,"Bebida Limón Zero Botella 1,5 L Limón Soda",Bebe,Alimentos Bebe,Bebidas,Bebidas,Alta,Bebida detectada dentro de categoria Bebe,mover_categoria
4463,Pepsi Botella Zero 2500 ml Pepsi zero,Bebe,Alimentos Bebe,Bebidas,Bebidas,Alta,Bebida detectada dentro de categoria Bebe,mover_categoria
4464,"Bebida Ginger Ale Original Botella 1,5 L Canada Dry",Bebe,Alimentos Bebe,Bebidas,Bebidas,Alta,Bebida detectada dentro de categoria Bebe,mover_categoria
4465,Bebida Isotónica Rojo Botella 850 cc Powerade,Bebe,Alimentos Bebe,Bebidas,Bebidas,Alta,Bebida detectada dentro de categoria Bebe,mover_categoria
4466,Bebida Isotónica Naranja Botella 850 ml Powerade,Bebe,Alimentos Bebe,Bebidas,Bebidas,Alta,Bebida detectada dentro de categoria Bebe,mover_categoria
4467,Bebida Isotónica Sabor Frutilla 625 ml Fastlyte,Bebe,Alimentos Bebe,Bebidas,Bebidas,Alta,Bebida detectada dentro de categoria Bebe,mover_categoria
4468,Bebida Isotónica Sabor Sandia 625 ml Fastlyte,Bebe,Alimentos Bebe,Bebidas,Bebidas,Alta,Bebida detectada dentro de categoria Bebe,mover_categoria
4469,Bebida Isotónica Blue Botella 500 ml Isopro,Bebe,Alimentos Bebe,Bebidas,Bebidas,Alta,Bebida detectada dentro de categoria Bebe,mover_categoria
4470,Bebida Isotónica Red Botella 500 ml Isopro,Bebe,Alimentos Bebe,Bebidas,Bebidas,Alta,Bebida detectada dentro de categoria Bebe,mover_categoria
4471,Bebida Energética Original Botella 720 ml Mr. Big,Bebe,Alimentos Bebe,Bebidas,Bebidas Energeticas,Alta,Bebida detectada dentro de categoria Bebe,mover_categoria
4472,Bebida Hidratante Arándano-pomelo Botella 1 L Suerox,Bebe,Alimentos Bebe,Bebidas,Bebidas,Alta,Bebida detectada dentro de categoria Bebe,mover_categoria
4473,Bebida Energética Original Lata 250 ml Red Bull,Bebe,Alimentos Bebe,Bebidas,Bebidas Energeticas,Alta,Bebida detectada dentro de categoria Bebe,mover_categoria
4474,Bebida Energética Drink Pack 4 Latas 250 ml Red Bull,Bebe,Alimentos Bebe,Bebidas,Bebidas Energeticas,Alta,Bebida detectada dentro de categoria Bebe,mover_categoria
4475,"Bebida Ginger Ale Zero Botella 1,5 L Canada Dry",Bebe,Alimentos Bebe,Bebidas,Bebidas,Alta,Bebida detectada dentro de categoria Bebe,mover_categoria
4476,"Bebida Ginger Ale Light Botella 1,5 L Canada Dry",Bebe,Alimentos Bebe,Bebidas,Bebidas,Alta,Bebida detectada dentro de categoria Bebe,mover_categoria
4477,Jugo En Polvo Sabor Durazno Sobre 20 g Sprim,Bebe,Alimentos Bebe,Bebidas,Jugos,Alta,Bebida detectada dentro de categoria Bebe,mover_categoria
4478,Jugo En Polvo Frambuesa Sobre 20 g Sprim,Bebe,Alimentos Bebe,Bebidas,Jugos,Alta,Bebida detectada dentro de categoria Bebe,mover_categoria
4479,Jugo En Polvo Melón Tuna Sobre 20 g Sprim,Bebe,Alimentos Bebe,Bebidas,Jugos,Alta,Bebida detectada dentro de categoria Bebe,mover_categoria
4480,Jugo En Polvo Go Blue Sobre 60 g Zuko,Bebe,Alimentos Bebe,Bebidas,Jugos,Alta,Bebida detectada dentro de categoria Bebe,mover_categoria
4481,Jugo En Polvo Light Blue Sobre 8 g Go!,Bebe,Alimentos Bebe,Bebidas,Jugos,Alta,Bebida detectada dentro de categoria Bebe,mover_categoria
4482,"Agua Purificada Sin Gas Botella 2,5 L Bendictino",Bebe,Alimentos Bebe,Bebidas,Aguas,Alta,Bebida detectada dentro de categoria Bebe,mover_categoria
4483,Bebida Isotónica Frozen Blast Botella 600 ml Powerade,Bebe,Alimentos Bebe,Bebidas,Bebidas,Alta,Bebida detectada dentro de categoria Bebe,mover_categoria
4484,Bebida Isotónica Frozen Blast Zero Botella 600 ml Powerade,Bebe,Alimentos Bebe,Bebidas,Bebidas,Alta,Bebida detectada dentro de categoria Bebe,mover_categoria
4485,"Bebida Isotónica Zero Frozen Blast 1,1 L Powerade",Bebe,Alimentos Bebe,Bebidas,Bebidas,Alta,Bebida detectada dentro de categoria Bebe,mover_categoria
4486,"Bebida Isotónica Zero Lima Limón 1,1 L Powerade",Bebe,Alimentos Bebe,Bebidas,Bebidas,Alta,Bebida detectada dentro de categoria Bebe,mover_categoria
4487,Bebida Isotónica 630 ml Suerox,Bebe,Alimentos Bebe,Bebidas,Bebidas,Alta,Bebida detectada dentro de categoria Bebe,mover_categoria
4488,Bebida Energética The Yellow Pack 4 Un Lata 250 ml Red Bull,Bebe,Alimentos Bebe,Bebidas,Bebidas Energeticas,Alta,Bebida detectada dentro de categoria Bebe,mover_categoria
4490,Bebida Original Botella 2 L Coca-Cola,Bebe,Alimentos Bebe,Bebidas,Bebidas,Alta,Bebida detectada dentro de categoria Bebe,mover_categoria
4491,"Bebida Naranja Botella 2,5 L Fanta",Bebe,Alimentos Bebe,Bebidas,Bebidas,Alta,Bebida detectada dentro de categoria Bebe,mover_categoria
4492,Bebida Botella Sabor Original Limón 591 ml Sprite,Bebe,Alimentos Bebe,Bebidas,Bebidas,Alta,Bebida detectada dentro de categoria Bebe,mover_categoria
4493,Bebida Limón Original Botella 3 L Seven Up,Bebe,Alimentos Bebe,Bebidas,Bebidas,Alta,Bebida detectada dentro de categoria Bebe,mover_categoria
4494,Jugo En Polvo Go Para Deportistas Sabor Naranja Sobre 60 g Zuko,Bebe,Alimentos Bebe,Bebidas,Jugos,Alta,Bebida detectada dentro de categoria Bebe,mover_categoria
4495,"Néctar Durazno Botella 1,75 L Del Valle",Bebe,Alimentos Bebe,Bebidas,Jugos,Alta,Bebida detectada dentro de categoria Bebe,mover_categoria
4497,Bebida Botella Sabor Original 591 ml Coca-Cola,Bebe,Alimentos Bebe,Bebidas,Bebidas,Alta,Bebida detectada dentro de categoria Bebe,mover_categoria
4498,"Agua Mineral Sin Gas Botella 1,6 L Cachantun",Bebe,Alimentos Bebe,Bebidas,Aguas,Alta,Bebida detectada dentro de categoria Bebe,mover_categoria
4499,"Néctar Tetra Pack Naranja 1,75 L Del Valle",Bebe,Alimentos Bebe,Bebidas,Jugos,Alta,Bebida detectada dentro de categoria Bebe,mover_categoria
4500,Jugo Naranjada Original Botella 2 L Love Orange,Bebe,Alimentos Bebe,Bebidas,Jugos,Alta,Bebida detectada dentro de categoria Bebe,mover_categoria
4515,Jugo Naranja 1.5 Litros 1500 ml Guallarauco,Bebe,Alimentos Bebe,Bebidas,Jugos,Alta,Bebida detectada dentro de categoria Bebe,mover_categoria
4516,Jugo Mango 1.5 Litros 1500 ml Guallarauco,Bebe,Alimentos Bebe,Bebidas,Jugos,Alta,Bebida detectada dentro de categoria Bebe,mover_categoria
4517,Jugo Manzana Caja 1 L Bless,Bebe,Alimentos Bebe,Bebidas,Jugos,Alta,Bebida detectada dentro de categoria Bebe,mover_categoria
4518,Jugo Element Bless Damasco Manzana Caja,Bebe,Alimentos Bebe,Bebidas,Jugos,Alta,Bebida detectada dentro de categoria Bebe,mover_categoria
4519,Bebida Papaya Pack Lata,Bebe,Alimentos Bebe,Bebidas,Bebidas,Alta,Bebida detectada dentro de categoria Bebe,mover_categoria
4520,Jugo Naranja Mango 1.5 Litros 1500 ml Guallarauco,Bebe,Alimentos Bebe,Bebidas,Jugos,Alta,Bebida detectada dentro de categoria Bebe,mover_categoria
4523,Bebida Naranja Pack Lata 6 Un Fanta,Bebe,Alimentos Bebe,Bebidas,Bebidas,Alta,Bebida detectada dentro de categoria Bebe,mover_categoria
4524,Bebida Papaya Botella,Bebe,Alimentos Bebe,Bebidas,Bebidas,Alta,Bebida detectada dentro de categoria Bebe,mover_categoria
4525,"Jugo Naranja Exprimido Caja 1,5 L Watts",Bebe,Alimentos Bebe,Bebidas,Jugos,Alta,Bebida detectada dentro de categoria Bebe,mover_categoria
4526,Jugo De Ciruela Botella 1 L Afe,Bebe,Alimentos Bebe,Bebidas,Jugos,Alta,Bebida detectada dentro de categoria Bebe,mover_categoria
4530,Jugo En Polvo Sabor Huesillo Sobre 7 Livean,Bebe,Alimentos Bebe,Bebidas,Jugos,Alta,Bebida detectada dentro de categoria Bebe,mover_categoria
4531,Néctar Guallarauco Mango Maracuyá Botella,Bebe,Alimentos Bebe,Bebidas,Jugos,Alta,Bebida detectada dentro de categoria Bebe,mover_categoria
4532,Bebida Original Pack Lata 6 Un Coca-Cola,Bebe,Alimentos Bebe,Bebidas,Bebidas,Alta,Bebida detectada dentro de categoria Bebe,mover_categoria
4533,Bebida Original Pack Lata 6 Un Limón Soda,Bebe,Alimentos Bebe,Bebidas,Bebidas,Alta,Bebida detectada dentro de categoria Bebe,mover_categoria
4534,Bebida Zero Pack Lata 6 Un Pepsi Zero,Bebe,Alimentos Bebe,Bebidas,Bebidas,Alta,Bebida detectada dentro de categoria Bebe,mover_categoria
4535,Jugo En Polvo Piña Sobre 20 g Sprim,Bebe,Alimentos Bebe,Bebidas,Jugos,Alta,Bebida detectada dentro de categoria Bebe,mover_categoria
4538,Bebida Energética Tropical Botella 720 ml Mr. Big,Bebe,Alimentos Bebe,Bebidas,Bebidas Energeticas,Alta,Bebida detectada dentro de categoria Bebe,mover_categoria
4539,Kombucha Arándano 500 ml Kombuchacha,Bebe,Alimentos Bebe,Bebidas,Jugos,Alta,Bebida detectada dentro de categoria Bebe,mover_categoria
4540,Bebida Coco Original Botella 1 L Amane,Bebe,Alimentos Bebe,Bebidas,Bebidas,Alta,Bebida detectada dentro de categoria Bebe,mover_categoria
4542,Bebida Piña Original Botella 3 L Kem,Bebe,Alimentos Bebe,Bebidas,Bebidas,Alta,Bebida detectada dentro de categoria Bebe,mover_categoria
4543,Bebida Sabor Piña Botella 2500 ml Kem,Bebe,Alimentos Bebe,Bebidas,Bebidas,Alta,Bebida detectada dentro de categoria Bebe,mover_categoria
4544,Bebida Original Botella 600 ml Pepsi,Bebe,Alimentos Bebe,Bebidas,Bebidas,Alta,Bebida detectada dentro de categoria Bebe,mover_categoria
4545,Jugo En Polvo Sabor Naranja Sobre 20 g Sprim,Bebe,Alimentos Bebe,Bebidas,Jugos,Alta,Bebida detectada dentro de categoria Bebe,mover_categoria
4546,Jugo En Polvo Sabor Mango Sobre 15 g Zuko,Bebe,Alimentos Bebe,Bebidas,Jugos,Alta,Bebida detectada dentro de categoria Bebe,mover_categoria
4547,Jugo En Polvo Con Colágeno Granada Sobre 7 g Livean,Bebe,Alimentos Bebe,Bebidas,Jugos,Alta,Bebida detectada dentro de categoria Bebe,mover_categoria
4548,Néctar Frugo Frutilla,Bebe,Alimentos Bebe,Bebidas,Jugos,Alta,Bebida detectada dentro de categoria Bebe,mover_categoria
4549,Néctar Frugo Berries,Bebe,Alimentos Bebe,Bebidas,Jugos,Alta,Bebida detectada dentro de categoria Bebe,mover_categoria
4550,Néctar Caja Durazno 200 ml Del Valle,Bebe,Alimentos Bebe,Bebidas,Jugos,Alta,Bebida detectada dentro de categoria Bebe,mover_categoria
4551,Jugo Mango Naranja 1 L Sofruco,Bebe,Alimentos Bebe,Bebidas,Jugos,Alta,Bebida detectada dentro de categoria Bebe,mover_categoria
4552,Bebida Energética Lata Fruit Punch 473 ml Score,Bebe,Alimentos Bebe,Bebidas,Bebidas Energeticas,Alta,Bebida detectada dentro de categoria Bebe,mover_categoria
4553,Jugo De Manzana 1 L Citric,Bebe,Alimentos Bebe,Bebidas,Jugos,Alta,Bebida detectada dentro de categoria Bebe,mover_categoria
4554,Bebida Frutal Zero Botella 600 ml Bilz,Bebe,Alimentos Bebe,Bebidas,Bebidas,Alta,Bebida detectada dentro de categoria Bebe,mover_categoria
4555,Agua Saborizada Granada Sin Gas Botella 600 ml Mas,Bebe,Alimentos Bebe,Bebidas,Aguas,Alta,Bebida detectada dentro de categoria Bebe,mover_categoria
4557,"Néctar De Naranja Botella 1,5 L Watts",Bebe,Alimentos Bebe,Bebidas,Jugos,Alta,Bebida detectada dentro de categoria Bebe,mover_categoria
4558,"Néctar De Durazno Botella 1,5 L Watts",Bebe,Alimentos Bebe,Bebidas,Jugos,Alta,Bebida detectada dentro de categoria Bebe,mover_categoria
4559,Néctar Sabor Piña Caja 1 L Vivo,Bebe,Alimentos Bebe,Bebidas,Jugos,Alta,Bebida detectada dentro de categoria Bebe,mover_categoria
4560,Néctar Sabor Durazno Caja 1 L Vivo,Bebe,Alimentos Bebe,Bebidas,Jugos,Alta,Bebida detectada dentro de categoria Bebe,mover_categoria
4561,Jugo En Polvo Con Colágeno Limón Menta Sobre 7 g Livean,Bebe,Alimentos Bebe,Bebidas,Jugos,Alta,Bebida detectada dentro de categoria Bebe,mover_categoria
4562,Néctar Sabor Naranja Caja 200 ml Del Valle,Bebe,Alimentos Bebe,Bebidas,Jugos,Alta,Bebida detectada dentro de categoria Bebe,mover_categoria
4563,Néctar Sabor Damasco Caja 200 ml Soprole,Bebe,Alimentos Bebe,Bebidas,Jugos,Alta,Bebida detectada dentro de categoria Bebe,mover_categoria
4564,Néctar Sabor Mango Lata 335 ml Jumex,Bebe,Alimentos Bebe,Bebidas,Jugos,Alta,Bebida detectada dentro de categoria Bebe,mover_categoria
4565,"Bebida Naranja Original Botella 1,5 L Fanta",Bebe,Alimentos Bebe,Bebidas,Bebidas,Alta,Bebida detectada dentro de categoria Bebe,mover_categoria
4566,Bebida Frutal Zero Botella 3 L Bilz,Bebe,Alimentos Bebe,Bebidas,Bebidas,Alta,Bebida detectada dentro de categoria Bebe,mover_categoria
4567,Agua Purificada Sin Gas Bidón 6 L Pura Vida,Bebe,Alimentos Bebe,Bebidas,Aguas,Alta,Bebida detectada dentro de categoria Bebe,mover_categoria
4568,"Néctar Sabor Naranja Botella 1,5 L Livean",Bebe,Alimentos Bebe,Bebidas,Jugos,Alta,Bebida detectada dentro de categoria Bebe,mover_categoria
4569,"Néctar Sabor Piña Botella 1,5 L Livean",Bebe,Alimentos Bebe,Bebidas,Jugos,Alta,Bebida detectada dentro de categoria Bebe,mover_categoria
4570,Jugo Natural Arándano 1 L Watts,Bebe,Alimentos Bebe,Bebidas,Jugos,Alta,Bebida detectada dentro de categoria Bebe,mover_categoria
4571,Jugo Natural Pomelo 1 L Sofruco,Bebe,Alimentos Bebe,Bebidas,Jugos,Alta,Bebida detectada dentro de categoria Bebe,mover_categoria
4572,Bebida Original Limonada Botella 475 cc Love Lemon,Bebe,Alimentos Bebe,Bebidas,Bebidas,Alta,Bebida detectada dentro de categoria Bebe,mover_categoria
4573,Bebida Original Limonada Botella 2 L Love Lemon,Bebe,Alimentos Bebe,Bebidas,Bebidas,Alta,Bebida detectada dentro de categoria Bebe,mover_categoria
4574,"Bebida Isotonica Tropical 1,5 L Hydroshock",Bebe,Alimentos Bebe,Bebidas,Bebidas,Alta,Bebida detectada dentro de categoria Bebe,mover_categoria
4575,Bebida Energética Acaí Lata 250 ml Red bull,Bebe,Alimentos Bebe,Bebidas,Bebidas Energeticas,Alta,Bebida detectada dentro de categoria Bebe,mover_categoria
4576,Bebida Energética Original Lata 473 ml Monster,Bebe,Alimentos Bebe,Bebidas,Bebidas Energeticas,Alta,Bebida detectada dentro de categoria Bebe,mover_categoria
4577,Bebida Aloe Vera Durazno Botella 1 L Amane,Bebe,Alimentos Bebe,Bebidas,Bebidas,Alta,Bebida detectada dentro de categoria Bebe,mover_categoria
4578,Bebida Aloe Vera Granada Botella 1 L Amane,Bebe,Alimentos Bebe,Bebidas,Bebidas,Alta,Bebida detectada dentro de categoria Bebe,mover_categoria
4579,Bebida Aloe Vera Zero Botella 1 L Amane,Bebe,Alimentos Bebe,Bebidas,Bebidas,Alta,Bebida detectada dentro de categoria Bebe,mover_categoria
4580,Bebida Hidratante Electrolit Sabor Maracuyá,Bebe,Alimentos Bebe,Bebidas,Bebidas,Alta,Bebida detectada dentro de categoria Bebe,mover_categoria
4581,"Jugo De Naranja 100% Exprimido 1,5 L Citric",Bebe,Alimentos Bebe,Bebidas,Jugos,Alta,Bebida detectada dentro de categoria Bebe,mover_categoria
4582,"Bebida Original Botella 2,5 L Coca-Cola",Bebe,Alimentos Bebe,Bebidas,Bebidas,Alta,Bebida detectada dentro de categoria Bebe,mover_categoria
4583,"Bebida Original Botella 1,5 L Coca-Cola",Bebe,Alimentos Bebe,Bebidas,Bebidas,Alta,Bebida detectada dentro de categoria Bebe,mover_categoria
4584,"Bebida Original Botella 1,5 L Inca Kola",Bebe,Alimentos Bebe,Bebidas,Bebidas,Alta,Bebida detectada dentro de categoria Bebe,mover_categoria
4585,"Bebida Ginger Ale Original Botella 1,5 L Schweppes",Bebe,Alimentos Bebe,Bebidas,Bebidas,Alta,Bebida detectada dentro de categoria Bebe,mover_categoria
4586,"Néctar Sabor Tutti Frutilla Botella 1,5 L Watts",Bebe,Alimentos Bebe,Bebidas,Jugos,Alta,Bebida detectada dentro de categoria Bebe,mover_categoria
4587,Bebida Ginger Ale Original Botella 3 L Canada Dry,Bebe,Alimentos Bebe,Bebidas,Bebidas,Alta,Bebida detectada dentro de categoria Bebe,mover_categoria
4588,"Bebida Sabor Cola Botella Retornable 2,5 L Pepsi",Bebe,Alimentos Bebe,Bebidas,Bebidas,Alta,Bebida detectada dentro de categoria Bebe,mover_categoria
4589,Agua Mineral Sin Gas Botella 1 L Cachantun,Bebe,Alimentos Bebe,Bebidas,Aguas,Alta,Bebida detectada dentro de categoria Bebe,mover_categoria
4590,"Agua Saborizada Citrus Con Gas Botella 1,6 L Mas",Bebe,Alimentos Bebe,Bebidas,Aguas,Alta,Bebida detectada dentro de categoria Bebe,mover_categoria
4591,"Agua Saborizada Piña Sin Gas Botella 1,6 L Mas",Bebe,Alimentos Bebe,Bebidas,Aguas,Alta,Bebida detectada dentro de categoria Bebe,mover_categoria
4592,Jugo Natural Fresco Piña 1 L Watts,Bebe,Alimentos Bebe,Bebidas,Jugos,Alta,Bebida detectada dentro de categoria Bebe,mover_categoria
4593,"Agua Saborizada Pera Sin Gas Botella 1,5 L Benedictino",Bebe,Alimentos Bebe,Bebidas,Aguas,Alta,Bebida detectada dentro de categoria Bebe,mover_categoria
4594,Bebida Limonada Menta Y Jengibre Botella 475 cc Love Lemon,Bebe,Alimentos Bebe,Bebidas,Bebidas,Alta,Bebida detectada dentro de categoria Bebe,mover_categoria
4595,Bebida Energética Lata Panther 473 ml Mr. Big,Bebe,Alimentos Bebe,Bebidas,Bebidas Energeticas,Alta,Bebida detectada dentro de categoria Bebe,mover_categoria
4597,Jugo Prensado Zanahoria Betarraga 1 lt Bless,Bebe,Alimentos Bebe,Bebidas,Jugos,Alta,Bebida detectada dentro de categoria Bebe,mover_categoria
4598,Jugo Prensado Pepino Manzana 1000 ml Bless,Bebe,Alimentos Bebe,Bebidas,Jugos,Alta,Bebida detectada dentro de categoria Bebe,mover_categoria
4599,Jugo Mango Naranja Manzana 1000 ml Bless,Bebe,Alimentos Bebe,Bebidas,Jugos,Alta,Bebida detectada dentro de categoria Bebe,mover_categoria
4601,Bebida Kombucha Mix De Berries 355 ml Dr Kombú,Bebe,Alimentos Bebe,Bebidas,Jugos,Alta,Bebida detectada dentro de categoria Bebe,mover_categoria
4602,Jugo Naranja Natural One 900 ml Quillayes,Bebe,Alimentos Bebe,Bebidas,Jugos,Alta,Bebida detectada dentro de categoria Bebe,mover_categoria
4603,Bebida Energética Mango Loco Lata 473 ml Monster,Bebe,Alimentos Bebe,Bebidas,Bebidas Energeticas,Alta,Bebida detectada dentro de categoria Bebe,mover_categoria
4604,Bebida Energética Aussie Lemonade Lata 473 ml Monster,Bebe,Alimentos Bebe,Bebidas,Bebidas Energeticas,Alta,Bebida detectada dentro de categoria Bebe,mover_categoria
4605,Agua Saborizada Energy Cítrico Tropical Botella 500 ml Vitamin Water,Bebe,Alimentos Bebe,Bebidas,Aguas,Alta,Bebida detectada dentro de categoria Bebe,mover_categoria
4606,"Bebida Sabor Limón Botella 2,5 L Limón Soda",Bebe,Alimentos Bebe,Bebidas,Bebidas,Alta,Bebida detectada dentro de categoria Bebe,mover_categoria
4608,"Agua Mineral Con Gas Botella 2,5 L Cachantun",Bebe,Alimentos Bebe,Bebidas,Aguas,Alta,Bebida detectada dentro de categoria Bebe,mover_categoria
4609,"Agua Mineral Sin Gas Botella 2,5 L Cachantun",Bebe,Alimentos Bebe,Bebidas,Aguas,Alta,Bebida detectada dentro de categoria Bebe,mover_categoria
4610,"Bebida Limón Zero Botella 1,5 L Seven Up",Bebe,Alimentos Bebe,Bebidas,Bebidas,Alta,Bebida detectada dentro de categoria Bebe,mover_categoria
4611,"Agua Saborizada Limonada Jengibre Sin Gas Botella 1,6 L Mas",Bebe,Alimentos Bebe,Bebidas,Aguas,Alta,Bebida detectada dentro de categoria Bebe,mover_categoria
4613,Bebida Ginger Ale Original Botella 600 ml Canada Dry,Bebe,Alimentos Bebe,Bebidas,Bebidas,Alta,Bebida detectada dentro de categoria Bebe,mover_categoria
4614,"Agua Tónica Original Botella 1,5 L Canada Dry",Bebe,Alimentos Bebe,Bebidas,Aguas,Alta,Bebida detectada dentro de categoria Bebe,mover_categoria
4615,Jugo En Polvo Sabor Mandarina Sobre 7 g Vivo,Bebe,Alimentos Bebe,Bebidas,Jugos,Alta,Bebida detectada dentro de categoria Bebe,mover_categoria
4616,"Néctar Frambuesa Caja 1,6 L Watt's",Bebe,Alimentos Bebe,Bebidas,Jugos,Alta,Bebida detectada dentro de categoria Bebe,mover_categoria
4617,Jugo Natural Naranja 1 L Fundo Sofruco,Bebe,Alimentos Bebe,Bebidas,Jugos,Alta,Bebida detectada dentro de categoria Bebe,mover_categoria
4618,Jugo Natural Mandarina 1 L Fundo Sofruco,Bebe,Alimentos Bebe,Bebidas,Jugos,Alta,Bebida detectada dentro de categoria Bebe,mover_categoria
4619,Bebida Light Limonada 475 Cc Botella 475 cc Love Lemon,Bebe,Alimentos Bebe,Bebidas,Bebidas,Alta,Bebida detectada dentro de categoria Bebe,mover_categoria
4620,Bebida Energética Lata Energy Drink 473 ml Mr. Big,Bebe,Alimentos Bebe,Bebidas,Bebidas Energeticas,Alta,Bebida detectada dentro de categoria Bebe,mover_categoria
4621,Jugo Refrigerado Manzana Jengibre Cúrcuma Orgánico Botella 1 Ama Time,Bebe,Alimentos Bebe,Bebidas,Jugos,Alta,Bebida detectada dentro de categoria Bebe,mover_categoria
4622,Bebida Kombucha Manzana Jengibre Lata 355 ml Dr Kombú,Bebe,Alimentos Bebe,Bebidas,Jugos,Alta,Bebida detectada dentro de categoria Bebe,mover_categoria
4623,Bebida Energética Sabor Arándanos Lata 250 ml Red Bull,Bebe,Alimentos Bebe,Bebidas,Bebidas Energeticas,Alta,Bebida detectada dentro de categoria Bebe,mover_categoria
4624,Bebida Energética Sandía Lata 250 ml Red Bull,Bebe,Alimentos Bebe,Bebidas,Bebidas Energeticas,Alta,Bebida detectada dentro de categoria Bebe,mover_categoria
4625,Bebida Té Helado Negro Sabor Limón Lata 650 ml Arizona,Bebe,Alimentos Bebe,Bebidas,Bebidas,Alta,Bebida detectada dentro de categoria Bebe,mover_categoria
4626,Bebida Té Helado Negro Sabor Frambuesa Lata 650 ml Arizona,Bebe,Alimentos Bebe,Bebidas,Bebidas,Alta,Bebida detectada dentro de categoria Bebe,mover_categoria
4629,Bebida Energética Energy Peachy Keen Botella 473 ml Monster,Bebe,Alimentos Bebe,Bebidas,Bebidas Energeticas,Alta,Bebida detectada dentro de categoria Bebe,mover_categoria
4630,Bebida Ginger Ale Zero Botella 3 L Nordic Mist,Bebe,Alimentos Bebe,Bebidas,Bebidas,Alta,Bebida detectada dentro de categoria Bebe,mover_categoria
4631,Bebida Original Botella 3 L Coca-Cola,Bebe,Alimentos Bebe,Bebidas,Bebidas,Alta,Bebida detectada dentro de categoria Bebe,mover_categoria
4632,Bebida Isotónica Cool Blue Botella 1 L Gatorade,Bebe,Alimentos Bebe,Bebidas,Bebidas,Alta,Bebida detectada dentro de categoria Bebe,mover_categoria
4633,"Bebida Zero Sabor Cola Botella Retornable 2,5 L Pepsi",Bebe,Alimentos Bebe,Bebidas,Bebidas,Alta,Bebida detectada dentro de categoria Bebe,mover_categoria
4635,"Néctar Mango Maracuya Caja 1,6 L Watt's",Bebe,Alimentos Bebe,Bebidas,Jugos,Alta,Bebida detectada dentro de categoria Bebe,mover_categoria
4636,"Jugo Fresco Naranja 100% Caja 1,6 L Watt's",Bebe,Alimentos Bebe,Bebidas,Jugos,Alta,Bebida detectada dentro de categoria Bebe,mover_categoria
4637,"Néctar Piña Coco 1,6 L Watt's",Bebe,Alimentos Bebe,Bebidas,Jugos,Alta,Bebida detectada dentro de categoria Bebe,mover_categoria
4638,Jugo Naranja Zanahoria 1.6 L Watts,Bebe,Alimentos Bebe,Bebidas,Jugos,Alta,Bebida detectada dentro de categoria Bebe,mover_categoria
4639,Bebida Isotónica Sour Botella 850 ml Powerade,Bebe,Alimentos Bebe,Bebidas,Bebidas,Alta,Bebida detectada dentro de categoria Bebe,mover_categoria
4641,Agua Mineral Vital Sin Gas Botella,Bebe,Alimentos Bebe,Bebidas,Aguas,Alta,Bebida detectada dentro de categoria Bebe,mover_categoria
4642,"Bebida Isotónica Roja 1,1 L Powerade",Bebe,Alimentos Bebe,Bebidas,Bebidas,Alta,Bebida detectada dentro de categoria Bebe,mover_categoria
4644,Bebida Hidratante Naranja Botella 630 ml Suerox,Bebe,Alimentos Bebe,Bebidas,Bebidas,Alta,Bebida detectada dentro de categoria Bebe,mover_categoria
4645,Bebida Hidratante Frutilla Botella 630 ml Suerox,Bebe,Alimentos Bebe,Bebidas,Bebidas,Alta,Bebida detectada dentro de categoria Bebe,mover_categoria
4646,Bebida Hidratante Piña Botella 630 ml Suerox,Bebe,Alimentos Bebe,Bebidas,Bebidas,Alta,Bebida detectada dentro de categoria Bebe,mover_categoria
4647,Jugo Refrigerado Manzana Mango Zanahoria Betarraga Orgánico Botella 1 Ama Time,Bebe,Alimentos Bebe,Bebidas,Jugos,Alta,Bebida detectada dentro de categoria Bebe,mover_categoria
4648,Bebida Isotónica Lata Boost De Hidratación 4 Un Extra Life,Bebe,Alimentos Bebe,Bebidas,Bebidas,Alta,Bebida detectada dentro de categoria Bebe,mover_categoria
4649,Bebida Naranja Original Botella 3 L Crush,Bebe,Alimentos Bebe,Bebidas,Bebidas,Alta,Bebida detectada dentro de categoria Bebe,mover_categoria
4651,Bebida Isotónica Blue Berry Zero Botella 1 L Gatorade,Bebe,Alimentos Bebe,Bebidas,Bebidas,Alta,Bebida detectada dentro de categoria Bebe,mover_categoria
4652,Jugo En Polvo Naranja Sobre 8 g Vivo,Bebe,Alimentos Bebe,Bebidas,Jugos,Alta,Bebida detectada dentro de categoria Bebe,mover_categoria
4653,Jugo En Polvo Piña Sobre 7 g Vivo,Bebe,Alimentos Bebe,Bebidas,Jugos,Alta,Bebida detectada dentro de categoria Bebe,mover_categoria
4654,Jugo En Polvo Manzana Sobre 7 g Vivo,Bebe,Alimentos Bebe,Bebidas,Jugos,Alta,Bebida detectada dentro de categoria Bebe,mover_categoria
4655,Jugo En Polvo Sabor Frutilla Sobre 7 g Vivo,Bebe,Alimentos Bebe,Bebidas,Jugos,Alta,Bebida detectada dentro de categoria Bebe,mover_categoria
4656,Jugo En Polvo Sabor Maracuyá Sobre 7 g Vivo,Bebe,Alimentos Bebe,Bebidas,Jugos,Alta,Bebida detectada dentro de categoria Bebe,mover_categoria
4657,Jugo En Polvo Sabor Frutilla Sobre 20 g Sprim,Bebe,Alimentos Bebe,Bebidas,Jugos,Alta,Bebida detectada dentro de categoria Bebe,mover_categoria
4658,Jugo Tetra Pack En Polvo Flipy 20 g Sprim,Bebe,Alimentos Bebe,Bebidas,Jugos,Alta,Bebida detectada dentro de categoria Bebe,mover_categoria
4659,"Bebida Isotónica Frozen Blast Botella 1,1 L Powerade",Bebe,Alimentos Bebe,Bebidas,Bebidas,Alta,Bebida detectada dentro de categoria Bebe,mover_categoria
4660,"Bebida Isotónica Naranja Botella 1,1 L Powerade",Bebe,Alimentos Bebe,Bebidas,Bebidas,Alta,Bebida detectada dentro de categoria Bebe,mover_categoria
4661,Bebida Isotónica Zero Frozen Blast 850 ml Powerade,Bebe,Alimentos Bebe,Bebidas,Bebidas,Alta,Bebida detectada dentro de categoria Bebe,mover_categoria
4662,Bebida Isotónica Frozen Blast Botella 850 ml Powerade,Bebe,Alimentos Bebe,Bebidas,Bebidas,Alta,Bebida detectada dentro de categoria Bebe,mover_categoria
4663,Bebida Hidratante 8 Iones Sabor Manzana Botella 630 ml Suerox,Bebe,Alimentos Bebe,Bebidas,Bebidas,Alta,Bebida detectada dentro de categoria Bebe,mover_categoria
4664,Bebida Isotónica Durazno Mango Hidratacion Superior 630 ml Suerox,Bebe,Alimentos Bebe,Bebidas,Bebidas,Alta,Bebida detectada dentro de categoria Bebe,mover_categoria
4665,Bebida Naranja Zero Botella 3 L Crush,Bebe,Alimentos Bebe,Bebidas,Bebidas,Alta,Bebida detectada dentro de categoria Bebe,mover_categoria
4666,Jugo En Polvo Sabor Melón Tuna Sobre 7 g Vivo,Bebe,Alimentos Bebe,Bebidas,Jugos,Alta,Bebida detectada dentro de categoria Bebe,mover_categoria
4668,Néctar Sabor Mango Botella 1 L Guallarauco,Bebe,Alimentos Bebe,Bebidas,Jugos,Alta,Bebida detectada dentro de categoria Bebe,mover_categoria
4669,Néctar Sabores Mango Piña Naranja Botella 1 L Guallarauco,Bebe,Alimentos Bebe,Bebidas,Jugos,Alta,Bebida detectada dentro de categoria Bebe,mover_categoria
4672,Bebida Light Botella 2 L Coca-Cola,Bebe,Alimentos Bebe,Bebidas,Bebidas,Alta,Bebida detectada dentro de categoria Bebe,mover_categoria
4673,"Agua Mineral Strong Botella 1,6 L Cachantun",Bebe,Alimentos Bebe,Bebidas,Aguas,Alta,Bebida detectada dentro de categoria Bebe,mover_categoria
4674,Jugo Naranja Manzana Caja 200 ml Watt'S,Bebe,Alimentos Bebe,Bebidas,Jugos,Alta,Bebida detectada dentro de categoria Bebe,mover_categoria
4675,"Agua Mineral Con Gas Botella 1,6 L Vital",Bebe,Alimentos Bebe,Bebidas,Aguas,Alta,Bebida detectada dentro de categoria Bebe,mover_categoria
4676,"Agua Mineral Sin Gas Botella 1,6 L Vital",Bebe,Alimentos Bebe,Bebidas,Aguas,Alta,Bebida detectada dentro de categoria Bebe,mover_categoria
4677,"Néctar Naranja Botella 1,75 L Del Valle",Bebe,Alimentos Bebe,Bebidas,Jugos,Alta,Bebida detectada dentro de categoria Bebe,mover_categoria
4678,"Néctar Piña Botella 1,75 L Del Valle",Bebe,Alimentos Bebe,Bebidas,Jugos,Alta,Bebida detectada dentro de categoria Bebe,mover_categoria
4679,"Néctar Tetra Pack Durazno 1,75 L Del Valle",Bebe,Alimentos Bebe,Bebidas,Jugos,Alta,Bebida detectada dentro de categoria Bebe,mover_categoria
4680,Jugo Naranja Plátano Botella 2 L Love Orange,Bebe,Alimentos Bebe,Bebidas,Jugos,Alta,Bebida detectada dentro de categoria Bebe,mover_categoria
4681,Kombucha Cero Sabor Arándano 355 ml Kombuchacha,Bebe,Alimentos Bebe,Bebidas,Jugos,Alta,Bebida detectada dentro de categoria Bebe,mover_categoria
4682,Kombucha Cero Sabor Cedrón 355 ml Kombuchacha,Bebe,Alimentos Bebe,Bebidas,Jugos,Alta,Bebida detectada dentro de categoria Bebe,mover_categoria
4684,"Agua Mineral Light Gas Botella 1,6 L Cachantun",Bebe,Alimentos Bebe,Bebidas,Aguas,Alta,Bebida detectada dentro de categoria Bebe,mover_categoria
4685,Bebida Hidratante Arándano Pomelo Botella 630 ml Suerox,Bebe,Alimentos Bebe,Bebidas,Bebidas,Alta,Bebida detectada dentro de categoria Bebe,mover_categoria
4686,Bebida Isotónica Cool Blue Botella 750 cc Gatorade,Bebe,Alimentos Bebe,Bebidas,Bebidas,Alta,Bebida detectada dentro de categoria Bebe,mover_categoria
4687,Bebida Energética Original Lata 355 ml Red Bull,Bebe,Alimentos Bebe,Bebidas,Bebidas Energeticas,Alta,Bebida detectada dentro de categoria Bebe,mover_categoria
4688,"Bebida Energética Original Botella 2,5 L Mr. Big",Bebe,Alimentos Bebe,Bebidas,Bebidas Energeticas,Alta,Bebida detectada dentro de categoria Bebe,mover_categoria
4691,Sazonador Cerdo Gatos 70 g Catgo,Desayuno y Snacks,Snacks,Mascotas,Alimento Gatos,Alta,Producto de mascotas fuera de Mascotas,mover_categoria
4693,Huesito Para Perro Extra Calcio 40 g Goofy,Desayuno y Snacks,Snacks,Mascotas,Alimento Perros,Alta,Producto de mascotas fuera de Mascotas,mover_categoria
4699,Brocheta Pato Cordero Y Ternera 18 Un 345 g Buddy Pet,Desayuno y Snacks,Snacks,Mascotas,Alimento Perros,Alta,Producto de mascotas fuera de Mascotas,mover_categoria
4701,Puré Cremoso Gato Adulto Sabor Atún Sachet 56 g Churu,Desayuno y Snacks,Snacks,Mascotas,Alimento Gatos,Alta,Producto de mascotas fuera de Mascotas,mover_categoria
4702,Hueso Triple Sabor Tamaño M 1 Un Buddy Pet,Desayuno y Snacks,Snacks,Mascotas,Alimento Perros,Alta,Producto de mascotas fuera de Mascotas,mover_categoria
4703,Hueso Triple Sabor Tamaño L 1 Un Buddy Pet,Desayuno y Snacks,Snacks,Mascotas,Alimento Perros,Alta,Producto de mascotas fuera de Mascotas,mover_categoria
4707,Femúr Para Perro De Vacuno Gigante Bolsa 2 kg Stay Happy,Desayuno y Snacks,Snacks,Mascotas,Alimento Perros,Alta,Producto de mascotas fuera de Mascotas,mover_categoria
4708,Sanck Para Perro Pulmón De Vacuno Bolsa 50 g Stay Happy,Desayuno y Snacks,Snacks,Mascotas,Alimento Perros,Alta,Producto de mascotas fuera de Mascotas,mover_categoria
4709,Galleta Perro Adulto Grill g ml Pet Food,Desayuno y Snacks,Snacks,Mascotas,Alimento Perros,Alta,Producto de mascotas fuera de Mascotas,mover_categoria
4710,Galletas Perro Adulto Sabor Clásicas Biscrok Multi Bolsa 500 g Pedigree,Desayuno y Snacks,Snacks,Mascotas,Alimento Perros,Alta,Producto de mascotas fuera de Mascotas,mover_categoria
4711,Puré Cremoso Gato Adulto Sabor Atún Y Salmón Sachet 56 g Churu,Desayuno y Snacks,Snacks,Mascotas,Alimento Gatos,Alta,Producto de mascotas fuera de Mascotas,mover_categoria
4712,Galletas Perro Adulto Seco Sabor Ternera Caja 460 g Pet Food,Desayuno y Snacks,Snacks,Mascotas,Alimento Perros,Alta,Producto de mascotas fuera de Mascotas,mover_categoria
4713,Puré Cremoso Gato Adulto Sabor Atún Y Salmón Sachet 70 g Buddy Pet,Desayuno y Snacks,Snacks,Mascotas,Alimento Gatos,Alta,Producto de mascotas fuera de Mascotas,mover_categoria
4714,Tiritas De Vacuno 400 G 400 g Buddy Pet,Desayuno y Snacks,Snacks,Mascotas,Alimento Perros,Alta,Producto de mascotas fuera de Mascotas,mover_categoria
4715,Galleta Perro Adulto Raza Pequeña Pollo g g Pet Food,Desayuno y Snacks,Snacks,Mascotas,Alimento Perros,Alta,Producto de mascotas fuera de Mascotas,mover_categoria
4717,Puré Cremoso Perro Adulto Sabor Pollo Sachet 14 g Churu,Desayuno y Snacks,Snacks,Mascotas,Alimento Perros,Alta,Producto de mascotas fuera de Mascotas,mover_categoria
4718,Puré Cremoso Perro Adulto Sabor Pollo Y Vegetales Sachet 14 g Churu,Desayuno y Snacks,Snacks,Mascotas,Alimento Perros,Alta,Producto de mascotas fuera de Mascotas,mover_categoria
4719,Galletas Perro Adulto Maní Envueltas En Pollo Bolsa 100 g Buddy Pet,Desayuno y Snacks,Snacks,Mascotas,Alimento Perros,Alta,Producto de mascotas fuera de Mascotas,mover_categoria
4720,Training Treat: Rollitos De Pato Con Propóleo 100 G 100 g Buddy Pet,Desayuno y Snacks,Snacks,Mascotas,Alimento Perros,Alta,Producto de mascotas fuera de Mascotas,mover_categoria
4721,Puré Cremoso Gato Adulto Sabor Atún Sachet 70 g Buddy Pet,Desayuno y Snacks,Snacks,Mascotas,Alimento Gatos,Alta,Producto de mascotas fuera de Mascotas,mover_categoria
4722,Puré Cremoso Gato Adulto Sabor Salmón Sachet 70 g Buddy Pet,Desayuno y Snacks,Snacks,Mascotas,Alimento Gatos,Alta,Producto de mascotas fuera de Mascotas,mover_categoria
4723,Galletas Gato Adulto Catnip Y Atún Bolsa 65 g Buddy Pet,Desayuno y Snacks,Snacks,Mascotas,Alimento Gatos,Alta,Producto de mascotas fuera de Mascotas,mover_categoria
4724,Galletas Gato Adulto Catnip Y Pollo Bolsa 65 g Buddy Pet,Desayuno y Snacks,Snacks,Mascotas,Alimento Gatos,Alta,Producto de mascotas fuera de Mascotas,mover_categoria
4808,Endulzante Polvo Tagatosa Bolsa 250 Daily,Desayuno y Snacks,Mermeladas,Mascotas,Alimento Gatos,Alta,Producto de mascotas fuera de Mascotas,mover_categoria
4811,Endulzante Líquido Tagatosa Botella 270 ml Lider,Desayuno y Snacks,Mermeladas,Mascotas,Alimento Gatos,Alta,Producto de mascotas fuera de Mascotas,mover_categoria
4841,Endulzante Líquido Tagatosa Botella 270 Daily,Desayuno y Snacks,Mermeladas,Mascotas,Alimento Gatos,Alta,Producto de mascotas fuera de Mascotas,mover_categoria
4862,Bebida 500 ml Orasi,Bebe,Alimentos Bebe,Bebidas,Bebidas,Alta,Bebida detectada dentro de categoria Bebe,mover_categoria
5179,Detergente Líquido Hipoalergénico Bebé Doypack 3 l Popeye,Bebe,Alimentos Bebe,Limpieza,Detergentes,Media,Producto de limpieza detectado dentro de categoria Bebe,revisar_y_mover
5180,Detergente Líquido Hipoalergénico Bebé Doypack 1l Popeye,Bebe,Alimentos Bebe,Limpieza,Detergentes,Media,Producto de limpieza detectado dentro de categoria Bebe,revisar_y_mover
5185,Detergente Líquido Hipoalergénico Bebé Botella 3 l Popeye,Bebe,Alimentos Bebe,Limpieza,Detergentes,Media,Producto de limpieza detectado dentro de categoria Bebe,revisar_y_mover
5222,Jabón Líquido Hipoalergénico Bebé Doypack 1 l Popeye,Bebe,Alimentos Bebe,Higiene Personal,Jabon,Alta,Producto de higiene personal fuera de Higiene Personal,mover_categoria
5253,Jabón En Barra Bebé Bolsa 170 g Popeye,Bebe,Alimentos Bebe,Higiene Personal,Jabon,Alta,Producto de higiene personal fuera de Higiene Personal,mover_categoria
5280,Jabón En Barra Hipoalergénico Bebé Bolsa 2un Pack 340 g Popeye,Bebe,Alimentos Bebe,Higiene Personal,Jabon,Alta,Producto de higiene personal fuera de Higiene Personal,mover_categoria
5451,Shampoo Neutro Botella 1 Un Babyland,Bebe,Alimentos Bebe,Higiene Personal,Shampoo,Alta,Producto de higiene personal fuera de Higiene Personal,mover_categoria
5472,Shampoo Brillitos Mágicos 400 ml Babylee,Bebe,Alimentos Bebe,Higiene Personal,Shampoo,Alta,Producto de higiene personal fuera de Higiene Personal,mover_categoria
5473,Shampoo Kids Rulos 410 ml Babyland,Bebe,Alimentos Bebe,Higiene Personal,Shampoo,Alta,Producto de higiene personal fuera de Higiene Personal,mover_categoria
5477,Shampoo Original 750 ml Johnson's Baby,Bebe,Alimentos Bebe,Higiene Personal,Shampoo,Alta,Producto de higiene personal fuera de Higiene Personal,mover_categoria
5478,Shampoo Hipoalergénico Botella 610 ml Simond’s,Bebe,Alimentos Bebe,Higiene Personal,Shampoo,Alta,Producto de higiene personal fuera de Higiene Personal,mover_categoria
5479,Shampoo Evita Lagrimas 750 ml Simond’s,Bebe,Alimentos Bebe,Higiene Personal,Shampoo,Alta,Producto de higiene personal fuera de Higiene Personal,mover_categoria
5480,Shampoo Kids Boom Frutal 410 ml Babyland,Bebe,Alimentos Bebe,Higiene Personal,Shampoo,Alta,Producto de higiene personal fuera de Higiene Personal,mover_categoria
5490,Shampoo Manzanilla Camomilla Botella 400 ml Simond’s,Bebe,Alimentos Bebe,Higiene Personal,Shampoo,Alta,Producto de higiene personal fuera de Higiene Personal,mover_categoria
5491,Shampoo Brillitos De Argán Botella 400 ml Simond’s,Bebe,Alimentos Bebe,Higiene Personal,Shampoo,Alta,Producto de higiene personal fuera de Higiene Personal,mover_categoria
5492,Shampoo Caramel Smile Kids 400 ml Simond’s,Bebe,Alimentos Bebe,Higiene Personal,Shampoo,Alta,Producto de higiene personal fuera de Higiene Personal,mover_categoria
5494,Shampoo Baby Manzanilla 750 ml Johnson's Baby,Bebe,Alimentos Bebe,Higiene Personal,Shampoo,Alta,Producto de higiene personal fuera de Higiene Personal,mover_categoria
5495,Shampoo Gotas De Brillo 750 ml Johnson's Baby,Bebe,Alimentos Bebe,Higiene Personal,Shampoo,Alta,Producto de higiene personal fuera de Higiene Personal,mover_categoria
5497,Shampoo Dermatológico Para Bebé Manzanilla Botella 400 ml Babylee,Bebe,Alimentos Bebe,Higiene Personal,Shampoo,Alta,Producto de higiene personal fuera de Higiene Personal,mover_categoria
5502,Shampoo Aroma Manzanilla Camomilla Botella 610 ml Simond’s,Bebe,Alimentos Bebe,Higiene Personal,Shampoo,Alta,Producto de higiene personal fuera de Higiene Personal,mover_categoria
5519,Shampoo Para Bebé Ph Balanceado 400 ml Johnson's Baby,Bebe,Alimentos Bebe,Higiene Personal,Shampoo,Alta,Producto de higiene personal fuera de Higiene Personal,mover_categoria
5533,Shampoo Para Niños Smile Kids Aroma Manzanilla Botella 400 ml Simond’s,Bebe,Alimentos Bebe,Higiene Personal,Shampoo,Alta,Producto de higiene personal fuera de Higiene Personal,mover_categoria
5537,Shampoo Suave 1 Un Mustela,Bebe,Alimentos Bebe,Higiene Personal,Shampoo,Alta,Producto de higiene personal fuera de Higiene Personal,mover_categoria
5538,Shampoo Para Bebé Cabello Claro X 400 Ml 400 ml Johnson's Baby,Bebe,Alimentos Bebe,Higiene Personal,Shampoo,Alta,Producto de higiene personal fuera de Higiene Personal,mover_categoria
5576,Shampoo Fragancia Prolongada Botella 1 Un Babylee,Bebe,Alimentos Bebe,Higiene Personal,Shampoo,Alta,Producto de higiene personal fuera de Higiene Personal,mover_categoria
5577,Shampoo Brillitos De Argán Botella 1 Un Babyland,Bebe,Alimentos Bebe,Higiene Personal,Shampoo,Alta,Producto de higiene personal fuera de Higiene Personal,mover_categoria
5581,Shampoo Manzanilla Doypack 750 ml Babylee,Bebe,Alimentos Bebe,Higiene Personal,Shampoo,Alta,Producto de higiene personal fuera de Higiene Personal,mover_categoria
5586,Shampoo Neutro Para Bebés. 400 ml Simond’s,Bebe,Alimentos Bebe,Higiene Personal,Shampoo,Alta,Producto de higiene personal fuera de Higiene Personal,mover_categoria
5587,Shampoo Baby Flip Top 400 ml Ammens,Bebe,Alimentos Bebe,Higiene Personal,Shampoo,Alta,Producto de higiene personal fuera de Higiene Personal,mover_categoria
5588,Shampoo Rizos Obedientes Botella 400 ml Babylee,Bebe,Alimentos Bebe,Higiene Personal,Shampoo,Alta,Producto de higiene personal fuera de Higiene Personal,mover_categoria
5589,Shampoo Manzanilla Camomilla Botella 410 ml Babyland,Bebe,Alimentos Bebe,Higiene Personal,Shampoo,Alta,Producto de higiene personal fuera de Higiene Personal,mover_categoria
5590,Shampoo Manzanilla Camomilla Botella 700 ml Babyland,Bebe,Alimentos Bebe,Higiene Personal,Shampoo,Alta,Producto de higiene personal fuera de Higiene Personal,mover_categoria
5591,Shampoo Baby Neutro Botella 410 ml Babyland,Bebe,Alimentos Bebe,Higiene Personal,Shampoo,Alta,Producto de higiene personal fuera de Higiene Personal,mover_categoria
5593,Shampoo Coco Vainilla Botella 400 ml Simond’s,Bebe,Alimentos Bebe,Higiene Personal,Shampoo,Alta,Producto de higiene personal fuera de Higiene Personal,mover_categoria
5594,Shampoo Brillitos Argán Con Válvula 750 ml Simond's,Bebe,Alimentos Bebe,Higiene Personal,Shampoo,Alta,Producto de higiene personal fuera de Higiene Personal,mover_categoria
5601,Shampoo Kids Dulce Bubble Gum 410 ml Babyland,Bebe,Alimentos Bebe,Higiene Personal,Shampoo,Alta,Producto de higiene personal fuera de Higiene Personal,mover_categoria
5603,Shampoo Para Niños Gotas De Brillo 400 ml Johnson's Baby,Bebe,Alimentos Bebe,Higiene Personal,Shampoo,Alta,Producto de higiene personal fuera de Higiene Personal,mover_categoria
5605,Shampoo Baby Plus 2 En 1 Botella 400 ml Simond’s,Bebe,Alimentos Bebe,Higiene Personal,Shampoo,Alta,Producto de higiene personal fuera de Higiene Personal,mover_categoria
5606,Shampoo Fuerza Y Vitamina 400 ml Johnson's Baby,Bebe,Alimentos Bebe,Higiene Personal,Shampoo,Alta,Producto de higiene personal fuera de Higiene Personal,mover_categoria
5607,Shampoo Para Niños Hidratación Intensa X 400 Ml 400 ml Johnson's Baby,Bebe,Alimentos Bebe,Higiene Personal,Shampoo,Alta,Producto de higiene personal fuera de Higiene Personal,mover_categoria
5608,Acondicionador Brillitos 1 Un Babyland,Bebe,Alimentos Bebe,Higiene Personal,Acondicionador,Alta,Producto de higiene personal fuera de Higiene Personal,mover_categoria
5609,Acondicionador Kids Con Argán Con Válvula ml ML Simond's,Bebe,Alimentos Bebe,Higiene Personal,Acondicionador,Alta,Producto de higiene personal fuera de Higiene Personal,mover_categoria
5610,Acondicionador Brillitos Mágicos Botella 400 ml Babylee,Bebe,Alimentos Bebe,Higiene Personal,Acondicionador,Alta,Producto de higiene personal fuera de Higiene Personal,mover_categoria
5612,Acondicionador Manzanilla 400 ml Simond’s,Bebe,Alimentos Bebe,Higiene Personal,Acondicionador,Alta,Producto de higiene personal fuera de Higiene Personal,mover_categoria
5613,Acondicionador Manzanilla Cabellos Claros 410 ml Babyland,Bebe,Alimentos Bebe,Higiene Personal,Acondicionador,Alta,Producto de higiene personal fuera de Higiene Personal,mover_categoria
5614,Acondicionador Kids Rulos 410 ml Babyland,Bebe,Alimentos Bebe,Higiene Personal,Acondicionador,Alta,Producto de higiene personal fuera de Higiene Personal,mover_categoria
5615,Acondicionador Baby Tapa Flip Top 400 ml Ammens,Bebe,Alimentos Bebe,Higiene Personal,Acondicionador,Alta,Producto de higiene personal fuera de Higiene Personal,mover_categoria
5617,Acondicionador Gotas De Brillo 400 ml Johnson's Baby,Bebe,Alimentos Bebe,Higiene Personal,Acondicionador,Alta,Producto de higiene personal fuera de Higiene Personal,mover_categoria
5618,Acondicionador Hidratación Intensa 400 ml Johnson's Baby,Bebe,Alimentos Bebe,Higiene Personal,Acondicionador,Alta,Producto de higiene personal fuera de Higiene Personal,mover_categoria
5619,Acondicionador Para Niños Baby Care Botella 610 ml Simond’s,Bebe,Alimentos Bebe,Higiene Personal,Acondicionador,Alta,Producto de higiene personal fuera de Higiene Personal,mover_categoria
5620,Acondicionador Baby Evita Lagrimas Con Válvula ml ml Simond's,Bebe,Alimentos Bebe,Higiene Personal,Acondicionador,Alta,Producto de higiene personal fuera de Higiene Personal,mover_categoria
5621,Acondicionador Para Bebé Ph Balanceado 400 ml Johnson's Baby,Bebe,Alimentos Bebe,Higiene Personal,Acondicionador,Alta,Producto de higiene personal fuera de Higiene Personal,mover_categoria
5623,Acondicionador Fragancia Prolongada 1 Un Babylee,Bebe,Alimentos Bebe,Higiene Personal,Acondicionador,Alta,Producto de higiene personal fuera de Higiene Personal,mover_categoria
5624,Shampoo Para Perro Antiparasitario Botella 300 ml Sinpul,Mascotas,Alimento Perros,Higiene Personal,Shampoo,Media,Producto de higiene personal fuera de Higiene Personal,revisar_y_mover
5625,Acondicionador Manzanilla Hipoalergénico Botella 400 ml Babylee,Bebe,Alimentos Bebe,Higiene Personal,Acondicionador,Alta,Producto de higiene personal fuera de Higiene Personal,mover_categoria
5626,Acondicionador Rizos Obedientes 400 ml Babylee,Bebe,Alimentos Bebe,Higiene Personal,Acondicionador,Alta,Producto de higiene personal fuera de Higiene Personal,mover_categoria
5627,Acondicionador Manzanilla Doypack 750 ml Babylee,Bebe,Alimentos Bebe,Higiene Personal,Acondicionador,Alta,Producto de higiene personal fuera de Higiene Personal,mover_categoria
5630,Acondicionador Extra Suave Botella 400 ml Simond’s,Bebe,Alimentos Bebe,Higiene Personal,Acondicionador,Alta,Producto de higiene personal fuera de Higiene Personal,mover_categoria
5631,Acondicionador Brillitos De Argán 400 ml Simond’s,Bebe,Alimentos Bebe,Higiene Personal,Acondicionador,Alta,Producto de higiene personal fuera de Higiene Personal,mover_categoria
5632,Acondicionador Kids Dulce Bubble Gum 410 ml Babyland,Bebe,Alimentos Bebe,Higiene Personal,Acondicionador,Alta,Producto de higiene personal fuera de Higiene Personal,mover_categoria
5633,Shampoo Para Bebé Sin Lagrimas 400 ml Parent's Choice,Bebe,Alimentos Bebe,Higiene Personal,Shampoo,Alta,Producto de higiene personal fuera de Higiene Personal,mover_categoria
5637,Acondicionador Natural Para Niños Manzanilla Botella 610 ml Simond’s,Bebe,Alimentos Bebe,Higiene Personal,Acondicionador,Alta,Producto de higiene personal fuera de Higiene Personal,mover_categoria
5638,Shampoo Para Perro Balsamico Uso Frecuente Botella 390 ml Canish,Mascotas,Alimento Perros,Higiene Personal,Shampoo,Media,Producto de higiene personal fuera de Higiene Personal,revisar_y_mover
5639,Jabón Y Shampoo Líquido Para Bebé 1 L Parent's Choice,Bebe,Alimentos Bebe,Higiene Personal,Shampoo,Alta,Producto de higiene personal fuera de Higiene Personal,mover_categoria
5640,Shampoo Para Perro Balsámico Aroma Vainilla Botella 1000 ml Buddy Pet,Mascotas,Alimento Perros,Higiene Personal,Shampoo,Media,Producto de higiene personal fuera de Higiene Personal,revisar_y_mover
5641,Jabón Y Shampoo Liquido Para Bebé 400 ml Parent's Choice,Bebe,Alimentos Bebe,Higiene Personal,Shampoo,Alta,Producto de higiene personal fuera de Higiene Personal,mover_categoria
5642,Acondicionador Para Niños Fuerza Y Vitamina 400 ml Johnson's Baby,Bebe,Alimentos Bebe,Higiene Personal,Acondicionador,Alta,Producto de higiene personal fuera de Higiene Personal,mover_categoria
5643,Shampoo Para Perro Repelente Pulgas Aroma Eucalipto Botella 1000 ml Buddy Pet,Mascotas,Alimento Perros,Higiene Personal,Shampoo,Media,Producto de higiene personal fuera de Higiene Personal,revisar_y_mover
5644,Shampoo Para Perro Espuma Seca Aroma Granada Lata 230 ml Buddy Pet,Mascotas,Alimento Perros,Higiene Personal,Shampoo,Media,Producto de higiene personal fuera de Higiene Personal,revisar_y_mover
5645,Jabón Y Shampoo Líquido De Bebe Para Antes De Dormir 800 ml Parent's Choice,Bebe,Alimentos Bebe,Higiene Personal,Shampoo,Alta,Producto de higiene personal fuera de Higiene Personal,mover_categoria
5647,Shampoo Para Gato Seco Repelente Pulgas Aroma Eucaliptus Lata 100 g Buddy Pet,Mascotas,Alimento Gatos,Higiene Personal,Shampoo,Media,Producto de higiene personal fuera de Higiene Personal,revisar_y_mover
5649,Shampoo Para Perro Pelaje Claro Con Aloe Vera Aroma Frambuesa Y Papaya Botella 300 ml Buddy Pet,Mascotas,Alimento Perros,Higiene Personal,Shampoo,Media,Producto de higiene personal fuera de Higiene Personal,revisar_y_mover
5650,Shampoo Para Perro 2 En 1 Con Balsamo Aroma Vainilla Botella 300 ml Buddy Pet,Mascotas,Alimento Perros,Higiene Personal,Shampoo,Media,Producto de higiene personal fuera de Higiene Personal,revisar_y_mover
5651,Shampoo Para Perro Hipoalergenico Uso Frecuente Botella 390 ml Canish,Mascotas,Alimento Perros,Higiene Personal,Shampoo,Media,Producto de higiene personal fuera de Higiene Personal,revisar_y_mover
5653,Shampoo Para Bebé Noche 444 ml Parent's Choice,Bebe,Alimentos Bebe,Higiene Personal,Shampoo,Alta,Producto de higiene personal fuera de Higiene Personal,mover_categoria
5654,Shampoo De Bebe Para Antes De Dormir 400 ml Parent's Choice,Bebe,Alimentos Bebe,Higiene Personal,Shampoo,Alta,Producto de higiene personal fuera de Higiene Personal,mover_categoria
5655,Shampoo Para Perro Seco Aroma Eucaliptus Lata 100 g Buddy Pet,Mascotas,Alimento Perros,Higiene Personal,Shampoo,Media,Producto de higiene personal fuera de Higiene Personal,revisar_y_mover
5656,Shampoo Para Perro Repelente Con Aloe Vera Aroma Eucaliptus Botella 300 ml Buddy Pet,Mascotas,Alimento Perros,Higiene Personal,Shampoo,Media,Producto de higiene personal fuera de Higiene Personal,revisar_y_mover
5910,Bebida De Almendras Sabor Original 200 ml Vilay,Bebe,Alimentos Bebe,Bebidas,Bebidas,Alta,Bebida detectada dentro de categoria Bebe,mover_categoria
5915,Jabón De Glicerina Bebé 750 ml Babyland,Bebe,Alimentos Bebe,Higiene Personal,Jabon,Alta,Producto de higiene personal fuera de Higiene Personal,mover_categoria
5916,Bebida De Coco Lata 400 cc Deyco,Bebe,Alimentos Bebe,Bebidas,Bebidas,Alta,Bebida detectada dentro de categoria Bebe,mover_categoria
5917,Bebida Láctea Probiótico Uno Sabor Frutilla Pack 6 Caja 6 Un Soprole,Bebe,Alimentos Bebe,Bebidas,Bebidas,Alta,Bebida detectada dentro de categoria Bebe,mover_categoria
5918,Bebida De Coco Lata 400 ml Aroy-D,Bebe,Alimentos Bebe,Bebidas,Bebidas,Alta,Bebida detectada dentro de categoria Bebe,mover_categoria
5919,Bebida Láctea Descremada Probiotico Sabor Damasco 108 ml Calan,Bebe,Alimentos Bebe,Bebidas,Bebidas,Alta,Bebida detectada dentro de categoria Bebe,mover_categoria
5920,Bebida Láctea Probiótico Defensas Con Bombilla Sabor Multifruta Caja 6 Un Soprole UNO,Bebe,Alimentos Bebe,Bebidas,Bebidas,Alta,Bebida detectada dentro de categoria Bebe,mover_categoria
5921,Bebida Láctea Sabor Mora 1 L Yogu Yogu,Bebe,Alimentos Bebe,Bebidas,Bebidas,Alta,Bebida detectada dentro de categoria Bebe,mover_categoria
5922,Bebida Láctea Probiótico Uno Sabor Frutilla Pack 12 Caja 80 ml Soprole,Bebe,Alimentos Bebe,Bebidas,Bebidas,Alta,Bebida detectada dentro de categoria Bebe,mover_categoria
5923,Bebida Láctea Sin Lactosa Con Probióticos Sabor Frutilla 320 g Quillayes,Bebe,Alimentos Bebe,Bebidas,Bebidas,Alta,Bebida detectada dentro de categoria Bebe,mover_categoria
5924,Bebida Láctea Sin Lactosa Con Probióticos Sabor Manzana. 320 ml Quillayes,Bebe,Alimentos Bebe,Bebidas,Bebidas,Alta,Bebida detectada dentro de categoria Bebe,mover_categoria
5925,Bebida Ginger Beer Pack 4 Botella 200 ml Thomas Henry,Bebe,Alimentos Bebe,Bebidas,Bebidas,Alta,Bebida detectada dentro de categoria Bebe,mover_categoria
5926,Bebida Láctea Probiótico Sabor Multifruta Pack Botella 6 Botellas 90 cc c/u Calán,Bebe,Alimentos Bebe,Bebidas,Bebidas,Alta,Bebida detectada dentro de categoria Bebe,mover_categoria
5941,Jabón Micelar Botella 1 Un Simond’s,Bebe,Alimentos Bebe,Higiene Personal,Cuidado Facial,Alta,Producto de higiene personal fuera de Higiene Personal,mover_categoria
5942,Jabón De Glicerina Hipoalergénico 750 ml Babyland,Bebe,Alimentos Bebe,Higiene Personal,Jabon,Alta,Producto de higiene personal fuera de Higiene Personal,mover_categoria
5949,Jabón Líquido Blanco Botella 1 L Simond’s,Bebe,Alimentos Bebe,Higiene Personal,Jabon,Alta,Producto de higiene personal fuera de Higiene Personal,mover_categoria
5950,Jabón Líquido Hipoalergénico 1 L Simond’s,Bebe,Alimentos Bebe,Higiene Personal,Jabon,Alta,Producto de higiene personal fuera de Higiene Personal,mover_categoria
5951,Jabón De Afrecho Cremoso Nutritivo Botella 340 ml Simond’s,Bebe,Alimentos Bebe,Higiene Personal,Jabon,Alta,Producto de higiene personal fuera de Higiene Personal,mover_categoria
5955,Vino Tinto Cabernet Sauvignon Hard Fire 16° Botella 750 ml Diablo,Bebe,Alimentos Bebe,Bebidas,Vinos,Alta,Bebida detectada dentro de categoria Bebe,mover_categoria
5973,Jabón De Glicerina Baby Care Botella 340 ml Simond’s,Bebe,Alimentos Bebe,Higiene Personal,Jabon,Alta,Producto de higiene personal fuera de Higiene Personal,mover_categoria
5978,Desinfectante Antibacterial Lavanda Y Bebé Pack 2 Aerosol Lata,Bebe,Alimentos Bebe,Limpieza,Detergentes,Media,Producto de limpieza detectado dentro de categoria Bebe,revisar_y_mover
5979,Desinfectante De Ambientes Y Elimina Olores Bebé En Aerosol Lata 360 ml Lysoform,Bebe,Alimentos Bebe,Limpieza,Detergentes,Media,Producto de limpieza detectado dentro de categoria Bebe,revisar_y_mover
5981,Jabón Líquido Spiderman 400 ml Gelatti,Bebe,Alimentos Bebe,Higiene Personal,Jabon,Alta,Producto de higiene personal fuera de Higiene Personal,mover_categoria
5982,Jabón Espuma Barbie 300 ml Gelatti Kids,Bebe,Alimentos Bebe,Higiene Personal,Jabon,Alta,Producto de higiene personal fuera de Higiene Personal,mover_categoria
5983,Jabón Líquido 3d Stitch 400 ml Gelatti Kids,Bebe,Alimentos Bebe,Higiene Personal,Jabon,Alta,Producto de higiene personal fuera de Higiene Personal,mover_categoria
6217,Pack 6 un. Bebida Láctea Milo 200 ml,"Lacteos, Huevos y Congelados",Leche,Bebidas,Bebidas,Media,Bebida fuera de Bebidas,revisar_y_mover
6245,Bebida Láctea Loncoleche Shot Proteína Berries 100 ml,"Lacteos, Huevos y Congelados",Leche,Bebidas,Bebidas,Media,Bebida fuera de Bebidas,revisar_y_mover
6273,Bebida Láctea Nido Buen Día Semidescremada 300 g,"Lacteos, Huevos y Congelados",Leche,Bebidas,Bebidas,Media,Bebida fuera de Bebidas,revisar_y_mover
6299,Bebida Láctea Soprole Kéfir Berries 1 L,"Lacteos, Huevos y Congelados",Leche,Bebidas,Bebidas,Media,Bebida fuera de Bebidas,revisar_y_mover
6309,Bebida Láctea Yogu Yogu Chirimoya 200 ml,"Lacteos, Huevos y Congelados",Leche,Bebidas,Bebidas,Media,Bebida fuera de Bebidas,revisar_y_mover
6312,Pack 6 un. Bebida Láctea Uno Manzana 80 ml,"Lacteos, Huevos y Congelados",Leche,Bebidas,Bebidas,Media,Bebida fuera de Bebidas,revisar_y_mover
6335,Pack 6 un. Bebida Láctea Chamyto Original 80 ml,"Lacteos, Huevos y Congelados",Leche,Bebidas,Bebidas,Media,Bebida fuera de Bebidas,revisar_y_mover
6339,Pack 6 un. Bebida Láctea Chamyto Frambuesa 80 ml,"Lacteos, Huevos y Congelados",Leche,Bebidas,Bebidas,Media,Bebida fuera de Bebidas,revisar_y_mover
6340,Bebida Láctea Soprole Kéfir Natural 1 L,"Lacteos, Huevos y Congelados",Leche,Bebidas,Bebidas,Media,Bebida fuera de Bebidas,revisar_y_mover
6341,Bebida Láctea Yogu Yogu Mora 200 ml,"Lacteos, Huevos y Congelados",Leche,Bebidas,Bebidas,Media,Bebida fuera de Bebidas,revisar_y_mover
6342,Bebida Láctea Yogu Yogu Piña 200 ml,"Lacteos, Huevos y Congelados",Leche,Bebidas,Bebidas,Media,Bebida fuera de Bebidas,revisar_y_mover
6361,Bebida Láctea Yogu Yogu Damasco 200 ml,"Lacteos, Huevos y Congelados",Leche,Bebidas,Bebidas,Media,Bebida fuera de Bebidas,revisar_y_mover
6372,Pack 6 un. Bebida Láctea Loncoleche Proteína Shot Berries 100 ml,"Lacteos, Huevos y Congelados",Leche,Bebidas,Bebidas,Media,Bebida fuera de Bebidas,revisar_y_mover
6404,Bebida Láctea Milo Sin Lactosa Chocolate 200 ml,"Lacteos, Huevos y Congelados",Leche,Bebidas,Bebidas,Media,Bebida fuera de Bebidas,revisar_y_mover
6406,Bebida Láctea Milo 200 ml,"Lacteos, Huevos y Congelados",Leche,Bebidas,Bebidas,Media,Bebida fuera de Bebidas,revisar_y_mover
6408,Bebida Láctea Trencito Chocolate 200 ml,"Lacteos, Huevos y Congelados",Leche,Bebidas,Bebidas,Media,Bebida fuera de Bebidas,revisar_y_mover
6409,Pack 12 un. Bebida Láctea Uno Multifrut 80 ml,"Lacteos, Huevos y Congelados",Leche,Bebidas,Bebidas,Media,Bebida fuera de Bebidas,revisar_y_mover
6410,Bebida Láctea Loncoleche Shake Shake Manjar 170 cc,"Lacteos, Huevos y Congelados",Leche,Bebidas,Bebidas,Media,Bebida fuera de Bebidas,revisar_y_mover
6412,Pack 18 un. Bebida Láctea Chamyto Frutilla 80 ml,"Lacteos, Huevos y Congelados",Leche,Bebidas,Bebidas,Media,Bebida fuera de Bebidas,revisar_y_mover
6416,Bebida Láctea Calán Probióticos Frutilla 90 g,"Lacteos, Huevos y Congelados",Leche,Bebidas,Bebidas,Media,Bebida fuera de Bebidas,revisar_y_mover
6417,Pack 6 un. Bebida Láctea Yogu Yogu Mora 200 ml,"Lacteos, Huevos y Congelados",Leche,Bebidas,Bebidas,Media,Bebida fuera de Bebidas,revisar_y_mover
6418,Pack 6 un. Bebida Láctea Loncoleche Manjar 170 ml,"Lacteos, Huevos y Congelados",Leche,Bebidas,Bebidas,Media,Bebida fuera de Bebidas,revisar_y_mover
6420,Bebida Láctea Yogu Yogu Frutilla 200 ml,"Lacteos, Huevos y Congelados",Leche,Bebidas,Bebidas,Media,Bebida fuera de Bebidas,revisar_y_mover
6421,Pack 6 un. Bebida Láctea Chamyto Frutilla 80 ml,"Lacteos, Huevos y Congelados",Leche,Bebidas,Bebidas,Media,Bebida fuera de Bebidas,revisar_y_mover
6424,Pack 6 un. Bebida Láctea Calán Probióticos Frutilla 90 ml,"Lacteos, Huevos y Congelados",Leche,Bebidas,Bebidas,Media,Bebida fuera de Bebidas,revisar_y_mover
6427,Bebida Láctea Nutren Senior Vainilla 200 ml,"Lacteos, Huevos y Congelados",Leche,Bebidas,Bebidas,Media,Bebida fuera de Bebidas,revisar_y_mover
6428,Pack 6 un. Bebida Láctea Loncoleche Proteína Shot Vainilla 100 ml,"Lacteos, Huevos y Congelados",Leche,Bebidas,Bebidas,Media,Bebida fuera de Bebidas,revisar_y_mover
6429,Pack 6 un. Bebida Láctea Calán Probióticos Multifruta 90 ml,"Lacteos, Huevos y Congelados",Leche,Bebidas,Bebidas,Media,Bebida fuera de Bebidas,revisar_y_mover
6430,Pack 18 un. Bebida Láctea Chamyto Manzana Multipack 80 ml,"Lacteos, Huevos y Congelados",Leche,Bebidas,Bebidas,Media,Bebida fuera de Bebidas,revisar_y_mover
6432,Pack 6 un. Bebida Láctea Calán Probióticos Mora 90 ml,"Lacteos, Huevos y Congelados",Leche,Bebidas,Bebidas,Media,Bebida fuera de Bebidas,revisar_y_mover
6433,Pack 6 un. Bebida Láctea Chamyto Manzana 80 ml,"Lacteos, Huevos y Congelados",Leche,Bebidas,Bebidas,Media,Bebida fuera de Bebidas,revisar_y_mover
6434,Pack 12 un. Bebida Láctea Calán Frutilla 98 ml,"Lacteos, Huevos y Congelados",Leche,Bebidas,Bebidas,Media,Bebida fuera de Bebidas,revisar_y_mover
6436,Pack 6 un. Bebida láctea probiótico manzana 90 ml,"Lacteos, Huevos y Congelados",Leche,Bebidas,Bebidas,Media,Bebida fuera de Bebidas,revisar_y_mover
6438,Pack 6 un. Bebida Láctea Vainilla 200 ml,"Lacteos, Huevos y Congelados",Leche,Bebidas,Bebidas,Media,Bebida fuera de Bebidas,revisar_y_mover
6441,Pack 6 un. Bebida Láctea Chamyto Tutti-Frutti 80 ml,"Lacteos, Huevos y Congelados",Leche,Bebidas,Bebidas,Media,Bebida fuera de Bebidas,revisar_y_mover
6445,Pack 6 un. Bebida Láctea Yogu Yogu Frutilla 200 ml,"Lacteos, Huevos y Congelados",Leche,Bebidas,Bebidas,Media,Bebida fuera de Bebidas,revisar_y_mover
6449,Pack 6 un. Bebida Láctea Yogu Yogu Chirimoya 200 ml,"Lacteos, Huevos y Congelados",Leche,Bebidas,Bebidas,Media,Bebida fuera de Bebidas,revisar_y_mover
6450,Pack 6 un. Bebida Láctea Yogu Yogu Piña 200 ml,"Lacteos, Huevos y Congelados",Leche,Bebidas,Bebidas,Media,Bebida fuera de Bebidas,revisar_y_mover
6451,Caja 30 un. Bebida Láctea Yogu-Yogu Mora 200 cc,"Lacteos, Huevos y Congelados",Leche,Bebidas,Bebidas,Media,Bebida fuera de Bebidas,revisar_y_mover
6452,Bebida Láctea Yogu Yogu Frambuesa 200 ml,"Lacteos, Huevos y Congelados",Leche,Bebidas,Bebidas,Media,Bebida fuera de Bebidas,revisar_y_mover
6453,Pack 6 un. Bebida Láctea Yogu Yogu Damasco 200 ml,"Lacteos, Huevos y Congelados",Leche,Bebidas,Bebidas,Media,Bebida fuera de Bebidas,revisar_y_mover
6454,Caja 30 un. Bebida Láctea Yogu-Yogu Frutilla 200 cc,"Lacteos, Huevos y Congelados",Leche,Bebidas,Bebidas,Media,Bebida fuera de Bebidas,revisar_y_mover
6455,Bebida Láctea Yogu Yogu Tropical 200 ml,"Lacteos, Huevos y Congelados",Leche,Bebidas,Bebidas,Media,Bebida fuera de Bebidas,revisar_y_mover
6457,Bebida Láctea Probiótica Chamyto Frambuesa 18 x 80 ml,"Lacteos, Huevos y Congelados",Leche,Bebidas,Bebidas,Media,Bebida fuera de Bebidas,revisar_y_mover
6460,Bebida Láctea Yogu Yogu Sabor Vainilla 200 ml,"Lacteos, Huevos y Congelados",Leche,Bebidas,Bebidas,Media,Bebida fuera de Bebidas,revisar_y_mover
6480,Pack 6 un. Bebida Láctea Loncoleche Chocolate 170 ml,"Lacteos, Huevos y Congelados",Leche,Bebidas,Bebidas,Media,Bebida fuera de Bebidas,revisar_y_mover
6481,Bebida Láctea Loncoleche Shake Shake Chocolate 170 cc,"Lacteos, Huevos y Congelados",Leche,Bebidas,Bebidas,Media,Bebida fuera de Bebidas,revisar_y_mover
6500,Bebida Láctea Máxima 800 g,"Lacteos, Huevos y Congelados",Leche,Bebidas,Bebidas,Media,Bebida fuera de Bebidas,revisar_y_mover
6551,Pack 6 un. Bebida Láctea Milo Sin Lactosa 200 ml,"Lacteos, Huevos y Congelados",Leche,Bebidas,Bebidas,Media,Bebida fuera de Bebidas,revisar_y_mover
6572,Bebida Láctea Yogu Yogu Original Mora 250 ml,"Lacteos, Huevos y Congelados",Leche,Bebidas,Bebidas,Media,Bebida fuera de Bebidas,revisar_y_mover
6586,Bebida Láctea Yogu Yogu Mora 115 cc,"Lacteos, Huevos y Congelados",Leche,Bebidas,Bebidas,Media,Bebida fuera de Bebidas,revisar_y_mover
6587,Bebida Láctea Yogu Yogu Frutilla 115 cc,"Lacteos, Huevos y Congelados",Leche,Bebidas,Bebidas,Media,Bebida fuera de Bebidas,revisar_y_mover
6589,Bebida Láctea Probiótico Calan Frutilla 108 g 12 un.,"Lacteos, Huevos y Congelados",Leche,Bebidas,Bebidas,Media,Bebida fuera de Bebidas,revisar_y_mover
6590,Bebida Láctea Probiótico Calan Damasco 108 g 12 un.,"Lacteos, Huevos y Congelados",Leche,Bebidas,Bebidas,Media,Bebida fuera de Bebidas,revisar_y_mover
6972,Bebida Láctea Soprole Kéfir Tropical 1 L,"Lacteos, Huevos y Congelados",Yogurt,Bebidas,Bebidas,Media,Bebida fuera de Bebidas,revisar_y_mover
6998,Bebida Láctea Kéfir Quillayes 400 g,"Lacteos, Huevos y Congelados",Yogurt,Bebidas,Bebidas,Media,Bebida fuera de Bebidas,revisar_y_mover
8149,Crema Facial Día L’Oréal Revitalift FPS 30 - 50 ml,"Lacteos, Huevos y Congelados",Crema,Higiene Personal,Cuidado Facial,Alta,Producto de higiene personal fuera de Higiene Personal,mover_categoria
8178,Limpiador Crema Bio Virutex 500 ml,"Lacteos, Huevos y Congelados",Crema,Limpieza,Limpiadores,Alta,Producto de limpieza fuera de Limpieza,mover_categoria
8192,Crema Facial LaQ Sex & Business 40 g,"Lacteos, Huevos y Congelados",Crema,Higiene Personal,Cuidado Facial,Alta,Producto de higiene personal fuera de Higiene Personal,mover_categoria
8195,Crema Facial Noche L’Oréal Revitalift Antiarrugas y Firmeza 50 ml,"Lacteos, Huevos y Congelados",Crema,Higiene Personal,Cuidado Facial,Alta,Producto de higiene personal fuera de Higiene Personal,mover_categoria
8196,Crema Facial Día L’Oréal Hidra Total 5 Hidratante Antimanchas 50 ml,"Lacteos, Huevos y Congelados",Crema,Higiene Personal,Cuidado Facial,Alta,Producto de higiene personal fuera de Higiene Personal,mover_categoria
8201,Crema Facial Día L’Oréal Hidratante Express Aclara FPS 50 - 40 g,"Lacteos, Huevos y Congelados",Crema,Higiene Personal,Cuidado Facial,Alta,Producto de higiene personal fuera de Higiene Personal,mover_categoria
8203,Pack Nivea Q10 Power Crema Facial Día 50 ml + Crema Facial Noche 50 ml,"Lacteos, Huevos y Congelados",Crema,Higiene Personal,Cuidado Facial,Alta,Producto de higiene personal fuera de Higiene Personal,mover_categoria
8206,Crema Facial Teatrical Humectante 200 g,"Lacteos, Huevos y Congelados",Crema,Higiene Personal,Cuidado Facial,Alta,Producto de higiene personal fuera de Higiene Personal,mover_categoria
8214,Limpiador Crema Home Care Tradicional 500 ml,"Lacteos, Huevos y Congelados",Crema,Limpieza,Limpiadores,Alta,Producto de limpieza fuera de Limpieza,mover_categoria
8231,Base Maggi Jugoso Al Horno Pollo Finas Hierbas 24 g,"Lacteos, Huevos y Congelados",Crema,Bebidas,Jugos,Media,Bebida fuera de Bebidas,revisar_y_mover
8233,Base Maggi Jugoso Al Horno Pollo Mediterráneo 25 g,"Lacteos, Huevos y Congelados",Crema,Bebidas,Jugos,Media,Bebida fuera de Bebidas,revisar_y_mover
8238,Crema Facial Neutrogena Face Care Intensive Antiedad FPS 22 - 100 g,"Lacteos, Huevos y Congelados",Crema,Higiene Personal,Cuidado Facial,Alta,Producto de higiene personal fuera de Higiene Personal,mover_categoria
8249,Limpiador Crema The Pink Stuff Multiuso 500 ml,"Lacteos, Huevos y Congelados",Crema,Limpieza,Limpiadores,Alta,Producto de limpieza fuera de Limpieza,mover_categoria
8252,Limpiador Crema Home Care Limón 500 ml,"Lacteos, Huevos y Congelados",Crema,Limpieza,Limpiadores,Alta,Producto de limpieza fuera de Limpieza,mover_categoria
8258,Crema Facial de Día Nivea Antiarrugas Revitalizante 50 ml,"Lacteos, Huevos y Congelados",Crema,Higiene Personal,Cuidado Facial,Alta,Producto de higiene personal fuera de Higiene Personal,mover_categoria
8259,Crema Facial Teatrical Aclaradora 200 g,"Lacteos, Huevos y Congelados",Crema,Higiene Personal,Cuidado Facial,Alta,Producto de higiene personal fuera de Higiene Personal,mover_categoria
8263,Crema Facial Eucerin Hyaluron-Filler + Elasticity Día Antiedad Rosé FPS 30 con Thiamidol 50 ml,"Lacteos, Huevos y Congelados",Crema,Higiene Personal,Cuidado Facial,Alta,Producto de higiene personal fuera de Higiene Personal,mover_categoria
8274,Shampoo Elvive Colágeno 680 ml,"Lacteos, Huevos y Congelados",Crema,Higiene Personal,Shampoo,Alta,Producto de higiene personal fuera de Higiene Personal,mover_categoria
8283,Crema Facial Día L’Oréal UV Defender Invisible FPS 50 + 40 g,"Lacteos, Huevos y Congelados",Crema,Higiene Personal,Cuidado Facial,Alta,Producto de higiene personal fuera de Higiene Personal,mover_categoria
8318,Crema Facial Eucerin Anti-Arrugas Día Hyaluron-Filler Piel Seca 50 ml,"Lacteos, Huevos y Congelados",Crema,Higiene Personal,Cuidado Facial,Alta,Producto de higiene personal fuera de Higiene Personal,mover_categoria
8319,Crema Facial Noche L’Oréal Jalea Real 50 ml,"Lacteos, Huevos y Congelados",Crema,Higiene Personal,Cuidado Facial,Alta,Producto de higiene personal fuera de Higiene Personal,mover_categoria
8320,Crema Facial Eucerin Fluída Ultrasensitive 50 ml,"Lacteos, Huevos y Congelados",Crema,Higiene Personal,Cuidado Facial,Alta,Producto de higiene personal fuera de Higiene Personal,mover_categoria
8332,Crema Facial Día L’Oréal Hidra Total 5 Hidratante Matificante 50 ml,"Lacteos, Huevos y Congelados",Crema,Higiene Personal,Cuidado Facial,Alta,Producto de higiene personal fuera de Higiene Personal,mover_categoria
8335,Crema Facial Anti-Arrugas Noche Hyaluron-Filler 50 ml,"Lacteos, Huevos y Congelados",Crema,Higiene Personal,Cuidado Facial,Alta,Producto de higiene personal fuera de Higiene Personal,mover_categoria
8338,Limpiador Crema Cif Original 500 ml,"Lacteos, Huevos y Congelados",Crema,Limpieza,Limpiadores,Alta,Producto de limpieza fuera de Limpieza,mover_categoria
8341,Crema Facial Día L’Oréal Hidra Total 5 Antiarrugas +55 50 ml,"Lacteos, Huevos y Congelados",Crema,Higiene Personal,Cuidado Facial,Alta,Producto de higiene personal fuera de Higiene Personal,mover_categoria
8343,Crema Facial Día L’Oréal Hidra Total 5 Hidratante 50 ml,"Lacteos, Huevos y Congelados",Crema,Higiene Personal,Cuidado Facial,Alta,Producto de higiene personal fuera de Higiene Personal,mover_categoria
8346,Crema Facial Día L’Oréal Revitalift Ácido Hialurónico 50 ml,"Lacteos, Huevos y Congelados",Crema,Higiene Personal,Cuidado Facial,Alta,Producto de higiene personal fuera de Higiene Personal,mover_categoria
8348,Crema Facial Eucerin Anti-Arrugas Noche Elasticity + Filler 50 ml,"Lacteos, Huevos y Congelados",Crema,Higiene Personal,Cuidado Facial,Alta,Producto de higiene personal fuera de Higiene Personal,mover_categoria
8349,Crema Facial Día L’Oréal Hidratante Express Aclara Tes Media FPS 50 - 40 g,"Lacteos, Huevos y Congelados",Crema,Higiene Personal,Cuidado Facial,Alta,Producto de higiene personal fuera de Higiene Personal,mover_categoria
8350,Crema Facial Día L’Oréal Hidra Total 5 Antiarrugas +35 50 ml,"Lacteos, Huevos y Congelados",Crema,Higiene Personal,Cuidado Facial,Alta,Producto de higiene personal fuera de Higiene Personal,mover_categoria
8351,Crema Facial Anti-Arrugas Día Hyaluron-Filler Piel Normal 50 ml,"Lacteos, Huevos y Congelados",Crema,Higiene Personal,Cuidado Facial,Alta,Producto de higiene personal fuera de Higiene Personal,mover_categoria
8356,Crema Facial Día L’Oréal Glycolic Bright Antimanchas FPS 30 - 50 ml,"Lacteos, Huevos y Congelados",Crema,Higiene Personal,Cuidado Facial,Alta,Producto de higiene personal fuera de Higiene Personal,mover_categoria
8357,Crema Facial Noche L’Oréal Glycolic Bright 50 ml,"Lacteos, Huevos y Congelados",Crema,Higiene Personal,Cuidado Facial,Alta,Producto de higiene personal fuera de Higiene Personal,mover_categoria
8359,Crema Facial Noche L’Oréal Revitalift Ácido Hialurónico 50 ml,"Lacteos, Huevos y Congelados",Crema,Higiene Personal,Cuidado Facial,Alta,Producto de higiene personal fuera de Higiene Personal,mover_categoria
8368,Crema Facial Día L’Oréal Revitalift Láser Triple Acción Antiedad FPS 25 50 ml,"Lacteos, Huevos y Congelados",Crema,Higiene Personal,Cuidado Facial,Alta,Producto de higiene personal fuera de Higiene Personal,mover_categoria
8370,Crema Facial Noche L’Oréal Revitalift Láser Triple Acción Antiedad 50 ml,"Lacteos, Huevos y Congelados",Crema,Higiene Personal,Cuidado Facial,Alta,Producto de higiene personal fuera de Higiene Personal,mover_categoria
8374,Crema Facial Día L’Oréal Revitalift Retinol FPS 17 - 50 ml,"Lacteos, Huevos y Congelados",Crema,Higiene Personal,Cuidado Facial,Alta,Producto de higiene personal fuera de Higiene Personal,mover_categoria
8383,Limpiador Crema Cif Limón 500 ml,"Lacteos, Huevos y Congelados",Crema,Limpieza,Limpiadores,Alta,Producto de limpieza fuera de Limpieza,mover_categoria
8409,Crema Facial Hydra Mag C 50 ml,"Lacteos, Huevos y Congelados",Crema,Higiene Personal,Cuidado Facial,Alta,Producto de higiene personal fuera de Higiene Personal,mover_categoria
8412,Crema Facial Eucerin Hidratante Aquaporin Piel Normal 50 ml,"Lacteos, Huevos y Congelados",Crema,Higiene Personal,Cuidado Facial,Alta,Producto de higiene personal fuera de Higiene Personal,mover_categoria
8413,Crema Facial Eucerin Anti-Enrojecimiento Día 50 ml,"Lacteos, Huevos y Congelados",Crema,Higiene Personal,Cuidado Facial,Alta,Producto de higiene personal fuera de Higiene Personal,mover_categoria
8420,Crema Facial Eucerin Antipigmento Noche 50 ml,"Lacteos, Huevos y Congelados",Crema,Higiene Personal,Cuidado Facial,Alta,Producto de higiene personal fuera de Higiene Personal,mover_categoria
8421,Crema Facial Eucerin Día Anti-Pigment FPS30 de 50 ml,"Lacteos, Huevos y Congelados",Crema,Higiene Personal,Cuidado Facial,Alta,Producto de higiene personal fuera de Higiene Personal,mover_categoria
8424,Crema Facial Eucerin Anti-Arrugas Día Elasticity + Filler 50 ml,"Lacteos, Huevos y Congelados",Crema,Higiene Personal,Cuidado Facial,Alta,Producto de higiene personal fuera de Higiene Personal,mover_categoria
8438,Crema Facial Día L’Oréal Age Perfect Renacimiento Celular 50 ml,"Lacteos, Huevos y Congelados",Crema,Higiene Personal,Cuidado Facial,Alta,Producto de higiene personal fuera de Higiene Personal,mover_categoria
8444,Alimento Húmedo Gato Molly & Co Crema Atún 90 g,"Lacteos, Huevos y Congelados",Crema,Mascotas,Alimento Gatos,Alta,Producto de mascotas fuera de Mascotas,mover_categoria
8446,Alimento Húmedo Gato Molly & Co Crema Atún Salmón 90 g,"Lacteos, Huevos y Congelados",Crema,Mascotas,Alimento Gatos,Alta,Producto de mascotas fuera de Mascotas,mover_categoria
8447,Alimento Húmedo Gato Molly & Co Crema Salmón 90 g,"Lacteos, Huevos y Congelados",Crema,Mascotas,Alimento Gatos,Alta,Producto de mascotas fuera de Mascotas,mover_categoria
8451,Shampoo Colorante Just For Men Castaño 31 ml,"Lacteos, Huevos y Congelados",Crema,Higiene Personal,Shampoo,Alta,Producto de higiene personal fuera de Higiene Personal,mover_categoria
8459,Desodorante Crema Dove All Body Raspberry 75 g,"Lacteos, Huevos y Congelados",Crema,Higiene Personal,Desodorantes,Alta,Producto de higiene personal fuera de Higiene Personal,mover_categoria
8461,Set de Repuesto Eucerin Crema Facial Hyalluron Filler,"Lacteos, Huevos y Congelados",Crema,Higiene Personal,Cuidado Facial,Alta,Producto de higiene personal fuera de Higiene Personal,mover_categoria
8462,Crema Facial Natura Siberica Vitamina C 50 ml,"Lacteos, Huevos y Congelados",Crema,Higiene Personal,Cuidado Facial,Alta,Producto de higiene personal fuera de Higiene Personal,mover_categoria
8463,Crema Facial LaQ Hoppy Goat 40 g,"Lacteos, Huevos y Congelados",Crema,Higiene Personal,Cuidado Facial,Alta,Producto de higiene personal fuera de Higiene Personal,mover_categoria
8470,Limpiador Crema Cif Original 450 ml,"Lacteos, Huevos y Congelados",Crema,Limpieza,Limpiadores,Alta,Producto de limpieza fuera de Limpieza,mover_categoria
8476,Limpiador Crema Wyn 750 g,"Lacteos, Huevos y Congelados",Crema,Limpieza,Limpiadores,Alta,Producto de limpieza fuera de Limpieza,mover_categoria
8488,Limpiador Crema Home Care Bamboo 500 ml,"Lacteos, Huevos y Congelados",Crema,Limpieza,Limpiadores,Alta,Producto de limpieza fuera de Limpieza,mover_categoria
8492,Crema Facial Millefiori Care 20 g,"Lacteos, Huevos y Congelados",Crema,Higiene Personal,Cuidado Facial,Alta,Producto de higiene personal fuera de Higiene Personal,mover_categoria
8494,Limpiador Mr. Músculo Citrus Crema 450 ml,"Lacteos, Huevos y Congelados",Crema,Limpieza,Limpiadores,Alta,Producto de limpieza fuera de Limpieza,mover_categoria
8499,Crema Facial Q+A Colágeno 50 g,"Lacteos, Huevos y Congelados",Crema,Higiene Personal,Cuidado Facial,Alta,Producto de higiene personal fuera de Higiene Personal,mover_categoria
8501,Crema Facial Naturaloe Hidratante Día 50 ml,"Lacteos, Huevos y Congelados",Crema,Higiene Personal,Cuidado Facial,Alta,Producto de higiene personal fuera de Higiene Personal,mover_categoria
8502,Crema Facial Bioherapy Reafirmante Super Lift 50 ml,"Lacteos, Huevos y Congelados",Crema,Higiene Personal,Cuidado Facial,Alta,Producto de higiene personal fuera de Higiene Personal,mover_categoria
8504,Crema Facial Bioherapy Hidratante Iluminadora 50 ml,"Lacteos, Huevos y Congelados",Crema,Higiene Personal,Cuidado Facial,Alta,Producto de higiene personal fuera de Higiene Personal,mover_categoria
8507,Crema Facial Hidratante Nivea Matizante 50 ml,"Lacteos, Huevos y Congelados",Crema,Higiene Personal,Cuidado Facial,Alta,Producto de higiene personal fuera de Higiene Personal,mover_categoria
8510,Limpiador Mr. Músculo Crema Floral 450 ml,"Lacteos, Huevos y Congelados",Crema,Limpieza,Limpiadores,Alta,Producto de limpieza fuera de Limpieza,mover_categoria
8513,Limpiador Crema Mr. Músculo Lavanda 450 ml,"Lacteos, Huevos y Congelados",Crema,Limpieza,Limpiadores,Alta,Producto de limpieza fuera de Limpieza,mover_categoria
8517,Crema Facial de Día Antiarrugas Reafirmante de Nivea 50 ml,"Lacteos, Huevos y Congelados",Crema,Higiene Personal,Cuidado Facial,Alta,Producto de higiene personal fuera de Higiene Personal,mover_categoria
8518,Tratamiento Antiedad y Firmeza Crema Colágeno + Tónico,"Lacteos, Huevos y Congelados",Crema,Higiene Personal,Cuidado Facial,Alta,Producto de higiene personal fuera de Higiene Personal,mover_categoria
8519,Crema Facial Neutrogena Face Care Intensive 100 g,"Lacteos, Huevos y Congelados",Crema,Higiene Personal,Cuidado Facial,Alta,Producto de higiene personal fuera de Higiene Personal,mover_categoria
8520,Crema Facial Antiarrugas Nivea Q10 Energy Día FPS 15 - 50 ml,"Lacteos, Huevos y Congelados",Crema,Higiene Personal,Cuidado Facial,Alta,Producto de higiene personal fuera de Higiene Personal,mover_categoria
8523,Crema Facial Nivea Hidratante Nutritiva Día 50 ml,"Lacteos, Huevos y Congelados",Crema,Higiene Personal,Cuidado Facial,Alta,Producto de higiene personal fuera de Higiene Personal,mover_categoria
8525,Crema Facial Teatrical Anti-Arrugas 200 g,"Lacteos, Huevos y Congelados",Crema,Higiene Personal,Cuidado Facial,Alta,Producto de higiene personal fuera de Higiene Personal,mover_categoria
8526,Crema Facial Nivea Cellular Filler Noche 50 ml,"Lacteos, Huevos y Congelados",Crema,Higiene Personal,Cuidado Facial,Alta,Producto de higiene personal fuera de Higiene Personal,mover_categoria
8528,Crema Facial Nivea Cellular Filler Día 50 ml,"Lacteos, Huevos y Congelados",Crema,Higiene Personal,Cuidado Facial,Alta,Producto de higiene personal fuera de Higiene Personal,mover_categoria
8529,Crema Facial Nivea Regeneradora Noche 50 ml,"Lacteos, Huevos y Congelados",Crema,Higiene Personal,Cuidado Facial,Alta,Producto de higiene personal fuera de Higiene Personal,mover_categoria
8532,Crema Facial Antiarrugas Nivea Q10 Power Día FPS 30 - 50 g,"Lacteos, Huevos y Congelados",Crema,Higiene Personal,Cuidado Facial,Alta,Producto de higiene personal fuera de Higiene Personal,mover_categoria
8542,Crema Facial Neutrogena Hydro Boost Water Gel 50 g,"Lacteos, Huevos y Congelados",Crema,Higiene Personal,Cuidado Facial,Alta,Producto de higiene personal fuera de Higiene Personal,mover_categoria
8543,Crema Facial Nivea Q10 Día Antiarrugas Reducción de Poros 50 ml,"Lacteos, Huevos y Congelados",Crema,Higiene Personal,Cuidado Facial,Alta,Producto de higiene personal fuera de Higiene Personal,mover_categoria
8545,Limpiador de Baño Lysoform Antibacterial Crema 450 ml,"Lacteos, Huevos y Congelados",Crema,Limpieza,Limpiadores,Alta,Producto de limpieza fuera de Limpieza,mover_categoria
8550,Crema Facial Nivea Rose Care Gel 50 ml,"Lacteos, Huevos y Congelados",Crema,Higiene Personal,Cuidado Facial,Alta,Producto de higiene personal fuera de Higiene Personal,mover_categoria
8552,Crema Facial Nivea Cellular Luminous 630 Anti-Manchas Noche 50 ml,"Lacteos, Huevos y Congelados",Crema,Higiene Personal,Cuidado Facial,Alta,Producto de higiene personal fuera de Higiene Personal,mover_categoria
8553,Crema Facial Nivea Q10 Power Antiarrugas Cuidado de Noche 50 ml,"Lacteos, Huevos y Congelados",Crema,Higiene Personal,Cuidado Facial,Alta,Producto de higiene personal fuera de Higiene Personal,mover_categoria
8556,Crema Facial Día L’Oréal UV Defender Hidratante FPS 50 40 g,"Lacteos, Huevos y Congelados",Crema,Higiene Personal,Cuidado Facial,Alta,Producto de higiene personal fuera de Higiene Personal,mover_categoria
8560,Crema Facial Teatrical Pie Coreana 200 g,"Lacteos, Huevos y Congelados",Crema,Higiene Personal,Cuidado Facial,Alta,Producto de higiene personal fuera de Higiene Personal,mover_categoria
8566,Jabón Ballerina Crema Piel Sensible 450 ml,"Lacteos, Huevos y Congelados",Crema,Higiene Personal,Jabon,Alta,Producto de higiene personal fuera de Higiene Personal,mover_categoria
8585,Protector Solar Eucerin Crema Facial FPS 50 50 ml,"Lacteos, Huevos y Congelados",Crema,Higiene Personal,Cuidado Facial,Alta,Producto de higiene personal fuera de Higiene Personal,mover_categoria
8593,Shampoo Anticaspa Crema Eucerin Dermocapillaire 250 ml,"Lacteos, Huevos y Congelados",Crema,Higiene Personal,Shampoo,Alta,Producto de higiene personal fuera de Higiene Personal,mover_categoria
8595,Bebida de Coco Lady Coconut Tetra 500 ml,"Lacteos, Huevos y Congelados",Crema,Bebidas,Bebidas,Media,Bebida fuera de Bebidas,revisar_y_mover
8598,Limpiador Crema Frosch Limón 500 ml,"Lacteos, Huevos y Congelados",Crema,Limpieza,Limpiadores,Alta,Producto de limpieza fuera de Limpieza,mover_categoria
8607,Crema Facial Agrado Anti-Mancha F50+ 75 ml,"Lacteos, Huevos y Congelados",Crema,Higiene Personal,Cuidado Facial,Alta,Producto de higiene personal fuera de Higiene Personal,mover_categoria
8718,Crema Facial Bebé Mustela Hydra 40 ml,"Lacteos, Huevos y Congelados",Crema,Higiene Personal,Cuidado Facial,Alta,Producto de higiene personal fuera de Higiene Personal,mover_categoria
8727,Crema Facial Neutrogena Hydroboost FPS 25 - 40 g,"Lacteos, Huevos y Congelados",Crema,Higiene Personal,Cuidado Facial,Alta,Producto de higiene personal fuera de Higiene Personal,mover_categoria
8729,Pack Neutrogena: Sérum Hydro Boost 30 ml + Crema Facial Water Gel 50 g,"Lacteos, Huevos y Congelados",Crema,Higiene Personal,Cuidado Facial,Alta,Producto de higiene personal fuera de Higiene Personal,mover_categoria
8733,Pack Nivea Crema Facial Piel Seca 50 ml + Crema Regeneradora de Noche 50 ml,"Lacteos, Huevos y Congelados",Crema,Higiene Personal,Cuidado Facial,Alta,Producto de higiene personal fuera de Higiene Personal,mover_categoria
8763,Crema Facial Contorno de Ojos Nivea Q10 Anti-Arrugas 15 ml,"Lacteos, Huevos y Congelados",Crema,Higiene Personal,Cuidado Facial,Alta,Producto de higiene personal fuera de Higiene Personal,mover_categoria
8795,Agua Micelar Neutrogena Hydro Boost 200 ml + Crema Facial Neutrogena Water Gel 50 g,"Lacteos, Huevos y Congelados",Crema,Higiene Personal,Cuidado Facial,Alta,Producto de higiene personal fuera de Higiene Personal,mover_categoria
8806,Crema Facial Caléndula para Bebé 50 ml,"Lacteos, Huevos y Congelados",Crema,Higiene Personal,Cuidado Facial,Alta,Producto de higiene personal fuera de Higiene Personal,mover_categoria
8839,Desodorante Ambiental Arom Frutilla Crema 225 g,"Lacteos, Huevos y Congelados",Crema,Higiene Personal,Desodorantes,Alta,Producto de higiene personal fuera de Higiene Personal,mover_categoria
8847,Crema Facial Día L’Oréal UV Defender Toque Seco FPS 50 40 g,"Lacteos, Huevos y Congelados",Crema,Higiene Personal,Cuidado Facial,Alta,Producto de higiene personal fuera de Higiene Personal,mover_categoria
8851,Galleta para Perro Naturalist Crema Choco 120 g,"Lacteos, Huevos y Congelados",Crema,Mascotas,Alimento Perros,Alta,Producto de mascotas fuera de Mascotas,mover_categoria
8873,Crema Facial Agrado Anti-Mancha Col F50+ 75 ml,"Lacteos, Huevos y Congelados",Crema,Higiene Personal,Cuidado Facial,Alta,Producto de higiene personal fuera de Higiene Personal,mover_categoria
8917,Jabón Crema Ballerina Karité 800 ml,"Lacteos, Huevos y Congelados",Crema,Higiene Personal,Jabon,Alta,Producto de higiene personal fuera de Higiene Personal,mover_categoria
8918,Desodorante Crema Dove Reparación Diaria 50 g,"Lacteos, Huevos y Congelados",Crema,Higiene Personal,Desodorantes,Alta,Producto de higiene personal fuera de Higiene Personal,mover_categoria
8920,Desodorante Crema Etiquet Women Antitranspirante 60 g,"Lacteos, Huevos y Congelados",Crema,Higiene Personal,Desodorantes,Alta,Producto de higiene personal fuera de Higiene Personal,mover_categoria
8921,Desodorante Crema Dove Previene Oscurecimiento 50 g,"Lacteos, Huevos y Congelados",Crema,Higiene Personal,Desodorantes,Alta,Producto de higiene personal fuera de Higiene Personal,mover_categoria
8923,Desodorante Crema Etiquet Men Full Protect Antitranspirante 60 g,"Lacteos, Huevos y Congelados",Crema,Higiene Personal,Desodorantes,Alta,Producto de higiene personal fuera de Higiene Personal,mover_categoria
8924,Desodorante Crema Dove Previene Irritación 50 g,"Lacteos, Huevos y Congelados",Crema,Higiene Personal,Desodorantes,Alta,Producto de higiene personal fuera de Higiene Personal,mover_categoria
8927,Jabón Crema Ballerina Karité Doypack 450 ml,"Lacteos, Huevos y Congelados",Crema,Higiene Personal,Jabon,Alta,Producto de higiene personal fuera de Higiene Personal,mover_categoria
8928,Pack Nivea Roses Care Agua Micelar + Crema Día + Mist,"Lacteos, Huevos y Congelados",Crema,Higiene Personal,Cuidado Facial,Alta,Producto de higiene personal fuera de Higiene Personal,mover_categoria
8980,Jabón Líquido Ballerina Crema Piel Sensible 750 ml,"Lacteos, Huevos y Congelados",Crema,Higiene Personal,Jabon,Alta,Producto de higiene personal fuera de Higiene Personal,mover_categoria
8998,Pack Rutina Nivea Rose Care Agua Micelar Bifásica 400 ml + Crema Hidratante en Gel 50 ml + Mist Refrescante 150 ml,"Lacteos, Huevos y Congelados",Crema,Higiene Personal,Cuidado Facial,Alta,Producto de higiene personal fuera de Higiene Personal,mover_categoria
8999,Tónico Diario Q+A Niacinamida 100 ml,"Lacteos, Huevos y Congelados",Crema,Higiene Personal,Cuidado Facial,Alta,Producto de higiene personal fuera de Higiene Personal,mover_categoria
9014,Pack Umai: Shampoo 200 ml + Acondicionador 200 ml + Crema 200 ml,"Lacteos, Huevos y Congelados",Crema,Higiene Personal,Acondicionador,Alta,Producto de higiene personal fuera de Higiene Personal,mover_categoria
9029,Limpiador Gel Q+A Acido Hialurónico 125 ml,"Lacteos, Huevos y Congelados",Crema,Limpieza,Limpiadores,Alta,Producto de limpieza fuera de Limpieza,mover_categoria
9030,Desodorante Crema Rexona Extra Dry 48 g,"Lacteos, Huevos y Congelados",Crema,Higiene Personal,Desodorantes,Alta,Producto de higiene personal fuera de Higiene Personal,mover_categoria
9032,Shampoo para Barba Gillette King C 241 ml,"Lacteos, Huevos y Congelados",Crema,Higiene Personal,Shampoo,Alta,Producto de higiene personal fuera de Higiene Personal,mover_categoria
9065,Jabón Facial Hidratante Dove Men +Care 141 g,"Lacteos, Huevos y Congelados",Crema,Higiene Personal,Cuidado Facial,Alta,Producto de higiene personal fuera de Higiene Personal,mover_categoria
9078,Jabón Crema Ballerina Piel Sensible 350 ml,"Lacteos, Huevos y Congelados",Crema,Higiene Personal,Jabon,Alta,Producto de higiene personal fuera de Higiene Personal,mover_categoria
9102,Jabón Crema Simond's Clásico Doypack 500 ml,"Lacteos, Huevos y Congelados",Crema,Higiene Personal,Jabon,Alta,Producto de higiene personal fuera de Higiene Personal,mover_categoria
9103,Jabón Crema Simond's Humectante Ph5.5 Se 500 ml,"Lacteos, Huevos y Congelados",Crema,Higiene Personal,Jabon,Alta,Producto de higiene personal fuera de Higiene Personal,mover_categoria
9105,Jabón Crema Simond's Humectante Ph5.5 500 ml,"Lacteos, Huevos y Congelados",Crema,Higiene Personal,Jabon,Alta,Producto de higiene personal fuera de Higiene Personal,mover_categoria
9115,Desodorante Crema Rexona Classic 48 g,"Lacteos, Huevos y Congelados",Crema,Higiene Personal,Desodorantes,Alta,Producto de higiene personal fuera de Higiene Personal,mover_categoria
9122,Desodorante Crema Dove Clinical Tono 58 g,"Lacteos, Huevos y Congelados",Crema,Higiene Personal,Desodorantes,Alta,Producto de higiene personal fuera de Higiene Personal,mover_categoria
9126,Flow Pack Nivea Jabón Creme Care 125 g 3 un.,"Lacteos, Huevos y Congelados",Crema,Higiene Personal,Jabon,Alta,Producto de higiene personal fuera de Higiene Personal,mover_categoria
9133,Jabón Líquido Ballerina Crema Karité 750 ml,"Lacteos, Huevos y Congelados",Crema,Higiene Personal,Jabon,Alta,Producto de higiene personal fuera de Higiene Personal,mover_categoria
9138,Jabón Crema Ballerina Karité 350 ml,"Lacteos, Huevos y Congelados",Crema,Higiene Personal,Jabon,Alta,Producto de higiene personal fuera de Higiene Personal,mover_categoria
9144,Limpiador Facial Bull Dog Original 150 ml,"Lacteos, Huevos y Congelados",Crema,Limpieza,Limpiadores,Alta,Producto de limpieza fuera de Limpieza,mover_categoria
9145,Shampoo de Barba Bull Dog 200 ml,"Lacteos, Huevos y Congelados",Crema,Higiene Personal,Shampoo,Alta,Producto de higiene personal fuera de Higiene Personal,mover_categoria
9151,Desodorante Crema Rexona Clean 48 g,"Lacteos, Huevos y Congelados",Crema,Higiene Personal,Desodorantes,Alta,Producto de higiene personal fuera de Higiene Personal,mover_categoria
9161,Acondicionador Barba Bull Dog Original 75 ml,"Lacteos, Huevos y Congelados",Crema,Higiene Personal,Acondicionador,Alta,Producto de higiene personal fuera de Higiene Personal,mover_categoria
9168,Desodorante Crema Rexona Extra Dry y Classic 48 g 2 un.,"Lacteos, Huevos y Congelados",Crema,Higiene Personal,Desodorantes,Alta,Producto de higiene personal fuera de Higiene Personal,mover_categoria
9169,Sérum Facial Suavizante Vitamins & Sea Beauty Niacinamida 60 ml,"Lacteos, Huevos y Congelados",Crema,Limpieza,Limpiadores,Alta,Producto de limpieza fuera de Limpieza,mover_categoria
9170,Jabón Crema Ballerina Piel Sensible 800 ml,"Lacteos, Huevos y Congelados",Crema,Higiene Personal,Jabon,Alta,Producto de higiene personal fuera de Higiene Personal,mover_categoria
9175,Desodorante Crema Etiquet Women Antitranspirante 100 g,"Lacteos, Huevos y Congelados",Crema,Higiene Personal,Desodorantes,Alta,Producto de higiene personal fuera de Higiene Personal,mover_categoria
9177,Desodorante para Pies Lady Brooks Spray Silver 100 g,"Lacteos, Huevos y Congelados",Crema,Higiene Personal,Desodorantes,Alta,Producto de higiene personal fuera de Higiene Personal,mover_categoria
9183,Pack Dove Regeneración Extrema: Shampoo 400 ml + Acondicionador 400 ml,"Lacteos, Huevos y Congelados",Crema,Higiene Personal,Acondicionador,Alta,Producto de higiene personal fuera de Higiene Personal,mover_categoria
9188,Desodorante Antitranspirante Dove Clinical Soft Original 58 g,"Lacteos, Huevos y Congelados",Crema,Higiene Personal,Desodorantes,Alta,Producto de higiene personal fuera de Higiene Personal,mover_categoria
9189,Desodorante Crema Rexona Clean Scent 48 g,"Lacteos, Huevos y Congelados",Crema,Higiene Personal,Desodorantes,Alta,Producto de higiene personal fuera de Higiene Personal,mover_categoria
9191,Desodorante Crema Rexona Stress Control 48 g,"Lacteos, Huevos y Congelados",Crema,Higiene Personal,Desodorantes,Alta,Producto de higiene personal fuera de Higiene Personal,mover_categoria
9194,Desodorante para Pies Curitas Fresh Active 2 en 1 - 150 ml,"Lacteos, Huevos y Congelados",Crema,Higiene Personal,Desodorantes,Alta,Producto de higiene personal fuera de Higiene Personal,mover_categoria
9210,Set de Cuidado Facial Nivea Rose Micellar: Crema 2 un. + Mist Facial + Agua Micelar,"Lacteos, Huevos y Congelados",Crema,Higiene Personal,Cuidado Facial,Alta,Producto de higiene personal fuera de Higiene Personal,mover_categoria
9213,Jabón Líquido Old Spice Swagger 473 ml,"Lacteos, Huevos y Congelados",Crema,Higiene Personal,Jabon,Alta,Producto de higiene personal fuera de Higiene Personal,mover_categoria
9215,Desodorante Crema Rexona Clean y Sport 48 g 2 un.,"Lacteos, Huevos y Congelados",Crema,Higiene Personal,Desodorantes,Alta,Producto de higiene personal fuera de Higiene Personal,mover_categoria
9217,Desodorante Crema Rexona Sport Strengh 48 g,"Lacteos, Huevos y Congelados",Crema,Higiene Personal,Desodorantes,Alta,Producto de higiene personal fuera de Higiene Personal,mover_categoria
9218,Shampoo Elvive Colágeno 370 ml,"Lacteos, Huevos y Congelados",Crema,Higiene Personal,Shampoo,Alta,Producto de higiene personal fuera de Higiene Personal,mover_categoria
9219,Desodorante Barra Nivea Tono Natural Extra Femenino 54 g,"Lacteos, Huevos y Congelados",Crema,Higiene Personal,Desodorantes,Alta,Producto de higiene personal fuera de Higiene Personal,mover_categoria
9226,Jabón Gel Venus 2 en 1 para Afeitar Área Íntima 190 ml,"Lacteos, Huevos y Congelados",Crema,Higiene Personal,Jabon,Alta,Producto de higiene personal fuera de Higiene Personal,mover_categoria
9227,Desodorante Barra Nivea Black & White 50 ml,"Lacteos, Huevos y Congelados",Crema,Higiene Personal,Desodorantes,Alta,Producto de higiene personal fuera de Higiene Personal,mover_categoria
9229,Desodorante Barra Dr Teal's Sin Aluminio Lavanda 75 g,"Lacteos, Huevos y Congelados",Crema,Higiene Personal,Desodorantes,Alta,Producto de higiene personal fuera de Higiene Personal,mover_categoria
9234,Kit Cuidado Capilar Marc Anthony: Shampoo + Crema para Peinar,"Lacteos, Huevos y Congelados",Crema,Higiene Personal,Shampoo,Alta,Producto de higiene personal fuera de Higiene Personal,mover_categoria
9239,Desodorante Crema Lady Speed Stick Clinical Protege y Aclara 55 g,"Lacteos, Huevos y Congelados",Crema,Higiene Personal,Desodorantes,Alta,Producto de higiene personal fuera de Higiene Personal,mover_categoria
9243,Desodorante Roll On Nivea Black & White Fresh Ultra 50 ml,"Lacteos, Huevos y Congelados",Crema,Higiene Personal,Desodorantes,Alta,Producto de higiene personal fuera de Higiene Personal,mover_categoria
9246,Jabón Líquido Corporal Old Spice Red Collection Captain Scent 473 ml,"Lacteos, Huevos y Congelados",Crema,Higiene Personal,Jabon,Alta,Producto de higiene personal fuera de Higiene Personal,mover_categoria
9247,Shampoo Just For Men Control Gx 118 ml,"Lacteos, Huevos y Congelados",Crema,Higiene Personal,Shampoo,Alta,Producto de higiene personal fuera de Higiene Personal,mover_categoria
9249,Shampoo Colorante Just For Men Negro 30 ml,"Lacteos, Huevos y Congelados",Crema,Higiene Personal,Shampoo,Alta,Producto de higiene personal fuera de Higiene Personal,mover_categoria
9250,Shampoo Colorante Just For Men,"Lacteos, Huevos y Congelados",Crema,Higiene Personal,Shampoo,Alta,Producto de higiene personal fuera de Higiene Personal,mover_categoria
9252,Desodorante Barra Nivea Pearl & Beauty 54 g,"Lacteos, Huevos y Congelados",Crema,Higiene Personal,Desodorantes,Alta,Producto de higiene personal fuera de Higiene Personal,mover_categoria
9258,Desodorante Spray Dove Clinical 55 ml,"Lacteos, Huevos y Congelados",Crema,Higiene Personal,Desodorantes,Alta,Producto de higiene personal fuera de Higiene Personal,mover_categoria
9261,Desodorante Spray Dove Clinical Tono 150 ml,"Lacteos, Huevos y Congelados",Crema,Higiene Personal,Desodorantes,Alta,Producto de higiene personal fuera de Higiene Personal,mover_categoria
9273,Desodorante Spray Dove Invisible Care 150 ml,"Lacteos, Huevos y Congelados",Crema,Higiene Personal,Desodorantes,Alta,Producto de higiene personal fuera de Higiene Personal,mover_categoria
9278,Shampoo Colorante Just For Men Castaño Oscuro 31 ml,"Lacteos, Huevos y Congelados",Crema,Higiene Personal,Shampoo,Alta,Producto de higiene personal fuera de Higiene Personal,mover_categoria
9279,Desodorante Spray Dove Granada 150 ml,"Lacteos, Huevos y Congelados",Crema,Higiene Personal,Desodorantes,Alta,Producto de higiene personal fuera de Higiene Personal,mover_categoria
9282,Desodorante Roll On Dove Clinical Tono 50 ml,"Lacteos, Huevos y Congelados",Crema,Higiene Personal,Desodorantes,Alta,Producto de higiene personal fuera de Higiene Personal,mover_categoria
9283,Desodorante Crema Speed Stick Clinical Complete Dry 55 g,"Lacteos, Huevos y Congelados",Crema,Higiene Personal,Desodorantes,Alta,Producto de higiene personal fuera de Higiene Personal,mover_categoria
9286,Desodorante Spray Nivea Derma Control Tono Natural 150 ml,"Lacteos, Huevos y Congelados",Crema,Higiene Personal,Desodorantes,Alta,Producto de higiene personal fuera de Higiene Personal,mover_categoria
9287,Desodorante Barra Nivea Derma Control Defend 50 ml,"Lacteos, Huevos y Congelados",Crema,Higiene Personal,Desodorantes,Alta,Producto de higiene personal fuera de Higiene Personal,mover_categoria
9288,Desodorante Roll On Nivea Black & White Invisible Protection 50 ml,"Lacteos, Huevos y Congelados",Crema,Higiene Personal,Desodorantes,Alta,Producto de higiene personal fuera de Higiene Personal,mover_categoria
9291,Desodorante Roll On Nivea Derma Control Tono Natural 50 ml,"Lacteos, Huevos y Congelados",Crema,Higiene Personal,Desodorantes,Alta,Producto de higiene personal fuera de Higiene Personal,mover_categoria
9293,Kit Cuidado Capilar Organic Shop: Shampoo + Acondicionador + Crema,"Lacteos, Huevos y Congelados",Crema,Higiene Personal,Acondicionador,Alta,Producto de higiene personal fuera de Higiene Personal,mover_categoria
9297,Pack Día de la Madre Dove Jabón Serum Corporal + Serum Corporal,"Lacteos, Huevos y Congelados",Crema,Higiene Personal,Jabon,Alta,Producto de higiene personal fuera de Higiene Personal,mover_categoria
9299,Desodorante Secret Clear Gel Vanilla 45 g,"Lacteos, Huevos y Congelados",Crema,Higiene Personal,Desodorantes,Alta,Producto de higiene personal fuera de Higiene Personal,mover_categoria
9304,Desodorante Antitranspirante Gel Secret Powder Protect Cotton 45 g,"Lacteos, Huevos y Congelados",Crema,Higiene Personal,Desodorantes,Alta,Producto de higiene personal fuera de Higiene Personal,mover_categoria
9311,Shampoo Dove Men 2 en 1 Fuerza Resistente + Prebióticos 400 ml,"Lacteos, Huevos y Congelados",Crema,Higiene Personal,Shampoo,Alta,Producto de higiene personal fuera de Higiene Personal,mover_categoria
9314,Shampoo Dove Men Limpieza Refrescante 400 ml,"Lacteos, Huevos y Congelados",Crema,Higiene Personal,Shampoo,Alta,Producto de higiene personal fuera de Higiene Personal,mover_categoria
9320,Desodorante Roll On Nivea Derma Control Restore 50 ml,"Lacteos, Huevos y Congelados",Crema,Higiene Personal,Desodorantes,Alta,Producto de higiene personal fuera de Higiene Personal,mover_categoria
9321,Desodorante Gel Speed Stick 24/7 Xtreme Ultra 85 g,"Lacteos, Huevos y Congelados",Crema,Higiene Personal,Desodorantes,Alta,Producto de higiene personal fuera de Higiene Personal,mover_categoria
9322,Desodorante Roll On Nivea Derma Control Defense 50 ml,"Lacteos, Huevos y Congelados",Crema,Higiene Personal,Desodorantes,Alta,Producto de higiene personal fuera de Higiene Personal,mover_categoria
9323,Desodorante Gel Secret Ph Balanced Lavender Aroma Lavanda 45 g,"Lacteos, Huevos y Congelados",Crema,Higiene Personal,Desodorantes,Alta,Producto de higiene personal fuera de Higiene Personal,mover_categoria
9326,Desodorante Crema Dove All Body Lavander 75 g,"Lacteos, Huevos y Congelados",Crema,Higiene Personal,Desodorantes,Alta,Producto de higiene personal fuera de Higiene Personal,mover_categoria
9329,Desodorante Crema Rexona All Body Wild Rose 75 g,"Lacteos, Huevos y Congelados",Crema,Higiene Personal,Desodorantes,Alta,Producto de higiene personal fuera de Higiene Personal,mover_categoria
9334,Pack 2 un. Desodorante Crema Speed Stick Clinical Dry Antibacterial 55 g,"Lacteos, Huevos y Congelados",Crema,Higiene Personal,Desodorantes,Alta,Producto de higiene personal fuera de Higiene Personal,mover_categoria
9335,Desodorante en Crema Lady Speed Stick Clinical Powder 55 g,"Lacteos, Huevos y Congelados",Crema,Higiene Personal,Desodorantes,Alta,Producto de higiene personal fuera de Higiene Personal,mover_categoria
9338,Desodorante Gel Antitranspirante Speed Stick 24/7 X5 50 g,"Lacteos, Huevos y Congelados",Crema,Higiene Personal,Desodorantes,Alta,Producto de higiene personal fuera de Higiene Personal,mover_categoria
9341,Shampoo Dove Men Protección Anticaspa 400 ml,"Lacteos, Huevos y Congelados",Crema,Higiene Personal,Shampoo,Alta,Producto de higiene personal fuera de Higiene Personal,mover_categoria
9343,Desodorante Gel Speed Stick Stress Defense Dry Control 85g,"Lacteos, Huevos y Congelados",Crema,Higiene Personal,Desodorantes,Alta,Producto de higiene personal fuera de Higiene Personal,mover_categoria
9344,Desodorante Spray Secret Cherry Blossom 150 ml,"Lacteos, Huevos y Congelados",Crema,Higiene Personal,Desodorantes,Alta,Producto de higiene personal fuera de Higiene Personal,mover_categoria
9346,Desodorante Crema Rexona Men All Body Ocean Rush 75 g,"Lacteos, Huevos y Congelados",Crema,Higiene Personal,Desodorantes,Alta,Producto de higiene personal fuera de Higiene Personal,mover_categoria
9347,Desodorante Barra Lady Speed Stick Perla 48H de Protección 45 g,"Lacteos, Huevos y Congelados",Crema,Higiene Personal,Desodorantes,Alta,Producto de higiene personal fuera de Higiene Personal,mover_categoria
9349,Desodorante Spray Lady Speed Stick Derma Pearl 150 ml,"Lacteos, Huevos y Congelados",Crema,Higiene Personal,Desodorantes,Alta,Producto de higiene personal fuera de Higiene Personal,mover_categoria
9353,Pack 2 un. Desodorante Barra Lady Speed Stick Clinical 50 g,"Lacteos, Huevos y Congelados",Crema,Higiene Personal,Desodorantes,Alta,Producto de higiene personal fuera de Higiene Personal,mover_categoria
9454,Acondicionador Dr. Scholl's Barra Talón Agrietado 70 g,"Lacteos, Huevos y Congelados",Crema,Higiene Personal,Acondicionador,Alta,Producto de higiene personal fuera de Higiene Personal,mover_categoria
9462,Desodorante para Pies Preface Spray 150 ml,"Lacteos, Huevos y Congelados",Crema,Higiene Personal,Desodorantes,Alta,Producto de higiene personal fuera de Higiene Personal,mover_categoria
9465,Desodorante para Pies Fittig Spray 90 g,"Lacteos, Huevos y Congelados",Crema,Higiene Personal,Desodorantes,Alta,Producto de higiene personal fuera de Higiene Personal,mover_categoria
9467,Desodorante para Pies Brooks Acción Refrescante Talco 120 g,"Lacteos, Huevos y Congelados",Crema,Higiene Personal,Desodorantes,Alta,Producto de higiene personal fuera de Higiene Personal,mover_categoria
9470,Talco Desodorante para Pies Fittig Acción Cobre 200 g,"Lacteos, Huevos y Congelados",Crema,Higiene Personal,Desodorantes,Alta,Producto de higiene personal fuera de Higiene Personal,mover_categoria
9475,Talco Desodorante para Pies Curitas Foot Expert 300 g,"Lacteos, Huevos y Congelados",Crema,Higiene Personal,Desodorantes,Alta,Producto de higiene personal fuera de Higiene Personal,mover_categoria
9477,Desodorante para Pies Deo Pies Clinical Spray 260 ml,"Lacteos, Huevos y Congelados",Crema,Higiene Personal,Desodorantes,Alta,Producto de higiene personal fuera de Higiene Personal,mover_categoria
9478,Desodorante para Pies Brooks Carbón Active Spray 100 g,"Lacteos, Huevos y Congelados",Crema,Higiene Personal,Desodorantes,Alta,Producto de higiene personal fuera de Higiene Personal,mover_categoria
9481,Desodorante para Pies Deo Pies Xtrem Spray 260 ml,"Lacteos, Huevos y Congelados",Crema,Higiene Personal,Desodorantes,Alta,Producto de higiene personal fuera de Higiene Personal,mover_categoria
9483,Desodorante para Pies Deo Pies Antibacterial Spray 260 ml,"Lacteos, Huevos y Congelados",Crema,Higiene Personal,Desodorantes,Alta,Producto de higiene personal fuera de Higiene Personal,mover_categoria
9488,Desodorante para Pies Curitas Silver Active Spray 150 ml,"Lacteos, Huevos y Congelados",Crema,Higiene Personal,Desodorantes,Alta,Producto de higiene personal fuera de Higiene Personal,mover_categoria
9494,Desodorante para Pies Deo Pies Antibacterial Mujer Spray 260 ml,"Lacteos, Huevos y Congelados",Crema,Higiene Personal,Desodorantes,Alta,Producto de higiene personal fuera de Higiene Personal,mover_categoria
9495,Desodorante Spray Rexona Efficient Talco 200 g,"Lacteos, Huevos y Congelados",Crema,Higiene Personal,Desodorantes,Alta,Producto de higiene personal fuera de Higiene Personal,mover_categoria
9497,Desodorante Spray Rexona Efficient Fresh 153 ml,"Lacteos, Huevos y Congelados",Crema,Higiene Personal,Desodorantes,Alta,Producto de higiene personal fuera de Higiene Personal,mover_categoria
9500,Desodorante Spray Rexona Efficient Original 153 ml,"Lacteos, Huevos y Congelados",Crema,Higiene Personal,Desodorantes,Alta,Producto de higiene personal fuera de Higiene Personal,mover_categoria
9503,Desodorante para Pies SP Kids Deo 260 ml,"Lacteos, Huevos y Congelados",Crema,Higiene Personal,Desodorantes,Alta,Producto de higiene personal fuera de Higiene Personal,mover_categoria
9555,Talco Desodorante para Pies Mum Fresh 120 g,"Lacteos, Huevos y Congelados",Crema,Higiene Personal,Desodorantes,Alta,Producto de higiene personal fuera de Higiene Personal,mover_categoria
9556,Desodorante para Pies Hansaplast Refrescante Spray 150 cc,"Lacteos, Huevos y Congelados",Crema,Higiene Personal,Desodorantes,Alta,Producto de higiene personal fuera de Higiene Personal,mover_categoria
9557,Desodorante para Pies Hansaplast Spray 150 ml,"Lacteos, Huevos y Congelados",Crema,Higiene Personal,Desodorantes,Alta,Producto de higiene personal fuera de Higiene Personal,mover_categoria
9562,Talco Desodorante para Pies Hansaplast 300 g,"Lacteos, Huevos y Congelados",Crema,Higiene Personal,Desodorantes,Alta,Producto de higiene personal fuera de Higiene Personal,mover_categoria
9564,Desodorante Crema Dove Original 48 g,"Lacteos, Huevos y Congelados",Crema,Higiene Personal,Desodorantes,Alta,Producto de higiene personal fuera de Higiene Personal,mover_categoria
9573,Crema Facial Anti-Arrugas Nivea Q10 Día 50 ml,"Lacteos, Huevos y Congelados",Crema,Higiene Personal,Cuidado Facial,Alta,Producto de higiene personal fuera de Higiene Personal,mover_categoria
9590,Limpiador Crema Frosch Lavanda 500 ml,"Lacteos, Huevos y Congelados",Crema,Limpieza,Limpiadores,Alta,Producto de limpieza fuera de Limpieza,mover_categoria
9600,Desodorante Crema Etiquet Masculino Action 60 g,"Lacteos, Huevos y Congelados",Crema,Higiene Personal,Desodorantes,Alta,Producto de higiene personal fuera de Higiene Personal,mover_categoria
9623,Jabón Líquido Nivea Creme Soft 750 ml,"Lacteos, Huevos y Congelados",Crema,Higiene Personal,Jabon,Alta,Producto de higiene personal fuera de Higiene Personal,mover_categoria
9624,Desodorante Gel Speed Stick 24/7 Xtreme Intense 85 g,"Lacteos, Huevos y Congelados",Crema,Higiene Personal,Desodorantes,Alta,Producto de higiene personal fuera de Higiene Personal,mover_categoria
9628,Jabón Líquido Nivea Creme Soft 250 ml,"Lacteos, Huevos y Congelados",Crema,Higiene Personal,Jabon,Alta,Producto de higiene personal fuera de Higiene Personal,mover_categoria
9629,Crema Facial Anti-Arrugas Nivea 35+ 50 ml,"Lacteos, Huevos y Congelados",Crema,Higiene Personal,Cuidado Facial,Alta,Producto de higiene personal fuera de Higiene Personal,mover_categoria
9645,Crema Facial Vichy Neovadiol Magistral,"Lacteos, Huevos y Congelados",Crema,Higiene Personal,Cuidado Facial,Alta,Producto de higiene personal fuera de Higiene Personal,mover_categoria
9648,Crema Facial Eucerin Anti-Arrugas Día Q 10 Piel Seca 50 ml,"Lacteos, Huevos y Congelados",Crema,Higiene Personal,Cuidado Facial,Alta,Producto de higiene personal fuera de Higiene Personal,mover_categoria
9651,Crema Facial Hydraphase UV Ligera 50 ml,"Lacteos, Huevos y Congelados",Crema,Higiene Personal,Cuidado Facial,Alta,Producto de higiene personal fuera de Higiene Personal,mover_categoria
9653,Desodorante Crema Vichy 7 Días,"Lacteos, Huevos y Congelados",Crema,Higiene Personal,Desodorantes,Alta,Producto de higiene personal fuera de Higiene Personal,mover_categoria
9658,Crema Facial Vichy Nocturna Idéalia Skin Sleep 50 ml,"Lacteos, Huevos y Congelados",Crema,Higiene Personal,Cuidado Facial,Alta,Producto de higiene personal fuera de Higiene Personal,mover_categoria
9663,Normaderm Tonico Astringente Purificante 200 ml,"Lacteos, Huevos y Congelados",Crema,Higiene Personal,Cuidado Facial,Alta,Producto de higiene personal fuera de Higiene Personal,mover_categoria
9675,Jabón Líquido Nivea Creme Care 250 ml,"Lacteos, Huevos y Congelados",Crema,Higiene Personal,Jabon,Alta,Producto de higiene personal fuera de Higiene Personal,mover_categoria
9684,Pack Dove Regeneración Extrema: Shampoo 400 ml + Acondicionador 170 ml,"Lacteos, Huevos y Congelados",Crema,Higiene Personal,Acondicionador,Alta,Producto de higiene personal fuera de Higiene Personal,mover_categoria
9685,Jabón Líquido Nivea Creme Care 750 ml,"Lacteos, Huevos y Congelados",Crema,Higiene Personal,Jabon,Alta,Producto de higiene personal fuera de Higiene Personal,mover_categoria
9687,Desodorante Dove Clinical Crema For Men 2 un. 50 g c/u,"Lacteos, Huevos y Congelados",Crema,Higiene Personal,Desodorantes,Alta,Producto de higiene personal fuera de Higiene Personal,mover_categoria
9742,Pureté Thermale Agua Micelar Piel Mixta/Grasa 400 ml,"Lacteos, Huevos y Congelados",Crema,Higiene Personal,Cuidado Facial,Alta,Producto de higiene personal fuera de Higiene Personal,mover_categoria
9745,Shampoo Vichy Dercos Kera-Solutions 250 ml,"Lacteos, Huevos y Congelados",Crema,Higiene Personal,Shampoo,Alta,Producto de higiene personal fuera de Higiene Personal,mover_categoria
9747,Espuma Micelar Dermatoclean Hyaluron 150 ml,"Lacteos, Huevos y Congelados",Crema,Higiene Personal,Cuidado Facial,Alta,Producto de higiene personal fuera de Higiene Personal,mover_categoria
9752,Pack Crema Naturals Aloe + 2 Mini Micelar,"Lacteos, Huevos y Congelados",Crema,Higiene Personal,Cuidado Facial,Alta,Producto de higiene personal fuera de Higiene Personal,mover_categoria
9766,Crema Facial Nivea Men Skin Energy Q10 50 ml,"Lacteos, Huevos y Congelados",Crema,Higiene Personal,Cuidado Facial,Alta,Producto de higiene personal fuera de Higiene Personal,mover_categoria
9769,Crema Facial Nivea Naturally Good Manzanilla 50 ml,"Lacteos, Huevos y Congelados",Crema,Higiene Personal,Cuidado Facial,Alta,Producto de higiene personal fuera de Higiene Personal,mover_categoria
9774,Crema Facial Nivea Naturally Good Aloe 50 ml,"Lacteos, Huevos y Congelados",Crema,Higiene Personal,Cuidado Facial,Alta,Producto de higiene personal fuera de Higiene Personal,mover_categoria
9780,Desodorante Gel Gillette Vitamina E 82 g,"Lacteos, Huevos y Congelados",Crema,Higiene Personal,Desodorantes,Alta,Producto de higiene personal fuera de Higiene Personal,mover_categoria
9790,Crema Facial Petrizzio Anti Envejecimiento F50 50 g,"Lacteos, Huevos y Congelados",Crema,Higiene Personal,Cuidado Facial,Alta,Producto de higiene personal fuera de Higiene Personal,mover_categoria
9792,Crema Facial Naturaloe Hidratante Noche 50 ml,"Lacteos, Huevos y Congelados",Crema,Higiene Personal,Cuidado Facial,Alta,Producto de higiene personal fuera de Higiene Personal,mover_categoria
9795,Estuche roses agua micelar 400 ml + Crema 50 ml + Mist 150 ml,"Lacteos, Huevos y Congelados",Crema,Higiene Personal,Cuidado Facial,Alta,Producto de higiene personal fuera de Higiene Personal,mover_categoria
9798,Estuche Crema Aloe 350 ml + Crema Facial 50 ml,"Lacteos, Huevos y Congelados",Crema,Higiene Personal,Cuidado Facial,Alta,Producto de higiene personal fuera de Higiene Personal,mover_categoria
9811,Crema Facial Babaria Hidratante 100 ml 2 un.,"Lacteos, Huevos y Congelados",Crema,Higiene Personal,Cuidado Facial,Alta,Producto de higiene personal fuera de Higiene Personal,mover_categoria
9813,Crema facial antiarrugas 100 ml 2 un.,"Lacteos, Huevos y Congelados",Crema,Higiene Personal,Cuidado Facial,Alta,Producto de higiene personal fuera de Higiene Personal,mover_categoria
9830,Loción Ziaja Limpiadora & Tónico 200 ml,"Lacteos, Huevos y Congelados",Crema,Higiene Personal,Cuidado Facial,Alta,Producto de higiene personal fuera de Higiene Personal,mover_categoria
9840,Jabón Crema Simond's Humectante Doypack 500 ml,"Lacteos, Huevos y Congelados",Crema,Higiene Personal,Jabon,Alta,Producto de higiene personal fuera de Higiene Personal,mover_categoria
9847,Crema Facial L’Oréal Antilíneas de Expresión Ácido Hialurónico,"Lacteos, Huevos y Congelados",Crema,Higiene Personal,Cuidado Facial,Alta,Producto de higiene personal fuera de Higiene Personal,mover_categoria
9853,Limpiador Facial Bull Dog Oil Control 150 ml,"Lacteos, Huevos y Congelados",Crema,Limpieza,Limpiadores,Alta,Producto de limpieza fuera de Limpieza,mover_categoria
9867,Set Crema de Manos 75 ml + Jabón 300 ml,"Lacteos, Huevos y Congelados",Crema,Higiene Personal,Jabon,Alta,Producto de higiene personal fuera de Higiene Personal,mover_categoria
9870,Set Aclarante Sérum 30 ml + Crema 50 ml + Micelar 200 ml,"Lacteos, Huevos y Congelados",Crema,Higiene Personal,Cuidado Facial,Alta,Producto de higiene personal fuera de Higiene Personal,mover_categoria
9874,Crema Facial Noche L’Oréal Age Perfect Golden 50 ml,"Lacteos, Huevos y Congelados",Crema,Higiene Personal,Cuidado Facial,Alta,Producto de higiene personal fuera de Higiene Personal,mover_categoria
9875,Crema Facial Cicatricure Gold Lift Sérum,"Lacteos, Huevos y Congelados",Crema,Higiene Personal,Cuidado Facial,Alta,Producto de higiene personal fuera de Higiene Personal,mover_categoria
9878,Crema Facial Cicatricure Antiedad FPS 50,"Lacteos, Huevos y Congelados",Crema,Higiene Personal,Cuidado Facial,Alta,Producto de higiene personal fuera de Higiene Personal,mover_categoria
9882,Crema Facial Hidratante Matificador 50 ml,"Lacteos, Huevos y Congelados",Crema,Higiene Personal,Cuidado Facial,Alta,Producto de higiene personal fuera de Higiene Personal,mover_categoria
9887,Crema Facial Neutrogena Bright Boost 50 g,"Lacteos, Huevos y Congelados",Crema,Higiene Personal,Cuidado Facial,Alta,Producto de higiene personal fuera de Higiene Personal,mover_categoria
9888,Crema Facial Neutrogena Bright Boost FPS 30 - 40 g,"Lacteos, Huevos y Congelados",Crema,Higiene Personal,Cuidado Facial,Alta,Producto de higiene personal fuera de Higiene Personal,mover_categoria
9904,Desodorante para Pies Deo Pies Talco Clinical Spray 150 g,"Lacteos, Huevos y Congelados",Crema,Higiene Personal,Desodorantes,Alta,Producto de higiene personal fuera de Higiene Personal,mover_categoria
9905,Desodorante para Pies Deo Pies Mujer Spray 180 ml,"Lacteos, Huevos y Congelados",Crema,Higiene Personal,Desodorantes,Alta,Producto de higiene personal fuera de Higiene Personal,mover_categoria
9906,Pack Asepxia: Crema Facial 50 g + Gel Gen 100 g + Exfoliante 200 ml,"Lacteos, Huevos y Congelados",Crema,Higiene Personal,Cuidado Facial,Alta,Producto de higiene personal fuera de Higiene Personal,mover_categoria
9919,Pack Rose Care Agua Micelar 400 ml + Crema 50 ml + Mist 100 ml,"Lacteos, Huevos y Congelados",Crema,Higiene Personal,Cuidado Facial,Alta,Producto de higiene personal fuera de Higiene Personal,mover_categoria
9921,Pack Q10 Energy Crema + Micelar + Mascarilla,"Lacteos, Huevos y Congelados",Crema,Higiene Personal,Cuidado Facial,Alta,Producto de higiene personal fuera de Higiene Personal,mover_categoria
9927,Pack Micelar 600 ml + Humectante 100 ml + Arrugas 100 ml,"Lacteos, Huevos y Congelados",Crema,Higiene Personal,Cuidado Facial,Alta,Producto de higiene personal fuera de Higiene Personal,mover_categoria
9951,Crema Facial Bioherapy Rejuvenecedora 55 ml,"Lacteos, Huevos y Congelados",Crema,Higiene Personal,Cuidado Facial,Alta,Producto de higiene personal fuera de Higiene Personal,mover_categoria
9952,Crema Facial Bioherapy Calmante 55 ml,"Lacteos, Huevos y Congelados",Crema,Higiene Personal,Cuidado Facial,Alta,Producto de higiene personal fuera de Higiene Personal,mover_categoria
9955,Crema Facial Cicatricure Eyer 30 g,"Lacteos, Huevos y Congelados",Crema,Higiene Personal,Cuidado Facial,Alta,Producto de higiene personal fuera de Higiene Personal,mover_categoria
9966,Gel Limpiador Men Expert Hydra Energetic 100 ml,"Lacteos, Huevos y Congelados",Crema,Limpieza,Limpiadores,Alta,Producto de limpieza fuera de Limpieza,mover_categoria
9973,Acondicionador Bioherapy Pies y Talón Partidos 60 ml,"Lacteos, Huevos y Congelados",Crema,Higiene Personal,Acondicionador,Alta,Producto de higiene personal fuera de Higiene Personal,mover_categoria
9985,Pack Nivea Crema Facial Essentials Día + Noche,"Lacteos, Huevos y Congelados",Crema,Higiene Personal,Cuidado Facial,Alta,Producto de higiene personal fuera de Higiene Personal,mover_categoria
9986,Pack Nivea Rose Care Micelar + Crema Facial + Mist,"Lacteos, Huevos y Congelados",Crema,Higiene Personal,Cuidado Facial,Alta,Producto de higiene personal fuera de Higiene Personal,mover_categoria
10006,Crema Facial Nivea Noche Q10 Energy 50 ml,"Lacteos, Huevos y Congelados",Crema,Higiene Personal,Cuidado Facial,Alta,Producto de higiene personal fuera de Higiene Personal,mover_categoria
10008,Crema Facial y Contorno de Ojos Gaon Hidratante 50 ml,"Lacteos, Huevos y Congelados",Crema,Higiene Personal,Cuidado Facial,Alta,Producto de higiene personal fuera de Higiene Personal,mover_categoria
10023,Desodorante Gel Old Spice Xtreme Protect 80 g,"Lacteos, Huevos y Congelados",Crema,Higiene Personal,Desodorantes,Alta,Producto de higiene personal fuera de Higiene Personal,mover_categoria
10030,Crema Facial Raytan Iluminadora 50 ml,"Lacteos, Huevos y Congelados",Crema,Higiene Personal,Cuidado Facial,Alta,Producto de higiene personal fuera de Higiene Personal,mover_categoria
10033,Crema Facial Raytan FPS 30 - 60 ml,"Lacteos, Huevos y Congelados",Crema,Higiene Personal,Cuidado Facial,Alta,Producto de higiene personal fuera de Higiene Personal,mover_categoria
10042,Pack Nivea Rose Micelar 400 ml + Día 50 ml + Mist 150 ml,"Lacteos, Huevos y Congelados",Crema,Higiene Personal,Cuidado Facial,Alta,Producto de higiene personal fuera de Higiene Personal,mover_categoria
10049,Crema Facial Newen Hidratante Col Rosa Mosqueta 50 g,"Lacteos, Huevos y Congelados",Crema,Higiene Personal,Cuidado Facial,Alta,Producto de higiene personal fuera de Higiene Personal,mover_categoria
10050,Tonico Facial Newen Hidratante 120 ml,"Lacteos, Huevos y Congelados",Crema,Higiene Personal,Cuidado Facial,Alta,Producto de higiene personal fuera de Higiene Personal,mover_categoria
10105,Estuche Dermocream Piel Atópica + Jabón Syndet 400,"Lacteos, Huevos y Congelados",Crema,Higiene Personal,Jabon,Alta,Producto de higiene personal fuera de Higiene Personal,mover_categoria
10109,Pack Nivea Rose Agua Micelar-Crema-Mist,"Lacteos, Huevos y Congelados",Crema,Higiene Personal,Cuidado Facial,Alta,Producto de higiene personal fuera de Higiene Personal,mover_categoria
10112,Crema Facial L'Oreal Revitalift A-Age Cream FPS30,"Lacteos, Huevos y Congelados",Crema,Higiene Personal,Cuidado Facial,Alta,Producto de higiene personal fuera de Higiene Personal,mover_categoria
10114,Pack L'Oreal Limpia e Hidrata Micelar + Crema Humectante,"Lacteos, Huevos y Congelados",Crema,Higiene Personal,Cuidado Facial,Alta,Producto de higiene personal fuera de Higiene Personal,mover_categoria
10127,Pack Nivea Micelar + Bifásica,"Lacteos, Huevos y Congelados",Crema,Higiene Personal,Cuidado Facial,Alta,Producto de higiene personal fuera de Higiene Personal,mover_categoria
10130,Pack Nivea Roses Micelar + Crema + Mist,"Lacteos, Huevos y Congelados",Crema,Higiene Personal,Cuidado Facial,Alta,Producto de higiene personal fuera de Higiene Personal,mover_categoria
10148,Crema Facial Dermocream Defense 50 ml,"Lacteos, Huevos y Congelados",Crema,Higiene Personal,Cuidado Facial,Alta,Producto de higiene personal fuera de Higiene Personal,mover_categoria
10167,Limpiador Crema Cif Original 680 g,"Lacteos, Huevos y Congelados",Crema,Limpieza,Limpiadores,Alta,Producto de limpieza fuera de Limpieza,mover_categoria
10170,Set Tratamiento Cabello Rizado Le Petit Olivier: Shampoo + Crema de Peinar,"Lacteos, Huevos y Congelados",Crema,Higiene Personal,Shampoo,Alta,Producto de higiene personal fuera de Higiene Personal,mover_categoria
10185,Base Maggi Jugoso Al Sartén Pimentón 23G,"Lacteos, Huevos y Congelados",Crema,Bebidas,Jugos,Media,Bebida fuera de Bebidas,revisar_y_mover
10190,Base Maggi Jugoso Al Horno Pollo Al Limón 24G,"Lacteos, Huevos y Congelados",Crema,Bebidas,Jugos,Media,Bebida fuera de Bebidas,revisar_y_mover
10194,Base Maggi Jugoso Al Sartén Finas Hierbas 23G,"Lacteos, Huevos y Congelados",Crema,Bebidas,Jugos,Media,Bebida fuera de Bebidas,revisar_y_mover
10208,Limpiador Crema Cif Bioactive Original 375 g,"Lacteos, Huevos y Congelados",Crema,Limpieza,Limpiadores,Alta,Producto de limpieza fuera de Limpieza,mover_categoria
10210,Gel de Limpieza Facial Nivea Men Deep 100 ml,"Lacteos, Huevos y Congelados",Crema,Higiene Personal,Cuidado Facial,Alta,Producto de higiene personal fuera de Higiene Personal,mover_categoria
10211,Limpiador Crema Cif Bioactive Limón 750 g,"Lacteos, Huevos y Congelados",Crema,Limpieza,Limpiadores,Alta,Producto de limpieza fuera de Limpieza,mover_categoria
10216,Pack Crema Ht5 Matificador + Agua Micelar,"Lacteos, Huevos y Congelados",Crema,Higiene Personal,Cuidado Facial,Alta,Producto de higiene personal fuera de Higiene Personal,mover_categoria
10221,Loción Micelar 3 en 1 Nivea Piel Sensible 200 ml,"Lacteos, Huevos y Congelados",Crema,Higiene Personal,Cuidado Facial,Alta,Producto de higiene personal fuera de Higiene Personal,mover_categoria
10224,Limpiador Crema Cif Bioactive Original 750 g,"Lacteos, Huevos y Congelados",Crema,Limpieza,Limpiadores,Alta,Producto de limpieza fuera de Limpieza,mover_categoria
10236,Pack Kativa: Shampoo + Acondicionador + Crema de Tratamiento Coco,"Lacteos, Huevos y Congelados",Crema,Higiene Personal,Acondicionador,Alta,Producto de higiene personal fuera de Higiene Personal,mover_categoria
10237,Pack Kativa: Shampoo + Acondicionador + Crema de Tratamiento Keratina,"Lacteos, Huevos y Congelados",Crema,Higiene Personal,Acondicionador,Alta,Producto de higiene personal fuera de Higiene Personal,mover_categoria
10239,Crema Facial Noche L’Oréal Age Perfect Jalea Real 50 ml,"Lacteos, Huevos y Congelados",Crema,Higiene Personal,Cuidado Facial,Alta,Producto de higiene personal fuera de Higiene Personal,mover_categoria
10240,Crema Facial Día L’Oréal Hidra Total 5 Antiarrugas +45 50 ml,"Lacteos, Huevos y Congelados",Crema,Higiene Personal,Cuidado Facial,Alta,Producto de higiene personal fuera de Higiene Personal,mover_categoria
10241,Crema Facial Nivea Cellular Noche 50 ml,"Lacteos, Huevos y Congelados",Crema,Higiene Personal,Cuidado Facial,Alta,Producto de higiene personal fuera de Higiene Personal,mover_categoria
10242,Crema Facial Nivea Cellular Día FPS30 50 ml,"Lacteos, Huevos y Congelados",Crema,Higiene Personal,Cuidado Facial,Alta,Producto de higiene personal fuera de Higiene Personal,mover_categoria
10244,Crema Facial Noche L’Oréal Revitalift Filler 50 ml,"Lacteos, Huevos y Congelados",Crema,Higiene Personal,Cuidado Facial,Alta,Producto de higiene personal fuera de Higiene Personal,mover_categoria
10245,Crema Facial Noche L’Oréal Revitalift Firmeza 50 ml,"Lacteos, Huevos y Congelados",Crema,Higiene Personal,Cuidado Facial,Alta,Producto de higiene personal fuera de Higiene Personal,mover_categoria
10246,Crema Facial Hidratante Nivea Activa Día 50 ml,"Lacteos, Huevos y Congelados",Crema,Higiene Personal,Cuidado Facial,Alta,Producto de higiene personal fuera de Higiene Personal,mover_categoria
10247,Crema Facial Noche L’Oréal Age Perfect Trufa 50 ml,"Lacteos, Huevos y Congelados",Crema,Higiene Personal,Cuidado Facial,Alta,Producto de higiene personal fuera de Higiene Personal,mover_categoria
10249,Crema Facial Día L’Oréal UV Defender Toque Seco Medium FPS 50 40 g,"Lacteos, Huevos y Congelados",Crema,Higiene Personal,Cuidado Facial,Alta,Producto de higiene personal fuera de Higiene Personal,mover_categoria
10251,Crema Facial Día L’Oréal Revitalift Filler 50 ml,"Lacteos, Huevos y Congelados",Crema,Higiene Personal,Cuidado Facial,Alta,Producto de higiene personal fuera de Higiene Personal,mover_categoria
10252,Crema Facial Noche L’Oréal Hidra Total 5 Hidratante 50 ml,"Lacteos, Huevos y Congelados",Crema,Higiene Personal,Cuidado Facial,Alta,Producto de higiene personal fuera de Higiene Personal,mover_categoria
10253,Crema Facial Noche L’Oréal Revitalift Láser 50 ml,"Lacteos, Huevos y Congelados",Crema,Higiene Personal,Cuidado Facial,Alta,Producto de higiene personal fuera de Higiene Personal,mover_categoria
10255,Crema Facial Día L’Oréal Age Perfect Golden 50 ml,"Lacteos, Huevos y Congelados",Crema,Higiene Personal,Cuidado Facial,Alta,Producto de higiene personal fuera de Higiene Personal,mover_categoria
10257,Crema Facial Día L’Oréal Revitalift Antiarrugas Láser 50 ml,"Lacteos, Huevos y Congelados",Crema,Higiene Personal,Cuidado Facial,Alta,Producto de higiene personal fuera de Higiene Personal,mover_categoria
10258,Crema Facial Día L’Oréal Revitalift Firmeza 50 ml,"Lacteos, Huevos y Congelados",Crema,Higiene Personal,Cuidado Facial,Alta,Producto de higiene personal fuera de Higiene Personal,mover_categoria
10259,Crema Facial Día L’Oréal Revitalift Ácido Hialurónico FPS 20 - 25 ml,"Lacteos, Huevos y Congelados",Crema,Higiene Personal,Cuidado Facial,Alta,Producto de higiene personal fuera de Higiene Personal,mover_categoria
10260,Crema Facial Día L’Oréal Revitalift Antiarrugas 50 ml,"Lacteos, Huevos y Congelados",Crema,Higiene Personal,Cuidado Facial,Alta,Producto de higiene personal fuera de Higiene Personal,mover_categoria
10261,Crema Facial Día L’Oréal UV Defender Toque Seco Claro FPS 50 40 g,"Lacteos, Huevos y Congelados",Crema,Higiene Personal,Cuidado Facial,Alta,Producto de higiene personal fuera de Higiene Personal,mover_categoria
10263,Crema Facial Nivea Q10 Energy Noche Antiarrugas 50 ml,"Lacteos, Huevos y Congelados",Crema,Higiene Personal,Cuidado Facial,Alta,Producto de higiene personal fuera de Higiene Personal,mover_categoria
10266,Pack Sérum Antiimperfecciones y Agua Micelar Loreal,"Lacteos, Huevos y Congelados",Crema,Higiene Personal,Cuidado Facial,Alta,Producto de higiene personal fuera de Higiene Personal,mover_categoria
10279,Crema Facial Eucerin Atopi Control 50 ml,"Lacteos, Huevos y Congelados",Crema,Higiene Personal,Cuidado Facial,Alta,Producto de higiene personal fuera de Higiene Personal,mover_categoria
10357,Nectarín Plátano Exportación Granel,Frutas y Verduras,Frutas,Bebidas,Jugos,Media,Bebida fuera de Bebidas,revisar_y_mover
10358,Nectarín Tree Ripe Plátano 6 un.,Frutas y Verduras,Frutas,Bebidas,Jugos,Media,Bebida fuera de Bebidas,revisar_y_mover
10361,Nectarín Exportación Granel,Frutas y Verduras,Frutas,Bebidas,Jugos,Media,Bebida fuera de Bebidas,revisar_y_mover
10374,Naranja Jugo Malla 3 kg,Frutas y Verduras,Frutas,Bebidas,Jugos,Media,Bebida fuera de Bebidas,revisar_y_mover
10397,Nectarín Plátano Granel,Frutas y Verduras,Frutas,Bebidas,Jugos,Media,Bebida fuera de Bebidas,revisar_y_mover
10416,Naranjas Jugo Malla de Yute 2.5 kg,Frutas y Verduras,Frutas,Bebidas,Jugos,Media,Bebida fuera de Bebidas,revisar_y_mover
10448,Nectarín Tree Ripe 6 un.,Frutas y Verduras,Frutas,Bebidas,Jugos,Media,Bebida fuera de Bebidas,revisar_y_mover
10544,Zanahorias Jugo 1 kg,Frutas y Verduras,Verduras,Bebidas,Jugos,Media,Bebida fuera de Bebidas,revisar_y_mover
10546,Desinfectante de Frutas y Verduras Germalimp 250 g,Frutas y Verduras,Verduras,Limpieza,Limpiadores,Alta,Producto de limpieza fuera de Limpieza,mover_categoria
10912,Zanahoria Jugo Bolsa 1 kg,Frutas y Verduras,Verduras,Bebidas,Jugos,Media,Bebida fuera de Bebidas,revisar_y_mover
11048,Alimento Húmedo Perro Adulto Pedigree Pequeño Carne 100 g,Carnes y Pescados,Carnes,Mascotas,Alimento Perros,Alta,Producto de mascotas fuera de Mascotas,mover_categoria
11079,Snack Perro Pet's Fun Condilo de Vacuno,Carnes y Pescados,Carnes,Mascotas,Alimento Perros,Alta,Producto de mascotas fuera de Mascotas,mover_categoria
11097,Snack Perro Adulto Pedigree Rodeo Carne 4 un.,Carnes y Pescados,Carnes,Mascotas,Alimento Perros,Alta,Producto de mascotas fuera de Mascotas,mover_categoria
11124,Alimento Húmedo Perro Adulto Pedigree Carne Sobre 100 g,Carnes y Pescados,Carnes,Mascotas,Alimento Perros,Alta,Producto de mascotas fuera de Mascotas,mover_categoria
11163,Snack Perro Pet's Fun Fémur de Vacuno 1.75 kg,Carnes y Pescados,Carnes,Mascotas,Alimento Perros,Alta,Producto de mascotas fuera de Mascotas,mover_categoria
11183,Alimento Perro Adulto Purina One Mediano Grande Carne 12 kg,Carnes y Pescados,Carnes,Mascotas,Alimento Perros,Alta,Producto de mascotas fuera de Mascotas,mover_categoria
11241,Alimento Húmedo Gato Adulto Whiskas Salsa Carne 85 g,Carnes y Pescados,Carnes,Mascotas,Alimento Gatos,Alta,Producto de mascotas fuera de Mascotas,mover_categoria
11242,Snack Perro Pet's Fun Fémur de Vacuno,Carnes y Pescados,Carnes,Mascotas,Alimento Perros,Alta,Producto de mascotas fuera de Mascotas,mover_categoria
11268,Alimento Húmedo Gatito Whiskas Salsa Carne 85 g,Carnes y Pescados,Carnes,Mascotas,Alimento Gatos,Alta,Producto de mascotas fuera de Mascotas,mover_categoria
11269,Alimento Húmedo Perro Cachorro Pedigree Carne Sobre 85 g,Carnes y Pescados,Carnes,Mascotas,Alimento Perros,Alta,Producto de mascotas fuera de Mascotas,mover_categoria
11272,Alimento Húmedo Gatito Whiskas Soufflé Carne 85 g,Carnes y Pescados,Carnes,Mascotas,Alimento Gatos,Alta,Producto de mascotas fuera de Mascotas,mover_categoria
11273,Snack Gato Whiskas Tentador Carne 80 g,Carnes y Pescados,Carnes,Mascotas,Alimento Gatos,Alta,Producto de mascotas fuera de Mascotas,mover_categoria
11274,Alimento Húmedo Gato Adulto Whiskas Carne Soufflé 85 g,Carnes y Pescados,Carnes,Mascotas,Alimento Gatos,Alta,Producto de mascotas fuera de Mascotas,mover_categoria
11275,Alimento Húmedo Gato Adulto Whiskas Castrados Carne 85 g,Carnes y Pescados,Carnes,Mascotas,Alimento Gatos,Alta,Producto de mascotas fuera de Mascotas,mover_categoria
11277,Salsa Perro Master Dog Carne 300 g,Carnes y Pescados,Carnes,Mascotas,Alimento Perros,Alta,Producto de mascotas fuera de Mascotas,mover_categoria
11280,Snack Gato Whiskas Tentador Carne 40 g,Carnes y Pescados,Carnes,Mascotas,Alimento Gatos,Alta,Producto de mascotas fuera de Mascotas,mover_categoria
11289,Snack Perro Naturalistic Mix Cordero-Espinaca-Carne-Manzana 100 g,Carnes y Pescados,Carnes,Mascotas,Alimento Perros,Alta,Producto de mascotas fuera de Mascotas,mover_categoria
11301,"Alimento Húmedo Perro Purina One Multi Proteína Carne, Pollo y Cordero 85 g",Carnes y Pescados,Carnes,Mascotas,Alimento Perros,Alta,Producto de mascotas fuera de Mascotas,mover_categoria
11303,Alimento Húmedo Perro Dog Chow Cachorros Carne 100 g,Carnes y Pescados,Carnes,Mascotas,Alimento Perros,Alta,Producto de mascotas fuera de Mascotas,mover_categoria
11368,Snack Perro Treats Trozos Vacuno 100 g,Carnes y Pescados,Carnes,Mascotas,Alimento Perros,Alta,Producto de mascotas fuera de Mascotas,mover_categoria
11369,Alimento Perro Cachorro Purina One Pollo y Carne 12 kg,Carnes y Pescados,Carnes,Mascotas,Alimento Perros,Alta,Producto de mascotas fuera de Mascotas,mover_categoria
11461,Alimento Húmedo Perro Adulto Amity Carne 1250 gr,Carnes y Pescados,Carnes,Mascotas,Alimento Perros,Alta,Producto de mascotas fuera de Mascotas,mover_categoria
11465,Alimento Húmedo Gato Amity Carne y Vegetales 415 g,Carnes y Pescados,Carnes,Mascotas,Alimento Gatos,Alta,Producto de mascotas fuera de Mascotas,mover_categoria
11468,Alimento Húmedo Perro Adulto Master Dog Carne 100 g,Carnes y Pescados,Carnes,Mascotas,Alimento Perros,Alta,Producto de mascotas fuera de Mascotas,mover_categoria
11469,Alimento Perro Senior Master Dog Carne 3 kg,Carnes y Pescados,Carnes,Mascotas,Alimento Perros,Alta,Producto de mascotas fuera de Mascotas,mover_categoria
11476,Alimento Perro Adulto Champion Dog Carne y Pollo 15 kg,Carnes y Pescados,Carnes,Mascotas,Alimento Perros,Alta,Producto de mascotas fuera de Mascotas,mover_categoria
11489,Alimento Húmedo Perro Adulto Cannes Trocitos Jugosos Carne 100 g,Carnes y Pescados,Carnes,Mascotas,Alimento Perros,Alta,Producto de mascotas fuera de Mascotas,mover_categoria
11499,Alimento Húmedo Gato Felix Sabor Carne 85 g,Carnes y Pescados,Carnes,Mascotas,Alimento Gatos,Alta,Producto de mascotas fuera de Mascotas,mover_categoria
11501,Snack Perro Goofy Super Mix Carne Asada 7 un.,Carnes y Pescados,Carnes,Mascotas,Alimento Perros,Alta,Producto de mascotas fuera de Mascotas,mover_categoria
11504,Alimento Perro Adulto Master Dog Carne 9 kg,Carnes y Pescados,Carnes,Mascotas,Alimento Perros,Alta,Producto de mascotas fuera de Mascotas,mover_categoria
11505,Alimento Perro Adulto Amity Trozo Carne 415 g,Carnes y Pescados,Carnes,Mascotas,Alimento Perros,Alta,Producto de mascotas fuera de Mascotas,mover_categoria
11506,Snack Tiritas para Perro Vacuno 400 g,Carnes y Pescados,Carnes,Mascotas,Alimento Perros,Alta,Producto de mascotas fuera de Mascotas,mover_categoria
11667,Alimento Perro Adulto Master Dog En Salsa Carne Mechada 2.5 kg,Carnes y Pescados,Carnes,Mascotas,Alimento Perros,Alta,Producto de mascotas fuera de Mascotas,mover_categoria
11677,Alimento Gato Adulto Whiskas Carne 1 kg,Carnes y Pescados,Carnes,Mascotas,Alimento Gatos,Alta,Producto de mascotas fuera de Mascotas,mover_categoria
11679,Alimento Perro Cachorro Cannes Carne y Leche 3 kg,Carnes y Pescados,Carnes,Mascotas,Alimento Perros,Alta,Producto de mascotas fuera de Mascotas,mover_categoria
11699,Snack Perro Jerky Proteico Stay Happy Vacuno 80 g,Carnes y Pescados,Carnes,Mascotas,Alimento Perros,Alta,Producto de mascotas fuera de Mascotas,mover_categoria
11708,Alimento Perro Adulto Pedigree Carne Pollo y Cereal 15 kg,Carnes y Pescados,Carnes,Mascotas,Alimento Perros,Alta,Producto de mascotas fuera de Mascotas,mover_categoria
11713,Alimento Perro Adulto Master Dog Carne 15 kg,Carnes y Pescados,Carnes,Mascotas,Alimento Perros,Alta,Producto de mascotas fuera de Mascotas,mover_categoria
11742,Alimento Perro Doko Adulto All Breed Carne de Pollo 12 kg,Carnes y Pescados,Carnes,Mascotas,Alimento Perros,Alta,Producto de mascotas fuera de Mascotas,mover_categoria
11746,Snack Perro Doguitos Medallones de Carne 65 g,Carnes y Pescados,Carnes,Mascotas,Alimento Perros,Alta,Producto de mascotas fuera de Mascotas,mover_categoria
11747,Alimento Húmedo Gato Adulto Purina One Castrados Super Nutrientes Carne 85 g,Carnes y Pescados,Carnes,Mascotas,Alimento Gatos,Alta,Producto de mascotas fuera de Mascotas,mover_categoria
11749,Alimento Húmedo Perro Adulto Champion Dog Carne y Verduras 100 g,Carnes y Pescados,Carnes,Mascotas,Alimento Perros,Alta,Producto de mascotas fuera de Mascotas,mover_categoria
11750,Alimento Húmedo Perro Dog Chow Carne 100 g,Carnes y Pescados,Carnes,Mascotas,Alimento Perros,Alta,Producto de mascotas fuera de Mascotas,mover_categoria
11751,"Alimento Perro Cachorro Pedigree Carne, Pollo y Cereales 15 kg",Carnes y Pescados,Carnes,Mascotas,Alimento Perros,Alta,Producto de mascotas fuera de Mascotas,mover_categoria
11752,Alimento Perro Adulto Pedigree Carne y Vegetales 15 kg,Carnes y Pescados,Carnes,Mascotas,Alimento Perros,Alta,Producto de mascotas fuera de Mascotas,mover_categoria
11753,Alimento Perro Adulto Master Dog En Salsa Carne Mechada 15 kg,Carnes y Pescados,Carnes,Mascotas,Alimento Perros,Alta,Producto de mascotas fuera de Mascotas,mover_categoria
11754,Alimento Húmedo Gato Fancy Feast Mousse de Carne 85 g,Carnes y Pescados,Carnes,Mascotas,Alimento Gatos,Alta,Producto de mascotas fuera de Mascotas,mover_categoria
11755,Alimento Húmedo Perro Cachorro Cannes Trocitos Jugosos Carne 85 g,Carnes y Pescados,Carnes,Mascotas,Alimento Perros,Alta,Producto de mascotas fuera de Mascotas,mover_categoria
11756,Alimento Perro Adulto Wankün Carne Deshuesada 750 g,Carnes y Pescados,Carnes,Mascotas,Alimento Perros,Alta,Producto de mascotas fuera de Mascotas,mover_categoria
11757,Trocitos en Salsa Gatito Felinnes Carne y Leche 85 g,Carnes y Pescados,Carnes,Mascotas,Alimento Gatos,Alta,Producto de mascotas fuera de Mascotas,mover_categoria
11758,"Alimento Perro Cachorro Pedigree Carne, Pollo y Cereales 8 kg",Carnes y Pescados,Carnes,Mascotas,Alimento Perros,Alta,Producto de mascotas fuera de Mascotas,mover_categoria
11760,Alimento Perro Adulto Pedigree Carne Pollo y Cereal 8 kg,Carnes y Pescados,Carnes,Mascotas,Alimento Perros,Alta,Producto de mascotas fuera de Mascotas,mover_categoria
11761,Alimento Congelado Perro Barf Dieta Vacuno 200 g,Carnes y Pescados,Carnes,Mascotas,Alimento Perros,Alta,Producto de mascotas fuera de Mascotas,mover_categoria
11762,"Alimento Perro Cachorro Champion Dog Carne, Pollo y Leche 15 kg",Carnes y Pescados,Carnes,Mascotas,Alimento Perros,Alta,Producto de mascotas fuera de Mascotas,mover_categoria
11763,Alimento Húmedo Perro Adulto Cannes Trocitos Jugosos Carne 375 g,Carnes y Pescados,Carnes,Mascotas,Alimento Perros,Alta,Producto de mascotas fuera de Mascotas,mover_categoria
11764,Alimento Perro Adulto Sabrokan Carne y Arroz 18 kg,Carnes y Pescados,Carnes,Mascotas,Alimento Perros,Alta,Producto de mascotas fuera de Mascotas,mover_categoria
11765,Alimento Perro Adulto Doko Carne y Pollo 15 kg,Carnes y Pescados,Carnes,Mascotas,Alimento Perros,Alta,Producto de mascotas fuera de Mascotas,mover_categoria
11767,Alimento Perro Adulto Dog Chow Medianos y Grandes Carne y Pollo 12 kg,Carnes y Pescados,Carnes,Mascotas,Alimento Perros,Alta,Producto de mascotas fuera de Mascotas,mover_categoria
11768,Alimento Perro Adulto Pedigree Carne Pollo y Cereal 3 kg,Carnes y Pescados,Carnes,Mascotas,Alimento Perros,Alta,Producto de mascotas fuera de Mascotas,mover_categoria
11769,Alimento Perro Adulto Pedigree High Protein Carne y Pollo 13.4 kg,Carnes y Pescados,Carnes,Mascotas,Alimento Perros,Alta,Producto de mascotas fuera de Mascotas,mover_categoria
11770,Alimento Húmedo Gatito Felix Sabor Carne Sobre 85 g,Carnes y Pescados,Carnes,Mascotas,Alimento Gatos,Alta,Producto de mascotas fuera de Mascotas,mover_categoria
11771,Snack Perro Master Dog Carne y Leche 500 g,Carnes y Pescados,Carnes,Mascotas,Alimento Perros,Alta,Producto de mascotas fuera de Mascotas,mover_categoria
11772,Alimento Húmedo Gato Adulto Cat Chow Esterilizado Carne 85 g,Carnes y Pescados,Carnes,Mascotas,Alimento Gatos,Alta,Producto de mascotas fuera de Mascotas,mover_categoria
11773,Alimento Perro Adulto Pedigree Razas Pequeñas Carne y Vegetales 8 kg,Carnes y Pescados,Carnes,Mascotas,Alimento Perros,Alta,Producto de mascotas fuera de Mascotas,mover_categoria
11774,"Alimento Perro Senior Champion Dog Carne, Pollo y Vegetales 2.7 kg",Carnes y Pescados,Carnes,Mascotas,Alimento Perros,Alta,Producto de mascotas fuera de Mascotas,mover_categoria
11775,Alimento Húmedo Gato Adulto Master Cat Carne Asada 85 g,Carnes y Pescados,Carnes,Mascotas,Alimento Gatos,Alta,Producto de mascotas fuera de Mascotas,mover_categoria
11776,Alimento Perro Adulto Sabrokan Carne y Arroz 9 kg,Carnes y Pescados,Carnes,Mascotas,Alimento Perros,Alta,Producto de mascotas fuera de Mascotas,mover_categoria
11777,Alimento Húmedo Perro Cachorro Cannes Trocitos Jugosos Carne 375 g,Carnes y Pescados,Carnes,Mascotas,Alimento Perros,Alta,Producto de mascotas fuera de Mascotas,mover_categoria
11778,Alimento Perro Adulto Cachupin Carne 15 kg,Carnes y Pescados,Carnes,Mascotas,Alimento Perros,Alta,Producto de mascotas fuera de Mascotas,mover_categoria
11781,Alimento Gatito Whiskas Carne y Leche 1 kg,Carnes y Pescados,Carnes,Mascotas,Alimento Gatos,Alta,Producto de mascotas fuera de Mascotas,mover_categoria
11782,Alimento Gatito Purina One Pollo y Carne 2 kg,Carnes y Pescados,Carnes,Mascotas,Alimento Gatos,Alta,Producto de mascotas fuera de Mascotas,mover_categoria
11783,Alimento Húmedo Gato VK Poes Creation Carne 85 g,Carnes y Pescados,Carnes,Mascotas,Alimento Gatos,Alta,Producto de mascotas fuera de Mascotas,mover_categoria
11784,Paté Perro Champion Dog Carne 315 g,Carnes y Pescados,Carnes,Mascotas,Alimento Perros,Alta,Producto de mascotas fuera de Mascotas,mover_categoria
11785,Alimento Seco Gatito Whiskas Carne y Leche 3 kg,Carnes y Pescados,Carnes,Mascotas,Alimento Gatos,Alta,Producto de mascotas fuera de Mascotas,mover_categoria
11787,"Alimento Perro Cachorro Champion Dog Carne, Pollo y Leche 3 kg",Carnes y Pescados,Carnes,Mascotas,Alimento Perros,Alta,Producto de mascotas fuera de Mascotas,mover_categoria
11788,Alimento Perro Adulto Cannes Carne y Cereales 15 kg,Carnes y Pescados,Carnes,Mascotas,Alimento Perros,Alta,Producto de mascotas fuera de Mascotas,mover_categoria
11789,Paté Perro Master Dog Carne 250 g,Carnes y Pescados,Carnes,Mascotas,Alimento Perros,Alta,Producto de mascotas fuera de Mascotas,mover_categoria
11790,Trocitos en Salsa Gato Felinnes Carne 85 g,Carnes y Pescados,Carnes,Mascotas,Alimento Gatos,Alta,Producto de mascotas fuera de Mascotas,mover_categoria
11791,Alimento Perro Adulto Pedigree Razas Pequeñas Carne y Vegetales 3 kg,Carnes y Pescados,Carnes,Mascotas,Alimento Perros,Alta,Producto de mascotas fuera de Mascotas,mover_categoria
11793,Alimento Gato Whiskas Carne 8 kg,Carnes y Pescados,Carnes,Mascotas,Alimento Gatos,Alta,Producto de mascotas fuera de Mascotas,mover_categoria
11794,"Alimento Perro Cachorro Champion Dog Carne, Pollo y Leche 8 kg",Carnes y Pescados,Carnes,Mascotas,Alimento Perros,Alta,Producto de mascotas fuera de Mascotas,mover_categoria
11795,Snack Perro Vitakraft Beef Stick Carne 12 g,Carnes y Pescados,Carnes,Mascotas,Alimento Perros,Alta,Producto de mascotas fuera de Mascotas,mover_categoria
11797,Alimento Húmedo Gato Adulto Cat Chow Carne 85 g,Carnes y Pescados,Carnes,Mascotas,Alimento Gatos,Alta,Producto de mascotas fuera de Mascotas,mover_categoria
11798,Alimento Gato Adulto Purina One Pollo y Carne 2 kg,Carnes y Pescados,Carnes,Mascotas,Alimento Gatos,Alta,Producto de mascotas fuera de Mascotas,mover_categoria
11799,Alimento Perro Adulto Cannes Carne y Cereales 9 kg,Carnes y Pescados,Carnes,Mascotas,Alimento Perros,Alta,Producto de mascotas fuera de Mascotas,mover_categoria
11800,Alimento Perro Adulto Charly Carne y Cereales 9 kg,Carnes y Pescados,Carnes,Mascotas,Alimento Perros,Alta,Producto de mascotas fuera de Mascotas,mover_categoria
11801,Alimento Perro Adulto Cachupin Carne 9 kg,Carnes y Pescados,Carnes,Mascotas,Alimento Perros,Alta,Producto de mascotas fuera de Mascotas,mover_categoria
11802,Alimento Perro Adulto Pedigree Carne y Vegetales 8 kg,Carnes y Pescados,Carnes,Mascotas,Alimento Perros,Alta,Producto de mascotas fuera de Mascotas,mover_categoria
11803,Alimento Perro Deshidratado Wankün Carne 100 g,Carnes y Pescados,Carnes,Mascotas,Alimento Perros,Alta,Producto de mascotas fuera de Mascotas,mover_categoria
11804,Snack Perro Dip Dog Filetitos de Carne 60 g,Carnes y Pescados,Carnes,Mascotas,Alimento Perros,Alta,Producto de mascotas fuera de Mascotas,mover_categoria
11805,Alimento Perro Adulto Cannes Razas Pequeñas Carne y Cereales 3 kg,Carnes y Pescados,Carnes,Mascotas,Alimento Perros,Alta,Producto de mascotas fuera de Mascotas,mover_categoria
11806,Alimento Perro Cachorro Cannes Carne y Leche 15 kg,Carnes y Pescados,Carnes,Mascotas,Alimento Perros,Alta,Producto de mascotas fuera de Mascotas,mover_categoria
11807,Alimento Húmedo Gato Adulto Whiskas Carne 290 g,Carnes y Pescados,Carnes,Mascotas,Alimento Gatos,Alta,Producto de mascotas fuera de Mascotas,mover_categoria
11808,Alimento Gatito Cat Chow Carne y Verduras 3 kg,Carnes y Pescados,Carnes,Mascotas,Alimento Gatos,Alta,Producto de mascotas fuera de Mascotas,mover_categoria
11809,Alimento Perro Adulto Cannes Carne y Cereales 3 kg,Carnes y Pescados,Carnes,Mascotas,Alimento Perros,Alta,Producto de mascotas fuera de Mascotas,mover_categoria
11810,Alimento Perro Adulto Champion Dog Carne y Cereales 9 kg,Carnes y Pescados,Carnes,Mascotas,Alimento Perros,Alta,Producto de mascotas fuera de Mascotas,mover_categoria
11811,Alimento Gato Adulto Whiskas Carne 3 kg,Carnes y Pescados,Carnes,Mascotas,Alimento Gatos,Alta,Producto de mascotas fuera de Mascotas,mover_categoria
11813,Alimento Perro Cachorro Purina One Pollo y Carne 2 kg,Carnes y Pescados,Carnes,Mascotas,Alimento Perros,Alta,Producto de mascotas fuera de Mascotas,mover_categoria
11814,Alimento Perro Cachorro Purina One Pollo y Carne 6 kg,Carnes y Pescados,Carnes,Mascotas,Alimento Perros,Alta,Producto de mascotas fuera de Mascotas,mover_categoria
11816,Alimento Perro Adulto Champion Dog Carne y Cereales 3 kg,Carnes y Pescados,Carnes,Mascotas,Alimento Perros,Alta,Producto de mascotas fuera de Mascotas,mover_categoria
11818,Paté Perro Cachorro Master Dog Carne 250 g,Carnes y Pescados,Carnes,Mascotas,Alimento Perros,Alta,Producto de mascotas fuera de Mascotas,mover_categoria
11820,"Alimento Gato Adulto Master Cat Pollo, Carne y Leche 3 kg",Carnes y Pescados,Carnes,Mascotas,Alimento Gatos,Alta,Producto de mascotas fuera de Mascotas,mover_categoria
11821,Snack Perro Goofy Rollitos Rellenos Razas Pequeñas Carne 6 un.,Carnes y Pescados,Carnes,Mascotas,Alimento Perros,Alta,Producto de mascotas fuera de Mascotas,mover_categoria
11822,Alimento Perro Senior Master Dog Carne 8 kg,Carnes y Pescados,Carnes,Mascotas,Alimento Perros,Alta,Producto de mascotas fuera de Mascotas,mover_categoria
11824,Alimento Perro Cachorro Master Dog Carne y Leche 3 kg,Carnes y Pescados,Carnes,Mascotas,Alimento Perros,Alta,Producto de mascotas fuera de Mascotas,mover_categoria
11826,Alimento Gatito Cat Chow Carne y Verduras 1 kg,Carnes y Pescados,Carnes,Mascotas,Alimento Gatos,Alta,Producto de mascotas fuera de Mascotas,mover_categoria
11827,Alimento Gatito Cat Chow Carne y Verduras 8 kg,Carnes y Pescados,Carnes,Mascotas,Alimento Gatos,Alta,Producto de mascotas fuera de Mascotas,mover_categoria
11828,Alimento Perro Adulto Master Dog Carne 3 kg,Carnes y Pescados,Carnes,Mascotas,Alimento Perros,Alta,Producto de mascotas fuera de Mascotas,mover_categoria
11829,Alimento Perro Adulto Master Dog Razas Pequeñas Carne 3 kg,Carnes y Pescados,Carnes,Mascotas,Alimento Perros,Alta,Producto de mascotas fuera de Mascotas,mover_categoria
11830,Alimento Húmedo Gato Adulto Champion Cat Carne 315 g,Carnes y Pescados,Carnes,Mascotas,Alimento Gatos,Alta,Producto de mascotas fuera de Mascotas,mover_categoria
11831,Alimento Perro Adulto Master Dog Razas Pequeñas Carne 8 kg,Carnes y Pescados,Carnes,Mascotas,Alimento Perros,Alta,Producto de mascotas fuera de Mascotas,mover_categoria
11832,Alimento Húmedo Perro Adulto Fit Carne Lata 382 g,Carnes y Pescados,Carnes,Mascotas,Alimento Perros,Alta,Producto de mascotas fuera de Mascotas,mover_categoria
11833,Galletas Perro Champion Dog Razas Pequeñas Carne 500 g,Carnes y Pescados,Carnes,Mascotas,Alimento Perros,Alta,Producto de mascotas fuera de Mascotas,mover_categoria
11834,Alimento Gato Adulto Master Cat Carne y Leche 1 kg,Carnes y Pescados,Carnes,Mascotas,Alimento Gatos,Alta,Producto de mascotas fuera de Mascotas,mover_categoria
11835,Alimento Gato Adulto Master Cat Carne y Leche 3 kg,Carnes y Pescados,Carnes,Mascotas,Alimento Gatos,Alta,Producto de mascotas fuera de Mascotas,mover_categoria
11836,Alimento Gato Adulto Champion Cat Carne 3 kg,Carnes y Pescados,Carnes,Mascotas,Alimento Gatos,Alta,Producto de mascotas fuera de Mascotas,mover_categoria
11837,Alimento Gato Adulto Master Cat Carne y Leche 8 kg,Carnes y Pescados,Carnes,Mascotas,Alimento Gatos,Alta,Producto de mascotas fuera de Mascotas,mover_categoria
11840,Alimento Gato Adulto Cat Chow Carne 8 kg,Carnes y Pescados,Carnes,Mascotas,Alimento Gatos,Alta,Producto de mascotas fuera de Mascotas,mover_categoria
11841,Alimento Perro Adulto Purina One Mediano Grande Carne 6 kg,Carnes y Pescados,Carnes,Mascotas,Alimento Perros,Alta,Producto de mascotas fuera de Mascotas,mover_categoria
11842,Alimento Perro Adulto Purina One Mini Pequeño Carne 2 kg,Carnes y Pescados,Carnes,Mascotas,Alimento Perros,Alta,Producto de mascotas fuera de Mascotas,mover_categoria
11844,Alimento Húmedo Perro Ama Pet Vacuno 200 g,Carnes y Pescados,Carnes,Mascotas,Alimento Perros,Alta,Producto de mascotas fuera de Mascotas,mover_categoria
11845,Snack Perro Tributo Vacuno Verduras Liofilizado 100 g,Carnes y Pescados,Carnes,Mascotas,Alimento Perros,Alta,Producto de mascotas fuera de Mascotas,mover_categoria
11847,Alimento Perro Adulto Dog Chow Carne y Pollo 8 kg,Carnes y Pescados,Carnes,Mascotas,Alimento Perros,Alta,Producto de mascotas fuera de Mascotas,mover_categoria
11848,Galletas Perro Cannes Carne 450 g,Carnes y Pescados,Carnes,Mascotas,Alimento Perros,Alta,Producto de mascotas fuera de Mascotas,mover_categoria
11849,Alimento Gato Adulto Cat Chow Carne 1 kg,Carnes y Pescados,Carnes,Mascotas,Alimento Gatos,Alta,Producto de mascotas fuera de Mascotas,mover_categoria
11850,Alimento Gato Adulto Champion Cat Carne 8 kg,Carnes y Pescados,Carnes,Mascotas,Alimento Gatos,Alta,Producto de mascotas fuera de Mascotas,mover_categoria
11851,Alimento Gato Adulto Cat Chow Carne 3 kg,Carnes y Pescados,Carnes,Mascotas,Alimento Gatos,Alta,Producto de mascotas fuera de Mascotas,mover_categoria
11853,Alimento Perro Adulto Dog Chow Carne y Pollo 3 kg,Carnes y Pescados,Carnes,Mascotas,Alimento Perros,Alta,Producto de mascotas fuera de Mascotas,mover_categoria
11854,Alimento Perro Cachorro Cachupín Carne y Leche 15 kg,Carnes y Pescados,Carnes,Mascotas,Alimento Perros,Alta,Producto de mascotas fuera de Mascotas,mover_categoria
11855,Alimento Perro Adulto Dog Chow Carne y Pollo 15 kg,Carnes y Pescados,Carnes,Mascotas,Alimento Perros,Alta,Producto de mascotas fuera de Mascotas,mover_categoria
11857,Alimento Perro Adulto Cachupín Sabor Carne,Carnes y Pescados,Carnes,Mascotas,Alimento Perros,Alta,Producto de mascotas fuera de Mascotas,mover_categoria
11858,Alimento Húmedo Gato Felix Sensaciones de Carne 85 g,Carnes y Pescados,Carnes,Mascotas,Alimento Gatos,Alta,Producto de mascotas fuera de Mascotas,mover_categoria
11859,Alimento Gato Adulto Champion Cat Carne 1 kg,Carnes y Pescados,Carnes,Mascotas,Alimento Gatos,Alta,Producto de mascotas fuera de Mascotas,mover_categoria
11861,Alimento Húmedo Perro Adulto Dog Chow Mini y Pequeño Carne 100 g,Carnes y Pescados,Carnes,Mascotas,Alimento Perros,Alta,Producto de mascotas fuera de Mascotas,mover_categoria
11864,Snack Perro Treats Tiritas Vacuno 100 g,Carnes y Pescados,Carnes,Mascotas,Alimento Perros,Alta,Producto de mascotas fuera de Mascotas,mover_categoria
11866,Snack Perro Proteíco Stay Happy Jerky Vacuno 80 g,Carnes y Pescados,Carnes,Mascotas,Alimento Perros,Alta,Producto de mascotas fuera de Mascotas,mover_categoria
11867,Galletas Perro Proteíco Stay Happy Sin Grano Vacuno 140 g,Carnes y Pescados,Carnes,Mascotas,Alimento Perros,Alta,Producto de mascotas fuera de Mascotas,mover_categoria
11868,Hueso Perros Dingo Premium con Carne 85 g,Carnes y Pescados,Carnes,Mascotas,Alimento Perros,Alta,Producto de mascotas fuera de Mascotas,mover_categoria
11871,Alimento Húmedo Poesie Délice Carne,Carnes y Pescados,Carnes,Mascotas,Alimento Perros,Alta,Producto de mascotas fuera de Mascotas,mover_categoria
11872,Alimento Húmedo Gato Champion Cat Carne 85 g,Carnes y Pescados,Carnes,Mascotas,Alimento Gatos,Alta,Producto de mascotas fuera de Mascotas,mover_categoria
11873,Snack Perro Stay Happy Premium Vacuno 80 g,Carnes y Pescados,Carnes,Mascotas,Alimento Perros,Alta,Producto de mascotas fuera de Mascotas,mover_categoria
11874,"Alimento Gato Master Cat Trocitps Mix Salmón, Carne y Pollo 85 g",Carnes y Pescados,Carnes,Mascotas,Alimento Gatos,Alta,Producto de mascotas fuera de Mascotas,mover_categoria
11875,Snack Perro Vitakraf Beefstick Carne 48 g,Carnes y Pescados,Carnes,Mascotas,Alimento Perros,Alta,Producto de mascotas fuera de Mascotas,mover_categoria
11876,Galleta Gato Molly & Co Vacuno 90 g,Carnes y Pescados,Carnes,Mascotas,Alimento Gatos,Alta,Producto de mascotas fuera de Mascotas,mover_categoria
11882,Alimento Gato Adulto Whiskas Castrados Mix de Carnes 1 kg,Carnes y Pescados,Carnes,Mascotas,Alimento Gatos,Alta,Producto de mascotas fuera de Mascotas,mover_categoria
11883,Alimento Gato Adulto Whiskas Castrados Mix de Carnes 3 kg,Carnes y Pescados,Carnes,Mascotas,Alimento Gatos,Alta,Producto de mascotas fuera de Mascotas,mover_categoria
11884,Alimento Húmedo Gato Vitakraft Poésie Délice Salsa Vacuno 85 g,Carnes y Pescados,Carnes,Mascotas,Alimento Gatos,Alta,Producto de mascotas fuera de Mascotas,mover_categoria
11885,Snack Gato Stay Happy Carne Pollo,Carnes y Pescados,Carnes,Mascotas,Alimento Gatos,Alta,Producto de mascotas fuera de Mascotas,mover_categoria
11887,Alimento Congelado Perro Vacuno Barf Caja 4 kg,Carnes y Pescados,Carnes,Mascotas,Alimento Perros,Alta,Producto de mascotas fuera de Mascotas,mover_categoria
11904,Alimento Húmedo Gato Adulto Champion Cat Carne 100 g,Carnes y Pescados,Carnes,Mascotas,Alimento Gatos,Alta,Producto de mascotas fuera de Mascotas,mover_categoria
11905,Alimento Húmedo Perro Adulto Pedigree Carne Lata 280 g,Carnes y Pescados,Carnes,Mascotas,Alimento Perros,Alta,Producto de mascotas fuera de Mascotas,mover_categoria
11906,Alimento Perro Adulto Champion Dog Carne y Vegetales 15 kg,Carnes y Pescados,Carnes,Mascotas,Alimento Perros,Alta,Producto de mascotas fuera de Mascotas,mover_categoria
11907,Alimento Perro Cachorro Cannes Carne y Leche 8 kg,Carnes y Pescados,Carnes,Mascotas,Alimento Perros,Alta,Producto de mascotas fuera de Mascotas,mover_categoria
11926,Alimento Perro Cachorro Champion Dog Carne 315 g,Carnes y Pescados,Carnes,Mascotas,Alimento Perros,Alta,Producto de mascotas fuera de Mascotas,mover_categoria
11941,"Alimento Perro Senior Champion Dog Carne, Pollo y Vegetales 8 kg",Carnes y Pescados,Carnes,Mascotas,Alimento Perros,Alta,Producto de mascotas fuera de Mascotas,mover_categoria
11968,Alimento Perro Adulto Pedigree Carne y Vegetales 3 kg,Carnes y Pescados,Carnes,Mascotas,Alimento Perros,Alta,Producto de mascotas fuera de Mascotas,mover_categoria
12002,Alimento Perro Adulto Cannes Razas Pequeñas Carne y Cereales 8 kg,Carnes y Pescados,Carnes,Mascotas,Alimento Perros,Alta,Producto de mascotas fuera de Mascotas,mover_categoria
12042,Alimento Perro Adulto Master Dog Carne 12 kg,Carnes y Pescados,Carnes,Mascotas,Alimento Perros,Alta,Producto de mascotas fuera de Mascotas,mover_categoria
12049,Alimento Húmedo Gato Adulto Carne 85 g,Carnes y Pescados,Carnes,Mascotas,Alimento Gatos,Alta,Producto de mascotas fuera de Mascotas,mover_categoria
12139,Snack Perro Kiboo Pets Palitos Vacuno y Pollo,Carnes y Pescados,Carnes,Mascotas,Alimento Perros,Alta,Producto de mascotas fuera de Mascotas,mover_categoria
12147,Alimento Gato Adulto Cat Chow Hogareños Carne 1 kg,Carnes y Pescados,Carnes,Mascotas,Alimento Gatos,Alta,Producto de mascotas fuera de Mascotas,mover_categoria
12156,Alimento Gato Adulto Purina One Pollo y Carne 6 kg,Carnes y Pescados,Carnes,Mascotas,Alimento Gatos,Alta,Producto de mascotas fuera de Mascotas,mover_categoria
12188,Alimento Perro Adulto Champion Dog Mix Carnes 15 kg,Carnes y Pescados,Carnes,Mascotas,Alimento Perros,Alta,Producto de mascotas fuera de Mascotas,mover_categoria
12214,Alimento Perro Adulto Pedigree High Protein Carne y Pollo 7.2 kg,Carnes y Pescados,Carnes,Mascotas,Alimento Perros,Alta,Producto de mascotas fuera de Mascotas,mover_categoria
12216,Alimento Perro Adulto Pedigree High Protein Carne y Pollo 2.7 kg,Carnes y Pescados,Carnes,Mascotas,Alimento Perros,Alta,Producto de mascotas fuera de Mascotas,mover_categoria
12235,Alimento Húmedo Gato Adulto Felix Tiritas con Carne 85 g,Carnes y Pescados,Carnes,Mascotas,Alimento Gatos,Alta,Producto de mascotas fuera de Mascotas,mover_categoria
12236,Alimento Húmedo Gato Adulto Felix Mix con Salmón Carne 85 g,Carnes y Pescados,Carnes,Mascotas,Alimento Gatos,Alta,Producto de mascotas fuera de Mascotas,mover_categoria
12246,Alimento Perro Adulto Dog Chow Carne Pollo 16.5 kg,Carnes y Pescados,Carnes,Mascotas,Alimento Perros,Alta,Producto de mascotas fuera de Mascotas,mover_categoria
12252,Alimento Húmedo Perro Pet's Fun Paté Carne y Vegetales 170 g,Carnes y Pescados,Carnes,Mascotas,Alimento Perros,Alta,Producto de mascotas fuera de Mascotas,mover_categoria
12287,Alimento Perro Adulto Dog Chow Minis y Pequeños Carne y Pollo 1.5 kg,Carnes y Pescados,Carnes,Mascotas,Alimento Perros,Alta,Producto de mascotas fuera de Mascotas,mover_categoria
12288,Alimento Perro Adulto Dog Chow Medianos y Grandes Carne y Pollo 1.5 kg,Carnes y Pescados,Carnes,Mascotas,Alimento Perros,Alta,Producto de mascotas fuera de Mascotas,mover_categoria
12289,Alimento Perro Adulto Dog Chow Carne y Pollo 15 kg (12+3 kg),Carnes y Pescados,Carnes,Mascotas,Alimento Perros,Alta,Producto de mascotas fuera de Mascotas,mover_categoria
12292,Alimento Perro Cachorro Biomaster Carne 9 kg,Carnes y Pescados,Carnes,Mascotas,Alimento Perros,Alta,Producto de mascotas fuera de Mascotas,mover_categoria
12295,Alimento Perro Cachorro Biomaster Carne 3 kg,Carnes y Pescados,Carnes,Mascotas,Alimento Perros,Alta,Producto de mascotas fuera de Mascotas,mover_categoria
12296,Alimento Perro Adulto Biomaster Carne 15 kg,Carnes y Pescados,Carnes,Mascotas,Alimento Perros,Alta,Producto de mascotas fuera de Mascotas,mover_categoria
12297,Alimento Perro Adulto Biomaster Carne 3 kg,Carnes y Pescados,Carnes,Mascotas,Alimento Perros,Alta,Producto de mascotas fuera de Mascotas,mover_categoria
12303,Alimento Perro Adulto Pedigree Carne Pollo y Cereal 17 kg Bonus Bag,Carnes y Pescados,Carnes,Mascotas,Alimento Perros,Alta,Producto de mascotas fuera de Mascotas,mover_categoria
12310,Carne Asada en Vino Tinto kg,Carnes y Pescados,Carnes,Bebidas,Vinos,Media,Bebida fuera de Bebidas,revisar_y_mover
12313,Caja 15 un. Alimento Húmedo Gato Felix Sensaciones de Carne 85 g,Carnes y Pescados,Carnes,Mascotas,Alimento Gatos,Alta,Producto de mascotas fuera de Mascotas,mover_categoria
12343,Alimento Perro Adulto Champion Dog Mix de Carnes 3 kg,Carnes y Pescados,Carnes,Mascotas,Alimento Perros,Alta,Producto de mascotas fuera de Mascotas,mover_categoria
12346,Snack Perro Champion Dog Delicias Carne 56 g,Carnes y Pescados,Carnes,Mascotas,Alimento Perros,Alta,Producto de mascotas fuera de Mascotas,mover_categoria
12347,Snack Perro Champion Dog Delicias Carne & Pollo 56 g,Carnes y Pescados,Carnes,Mascotas,Alimento Perros,Alta,Producto de mascotas fuera de Mascotas,mover_categoria
12348,Alimento Gato Adulto Master Cat Pollo y Carne 1 kg,Carnes y Pescados,Carnes,Mascotas,Alimento Gatos,Alta,Producto de mascotas fuera de Mascotas,mover_categoria
12350,Snack Gato Master Cat Carne a la Parrilla 45 g,Carnes y Pescados,Carnes,Mascotas,Alimento Gatos,Alta,Producto de mascotas fuera de Mascotas,mover_categoria
12443,Desodorante Spray Axe Apollo 152 ml,Carnes y Pescados,Aves,Higiene Personal,Desodorantes,Alta,Producto de higiene personal fuera de Higiene Personal,mover_categoria
12510,Vino Las Encinas Semillon 750 cc,Carnes y Pescados,Cecinas,Bebidas,Vinos,Media,Bebida fuera de Bebidas,revisar_y_mover
12520,Tope Puerta Gato,Carnes y Pescados,Cecinas,Mascotas,Alimento Gatos,Alta,Producto de mascotas fuera de Mascotas,mover_categoria
12568,"Atún Lomitos con Jugo de Limón 91 g drenado, 140 g neto",Carnes y Pescados,Pescados,Bebidas,Jugos,Media,Bebida fuera de Bebidas,revisar_y_mover
12601,"Atún Lomitos con Jugo de Limón 104 g drenado, 160 g neto",Carnes y Pescados,Pescados,Bebidas,Jugos,Media,Bebida fuera de Bebidas,revisar_y_mover
12628,Atún Lomo Con Jugo De Limón Robinson Crusoe 120 g drenado,Carnes y Pescados,Pescados,Bebidas,Jugos,Media,Bebida fuera de Bebidas,revisar_y_mover
12629,Tripack Atún Lomitos con Jugo de Limón 3 un. 52 g Drenado,Carnes y Pescados,Pescados,Bebidas,Jugos,Media,Bebida fuera de Bebidas,revisar_y_mover
12814,Helado Danky Mini Nogatonga Multipack 80 ml 5 un.,Congelados,Congelados,Mascotas,Alimento Gatos,Alta,Producto de mascotas fuera de Mascotas,mover_categoria
12891,Bebida Vegetal Cuisine & Co Almendras Sabor Chocolate 1 L,Congelados,Congelados,Bebidas,Bebidas,Media,Bebida fuera de Bebidas,revisar_y_mover
12906,Bebida Vegetal Cuisine & Co Almendras Sabor Natural Sin Azúcar 1 L,Congelados,Congelados,Bebidas,Bebidas,Media,Bebida fuera de Bebidas,revisar_y_mover
12967,Bebida Vegetal Cuisine & Co Coco Sin Azúcar 1 L,Congelados,Congelados,Bebidas,Bebidas,Media,Bebida fuera de Bebidas,revisar_y_mover
12995,Bebida Vegetal Cuisine & Co Almendras Sabor Vainilla 1 L,Congelados,Congelados,Bebidas,Bebidas,Media,Bebida fuera de Bebidas,revisar_y_mover
12997,Bebida Vegetal Cuisine & Co Almendras Sabor Natural 1 L,Congelados,Congelados,Bebidas,Bebidas,Media,Bebida fuera de Bebidas,revisar_y_mover
13014,Bebida Vegetal Cuisine & Co Coco Original 1 L,Congelados,Congelados,Bebidas,Bebidas,Media,Bebida fuera de Bebidas,revisar_y_mover
13025,Jugo de Limón Frutos del Maipo 400 g,Congelados,Congelados,Bebidas,Jugos,Media,Bebida fuera de Bebidas,revisar_y_mover
13139,Bebida Vegetal ViviCosí Soya Sin Gluten 1 L,Congelados,Congelados,Bebidas,Bebidas,Media,Bebida fuera de Bebidas,revisar_y_mover
13181,Bebida Vegetal Loncoleche Almendra 1 L,Congelados,Congelados,Bebidas,Bebidas,Media,Bebida fuera de Bebidas,revisar_y_mover
13189,Bebida Vegetal Vilay Almendras Sabor Original Sin Azúcar 1 L,Congelados,Congelados,Bebidas,Bebidas,Media,Bebida fuera de Bebidas,revisar_y_mover
13203,Bebida Vegetal NotMilk Low Fat 1 L,Congelados,Congelados,Bebidas,Bebidas,Media,Bebida fuera de Bebidas,revisar_y_mover
13259,Bebida Vegetal Natrue Soya 1 L,Congelados,Congelados,Bebidas,Bebidas,Media,Bebida fuera de Bebidas,revisar_y_mover
13279,Bebida Vegetal OraSì Soya 1 L,Congelados,Congelados,Bebidas,Bebidas,Media,Bebida fuera de Bebidas,revisar_y_mover
13308,Bebida Vegetal NotMilk Original 1 L,Congelados,Congelados,Bebidas,Bebidas,Media,Bebida fuera de Bebidas,revisar_y_mover
13312,Bebida Vegetal Loncoleche Soya Chocolate 1 L,Congelados,Congelados,Bebidas,Bebidas,Media,Bebida fuera de Bebidas,revisar_y_mover
13323,Bebida Vegetal NotMilk Chocolate 1 L,Congelados,Congelados,Bebidas,Bebidas,Media,Bebida fuera de Bebidas,revisar_y_mover
13328,Helado Danky Nogatonga Manjar con Nueces 125 ml,Congelados,Congelados,Mascotas,Alimento Gatos,Alta,Producto de mascotas fuera de Mascotas,mover_categoria
13336,Bebida Vegetal Loncoleche Soya Natural 1 L,Congelados,Congelados,Bebidas,Bebidas,Media,Bebida fuera de Bebidas,revisar_y_mover
13338,Bebida Vegetal Berief Soya Natural Sin Azúcar 1 L,Congelados,Congelados,Bebidas,Bebidas,Media,Bebida fuera de Bebidas,revisar_y_mover
13341,Bebida Vegetal NotMilk Zero Sin Azúcar 1 L,Congelados,Congelados,Bebidas,Bebidas,Media,Bebida fuera de Bebidas,revisar_y_mover
13378,Bebida Vegetal NotMilk Kids Chocolate 200 ml,Congelados,Congelados,Bebidas,Bebidas,Media,Bebida fuera de Bebidas,revisar_y_mover
13394,Bebida Vegetal Vilay Coco Sin Azúcar Sabor Original 1 L,Congelados,Congelados,Bebidas,Bebidas,Media,Bebida fuera de Bebidas,revisar_y_mover
13398,Bebida Vegetal NotShake Chocolate Protein 250 ml,Congelados,Congelados,Bebidas,Bebidas,Media,Bebida fuera de Bebidas,revisar_y_mover
13418,Bebida Vegetal Vilay Arroz y Chocolate Fun 200 cc,Congelados,Congelados,Bebidas,Bebidas,Media,Bebida fuera de Bebidas,revisar_y_mover
13424,Bebida Vegetal Vilay Almendras Sabor Chocolate 1 L,Congelados,Congelados,Bebidas,Bebidas,Media,Bebida fuera de Bebidas,revisar_y_mover
13467,Bebida Vegetal Loncoleche Soya 1 L,Congelados,Congelados,Bebidas,Bebidas,Media,Bebida fuera de Bebidas,revisar_y_mover
13472,Bebida Vegetal Almendrola Almendra Sin Azúcar 1 L,Congelados,Congelados,Bebidas,Bebidas,Media,Bebida fuera de Bebidas,revisar_y_mover
13507,Bebida Vegetal Vilay Almendra Original 200 cc,Congelados,Congelados,Bebidas,Bebidas,Media,Bebida fuera de Bebidas,revisar_y_mover
13511,Bebida Vegetal Vilay Almendras Sabor Vainilla 1 L,Congelados,Congelados,Bebidas,Bebidas,Media,Bebida fuera de Bebidas,revisar_y_mover
13552,Bebida Vegetal ViviCosí Soya Vainilla Sin Gluten 1 L,Congelados,Congelados,Bebidas,Bebidas,Media,Bebida fuera de Bebidas,revisar_y_mover
13553,Bebida Vegetal Vilay Arroz Sabor Chocolate 1 L,Congelados,Congelados,Bebidas,Bebidas,Media,Bebida fuera de Bebidas,revisar_y_mover
13558,Bebida Vegetal Natrue Almendra 0% Azúcar 1 L,Congelados,Congelados,Bebidas,Bebidas,Media,Bebida fuera de Bebidas,revisar_y_mover
13565,Bebida Vegetal NotMilk Protein Complete con 7 g Proteína 750 ml,Congelados,Congelados,Bebidas,Bebidas,Media,Bebida fuera de Bebidas,revisar_y_mover
13566,Bebida Vegetal NotShake Café Caramelo 16g Proteína 250 ml,Congelados,Congelados,Bebidas,Bebidas,Media,Bebida fuera de Bebidas,revisar_y_mover
13567,Bebida Vegetal ViviCosí Coco Sin Azúcar y Gluten 1 L,Congelados,Congelados,Bebidas,Bebidas,Media,Bebida fuera de Bebidas,revisar_y_mover
13584,Bebida Vegetal Vilay Almendras Sabor Original 1 L,Congelados,Congelados,Bebidas,Bebidas,Media,Bebida fuera de Bebidas,revisar_y_mover
13588,Bebida Vegetal Buonocosí Arroz Sin Gluten 1 L,Congelados,Congelados,Bebidas,Bebidas,Media,Bebida fuera de Bebidas,revisar_y_mover
13592,Bebida Vegetal Nature's Heart Almendra Sin Azúcar Añadida 1 L,Congelados,Congelados,Bebidas,Bebidas,Media,Bebida fuera de Bebidas,revisar_y_mover
13595,Bebida Vegetal Vilay Coco Sabor Chocolate 1 L,Congelados,Congelados,Bebidas,Bebidas,Media,Bebida fuera de Bebidas,revisar_y_mover
13596,Bebida Vegetal Vilay Wilk Chocolate 1 L,Congelados,Congelados,Bebidas,Bebidas,Media,Bebida fuera de Bebidas,revisar_y_mover
13599,Bebida Vegetal Vilay Arroz Sabor Original 1 L,Congelados,Congelados,Bebidas,Bebidas,Media,Bebida fuera de Bebidas,revisar_y_mover
13603,Bebida Vegetal Vilay Almendra y Vainilla Original 200 ml,Congelados,Congelados,Bebidas,Bebidas,Media,Bebida fuera de Bebidas,revisar_y_mover
13604,Bebida Vegetal OraSì Barista Almendra 1 L,Congelados,Congelados,Bebidas,Bebidas,Media,Bebida fuera de Bebidas,revisar_y_mover
13612,Bebida Vegetal ViviCosi Avellana Cacao Sin Gluten 1 L,Congelados,Congelados,Bebidas,Bebidas,Media,Bebida fuera de Bebidas,revisar_y_mover
13630,Bebida Vegetal Vilay Wilk Capuccino Caramel 330 ml,Congelados,Congelados,Bebidas,Bebidas,Media,Bebida fuera de Bebidas,revisar_y_mover
13637,Bebida Vegetal Vilay Coco Sabor Original 1 L,Congelados,Congelados,Bebidas,Bebidas,Media,Bebida fuera de Bebidas,revisar_y_mover
13639,Bebida Vegetal Tucapel Arroz Chocolate 1 L,Congelados,Congelados,Bebidas,Bebidas,Media,Bebida fuera de Bebidas,revisar_y_mover
13643,Bebida Vegetal OraSì Arroz 1 L,Congelados,Congelados,Bebidas,Bebidas,Media,Bebida fuera de Bebidas,revisar_y_mover
13644,Bebida Vegetal Vilay Wilk Capuccino Vainilla 330 ml,Congelados,Congelados,Bebidas,Bebidas,Media,Bebida fuera de Bebidas,revisar_y_mover
13661,Bebida Vegetal Vilay Wilk Te Chai 330 ml,Congelados,Congelados,Bebidas,Bebidas,Media,Bebida fuera de Bebidas,revisar_y_mover
13664,Bebida de Coco Thai 400 ml,Congelados,Congelados,Bebidas,Bebidas,Media,Bebida fuera de Bebidas,revisar_y_mover
13665,Bebida Vegetal Nature's Heart Coco 1 L,Congelados,Congelados,Bebidas,Bebidas,Media,Bebida fuera de Bebidas,revisar_y_mover
13671,Bebida Vegetal Tucapel Arroz Clásica 1 L,Congelados,Congelados,Bebidas,Bebidas,Media,Bebida fuera de Bebidas,revisar_y_mover
13678,Bebida Vegetal Riso Scotti Orgánica de Almendra Sin Azúcar 1 L,Congelados,Congelados,Bebidas,Bebidas,Media,Bebida fuera de Bebidas,revisar_y_mover
13679,Bebida Vegetal Vilay Wilk Original Sin Azúcar 1 L,Congelados,Congelados,Bebidas,Bebidas,Media,Bebida fuera de Bebidas,revisar_y_mover
13680,Bebida Vegetal Vilay Barista Almendra Sin Azúcar 1 L,Congelados,Congelados,Bebidas,Bebidas,Media,Bebida fuera de Bebidas,revisar_y_mover
13685,Alimento Congelado Perro Barf Dieta Pavo 200 g,Congelados,Congelados,Mascotas,Alimento Perros,Alta,Producto de mascotas fuera de Mascotas,mover_categoria
13687,Alimento Congelado Perro Barf Dieta Cordero 200 g,Congelados,Congelados,Mascotas,Alimento Perros,Alta,Producto de mascotas fuera de Mascotas,mover_categoria
13704,Bebida Vegetal OraSì Barista Soya 1 L,Congelados,Congelados,Bebidas,Bebidas,Media,Bebida fuera de Bebidas,revisar_y_mover
13708,Alimento Congelado Perro Barf Dieta Cerdo 200 g,Congelados,Congelados,Mascotas,Alimento Perros,Alta,Producto de mascotas fuera de Mascotas,mover_categoria
13710,Pack 4 un. Jalea Nestlé Bilz 110 g,Congelados,Congelados,Bebidas,Bebidas,Media,Bebida fuera de Bebidas,revisar_y_mover
13713,Alimento Congelado Perro Barf Dieta Salmón 200 g,Congelados,Congelados,Mascotas,Alimento Perros,Alta,Producto de mascotas fuera de Mascotas,mover_categoria
13714,Alimento Congelado Perro Barf Dieta Pollo 200 g,Congelados,Congelados,Mascotas,Alimento Perros,Alta,Producto de mascotas fuera de Mascotas,mover_categoria
13715,Bebida Vegetal Ades Soya Piña 200 ml 6 un.,Congelados,Congelados,Bebidas,Bebidas,Media,Bebida fuera de Bebidas,revisar_y_mover
13720,Bebida Vegetal Nude Orgánica Vainilla 1 L,Congelados,Congelados,Bebidas,Bebidas,Media,Bebida fuera de Bebidas,revisar_y_mover
13723,Bebida Vegetal Original Nature's Heart 1 L,Congelados,Congelados,Bebidas,Bebidas,Media,Bebida fuera de Bebidas,revisar_y_mover
13728,Bebida Vegetal Almond Breeze Almendra Vainilla 946 ml,Congelados,Congelados,Bebidas,Bebidas,Media,Bebida fuera de Bebidas,revisar_y_mover
13733,Bebida Vegetal OraSì Barista Soya 500 ml,Congelados,Congelados,Bebidas,Bebidas,Media,Bebida fuera de Bebidas,revisar_y_mover
13736,Bebida Vegetal Nude Orgánica Original 1 L,Congelados,Congelados,Bebidas,Bebidas,Media,Bebida fuera de Bebidas,revisar_y_mover
13741,Bebida Vegetal Vilay Barista Coco Sin Azúcar 1 L,Congelados,Congelados,Bebidas,Bebidas,Media,Bebida fuera de Bebidas,revisar_y_mover
13743,Bebida Vegetal OraSì Chocolate 500 cc,Congelados,Congelados,Bebidas,Bebidas,Media,Bebida fuera de Bebidas,revisar_y_mover
13744,Bebida Vegetal Nature's Heart Almendras Coco Proteína 1 L,Congelados,Congelados,Bebidas,Bebidas,Media,Bebida fuera de Bebidas,revisar_y_mover
13745,Bebida de Arroz Tucapel Chocolate 200 ml,Congelados,Congelados,Bebidas,Bebidas,Media,Bebida fuera de Bebidas,revisar_y_mover
13753,Bebida Vegetal Nature's Heart Coco Sin Azúcar Añadida 1 L,Congelados,Congelados,Bebidas,Bebidas,Media,Bebida fuera de Bebidas,revisar_y_mover
13755,Bebida Vegetal Nature's Heart Almendra 1 L,Congelados,Congelados,Bebidas,Bebidas,Media,Bebida fuera de Bebidas,revisar_y_mover
13757,Bebida Vegetal OraSì Pistacho 500 cc,Congelados,Congelados,Bebidas,Bebidas,Media,Bebida fuera de Bebidas,revisar_y_mover
13759,Bebida Vegetal Almond Breeze Almendra Coco 946 ml,Congelados,Congelados,Bebidas,Bebidas,Media,Bebida fuera de Bebidas,revisar_y_mover
13760,Bebida Vegetal Nude Orgánica Barista 1 L,Congelados,Congelados,Bebidas,Bebidas,Media,Bebida fuera de Bebidas,revisar_y_mover
13767,Bebida Vegetal OraSi Almendra 1 L,Congelados,Congelados,Bebidas,Bebidas,Media,Bebida fuera de Bebidas,revisar_y_mover
13782,Bebida Vegetal NotMilk French Vanilla 1 L,Congelados,Congelados,Bebidas,Bebidas,Media,Bebida fuera de Bebidas,revisar_y_mover
13792,Alimento Congelado Perro Salmón Barf Caja 4 kg,Congelados,Congelados,Mascotas,Alimento Perros,Alta,Producto de mascotas fuera de Mascotas,mover_categoria
13793,Alimento Congelado Perro Pollo Barf Caja 4 kg,Congelados,Congelados,Mascotas,Alimento Perros,Alta,Producto de mascotas fuera de Mascotas,mover_categoria
13795,Bebida Vegetal ViviCosi Soya Cacao Sin Gluten 1 L,Congelados,Congelados,Bebidas,Bebidas,Media,Bebida fuera de Bebidas,revisar_y_mover
13797,Bebida de Coco Sin Azúcar 946 ml,Congelados,Congelados,Bebidas,Bebidas,Media,Bebida fuera de Bebidas,revisar_y_mover
13815,"Melón Tuna para Jugo Minuto Verde Doypack 335 g, Congelado, Rinde 1 L",Congelados,Congelados,Bebidas,Jugos,Media,Bebida fuera de Bebidas,revisar_y_mover
13845,Bebida de almendra chocolate 946 ml,Congelados,Congelados,Bebidas,Bebidas,Media,Bebida fuera de Bebidas,revisar_y_mover
13873,Bebida Vegetal OraSì Almendra 1 L,Congelados,Congelados,Bebidas,Bebidas,Media,Bebida fuera de Bebidas,revisar_y_mover
13874,Bebida Vegetal Riso Scotti Arroz Chocolate Orgánico 1 L,Congelados,Congelados,Bebidas,Bebidas,Media,Bebida fuera de Bebidas,revisar_y_mover
13895,Manjar Daily Sweet con Tagatosa 400 g,Congelados,Congelados,Mascotas,Alimento Gatos,Alta,Producto de mascotas fuera de Mascotas,mover_categoria
13904,Bebida Vegetal Buonocosí Almendra Sin Gluten 1 L,Congelados,Congelados,Bebidas,Bebidas,Media,Bebida fuera de Bebidas,revisar_y_mover
13930,Bebida Vegetal Ades Almendra 1 L,Congelados,Congelados,Bebidas,Bebidas,Media,Bebida fuera de Bebidas,revisar_y_mover
13931,Bebida Vegetal Beegan Almendras 1 L,Congelados,Congelados,Bebidas,Bebidas,Media,Bebida fuera de Bebidas,revisar_y_mover
13986,Bebida Vegetal OraSì Almendra Orgánica 1 L,Congelados,Congelados,Bebidas,Bebidas,Media,Bebida fuera de Bebidas,revisar_y_mover
13993,Bebida Vegetal Nature's Heart Almendra Vainilla 1 L,Congelados,Congelados,Bebidas,Bebidas,Media,Bebida fuera de Bebidas,revisar_y_mover
14004,Bebida Vegetal Chía Chocolate 1 L,Congelados,Congelados,Bebidas,Bebidas,Media,Bebida fuera de Bebidas,revisar_y_mover
14006,Bebida Vegetal Chía Original 1 L,Congelados,Congelados,Bebidas,Bebidas,Media,Bebida fuera de Bebidas,revisar_y_mover
14033,Bebida Vegetal Ades Almendra Sin Azúcar 1 L,Congelados,Congelados,Bebidas,Bebidas,Media,Bebida fuera de Bebidas,revisar_y_mover
14037,Bebida Vegetal Arroz 1 L,Congelados,Congelados,Bebidas,Bebidas,Media,Bebida fuera de Bebidas,revisar_y_mover
14040,Bebida Vegetal Notmilk Café Caramelo 1 L,Congelados,Congelados,Bebidas,Bebidas,Media,Bebida fuera de Bebidas,revisar_y_mover
14120,Bebida Vegetal Notmilk High Protein Peanut Butter 250 ml,Congelados,Congelados,Bebidas,Bebidas,Media,Bebida fuera de Bebidas,revisar_y_mover
14211,Bebida Vegetal OraSì Avellana 1 L,Congelados,Congelados,Bebidas,Bebidas,Media,Bebida fuera de Bebidas,revisar_y_mover
14256,Bebida de almendras sin azúcar 1 L,Congelados,Congelados,Bebidas,Bebidas,Media,Bebida fuera de Bebidas,revisar_y_mover
14513,Bebida Base de Cebada Ecco Instantáneo 170 g,Despensa,Cafe,Bebidas,Bebidas,Media,Bebida fuera de Bebidas,revisar_y_mover
14809,Pasta Rigatoni N°48 Carozzi 400 g,Despensa,Fideos,Mascotas,Alimento Gatos,Alta,Producto de mascotas fuera de Mascotas,mover_categoria
14970,Rigatoni Extra Di Lusso 500 g,Despensa,Fideos,Mascotas,Alimento Gatos,Alta,Producto de mascotas fuera de Mascotas,mover_categoria
15066,Papayas en Trocitos Al Jugo 200 g drenado,Despensa,Conservas,Bebidas,Jugos,Media,Bebida fuera de Bebidas,revisar_y_mover
15081,Piñas en Rodajas Al Jugo 560 g neto,Despensa,Conservas,Bebidas,Jugos,Media,Bebida fuera de Bebidas,revisar_y_mover
15178,Cerezas Al Jugo Centauro 310 g drenado,Despensa,Conservas,Bebidas,Jugos,Media,Bebida fuera de Bebidas,revisar_y_mover
15181,Peras en Mitades Al Jugo Perelló 320 g drenado,Despensa,Conservas,Bebidas,Jugos,Media,Bebida fuera de Bebidas,revisar_y_mover
15190,Arandanos Al Jugo 200 g drenado,Despensa,Conservas,Bebidas,Jugos,Media,Bebida fuera de Bebidas,revisar_y_mover
15311,Cerezas Al Jugo Centauro Sin Azúcar 225 g drenado,Despensa,Conservas,Bebidas,Jugos,Media,Bebida fuera de Bebidas,revisar_y_mover
15312,Frutillas Al Jugo Centauro Sin Azúcar 150 g drenado,Despensa,Conservas,Bebidas,Jugos,Media,Bebida fuera de Bebidas,revisar_y_mover
15488,Jugo de Verduras V8 100 % Natural Lata 340 cc,Despensa,Salsas,Bebidas,Jugos,Media,Bebida fuera de Bebidas,revisar_y_mover
15522,Trocitos en Salsa Gato Felinnes Salmón 85 g,Despensa,Salsas,Mascotas,Alimento Gatos,Alta,Producto de mascotas fuera de Mascotas,mover_categoria
15544,Snack Húmedo Gato Catgo Cerdo 90 g,Despensa,Salsas,Mascotas,Alimento Gatos,Alta,Producto de mascotas fuera de Mascotas,mover_categoria
15689,Vinagre Vino Blanco 500 ml,Despensa,Condimentos,Bebidas,Vinos,Media,Bebida fuera de Bebidas,revisar_y_mover
15704,Vinagre de Vino Blanco Traverso 1 L,Despensa,Condimentos,Bebidas,Vinos,Media,Bebida fuera de Bebidas,revisar_y_mover
15708,Vinagre de Vino Blanco Traverso 500 ml,Despensa,Condimentos,Bebidas,Vinos,Media,Bebida fuera de Bebidas,revisar_y_mover
15715,Vinagre de Vino Rosado 500 ml,Despensa,Condimentos,Bebidas,Vinos,Media,Bebida fuera de Bebidas,revisar_y_mover
16012,Sucedáneo Jugo Limón Traverso 1 L,Despensa,Condimentos,Bebidas,Jugos,Media,Bebida fuera de Bebidas,revisar_y_mover
16095,Sucedáneo Jugo Limón Traverso 500 ml,Despensa,Condimentos,Bebidas,Jugos,Media,Bebida fuera de Bebidas,revisar_y_mover
16115,Vinagre de Vino Blanco 1840 - 250 ml,Despensa,Condimentos,Bebidas,Vinos,Media,Bebida fuera de Bebidas,revisar_y_mover
16120,Vinagre de Vino Tinto 1840 - 250 ml,Despensa,Condimentos,Bebidas,Vinos,Media,Bebida fuera de Bebidas,revisar_y_mover
16125,Sucedáneo Jugo Limón Pica Traverso 1 L,Despensa,Condimentos,Bebidas,Jugos,Media,Bebida fuera de Bebidas,revisar_y_mover
16129,Blanco Mazzetti Mezcla de Vinagre de Vino Blanco y Mosto de Uva 500 ml,Despensa,Condimentos,Bebidas,Vinos,Media,Bebida fuera de Bebidas,revisar_y_mover
16130,Blanco Mazzetti Mezcla de Vinagre de Vino Blanco y Mosto de Uva 250 ml,Despensa,Condimentos,Bebidas,Vinos,Media,Bebida fuera de Bebidas,revisar_y_mover
16140,Sucedáneo Jugo Limón Pica Traverso 500 ml,Despensa,Condimentos,Bebidas,Jugos,Media,Bebida fuera de Bebidas,revisar_y_mover
16181,Vinagre de Vino Blanco Higueras 500 ml,Despensa,Condimentos,Bebidas,Vinos,Media,Bebida fuera de Bebidas,revisar_y_mover
16244,Sucedáneo Jugo Limón 800 ml,Despensa,Condimentos,Bebidas,Jugos,Media,Bebida fuera de Bebidas,revisar_y_mover
16307,Snack Perro Goofy Light Mix Legumbres y Verduras 5 un. 90 g,Despensa,Legumbres,Mascotas,Alimento Perros,Alta,Producto de mascotas fuera de Mascotas,mover_categoria
16773,Galletas Mini Vino 35 g,Desayuno y Snacks,Galletas,Bebidas,Vinos,Media,Bebida fuera de Bebidas,revisar_y_mover
16775,Galletas Mckay Vino 155 g,Desayuno y Snacks,Galletas,Bebidas,Vinos,Media,Bebida fuera de Bebidas,revisar_y_mover
16794,Galletas Vino 160 g,Desayuno y Snacks,Galletas,Bebidas,Vinos,Media,Bebida fuera de Bebidas,revisar_y_mover
16877,Galletas Mckay Mini Vino 40 g,Desayuno y Snacks,Galletas,Bebidas,Vinos,Media,Bebida fuera de Bebidas,revisar_y_mover
17126,Caja 42 un. Galletas Mckay Mini Vino 40 g,Desayuno y Snacks,Galletas,Bebidas,Vinos,Media,Bebida fuera de Bebidas,revisar_y_mover
17332,Galletas Matilde Vicenzi Voglie Lengua Gato 100 g,Desayuno y Snacks,Galletas,Mascotas,Alimento Gatos,Alta,Producto de mascotas fuera de Mascotas,mover_categoria
17510,Gatolate Sabor Chocolate 200 g,Desayuno y Snacks,Galletas,Mascotas,Alimento Gatos,Alta,Producto de mascotas fuera de Mascotas,mover_categoria
17873,Gomitas Roller Fantasías Ácidas 20 g,Desayuno y Snacks,Galletas,Bebidas,Bebidas,Media,Bebida fuera de Bebidas,revisar_y_mover
18169,Néctar Naranja 190 ml,Desayuno y Snacks,Galletas,Bebidas,Jugos,Media,Bebida fuera de Bebidas,revisar_y_mover
18220,Cebolla Caramelizada La Sazonería con Vino 250 g,Desayuno y Snacks,Galletas,Bebidas,Vinos,Media,Bebida fuera de Bebidas,revisar_y_mover
18252,Pimiento Caramelizado La Sazonería con Vino 250 g,Desayuno y Snacks,Galletas,Bebidas,Vinos,Media,Bebida fuera de Bebidas,revisar_y_mover
18284,Higos con Vino y Oporto 250 g,Desayuno y Snacks,Galletas,Bebidas,Vinos,Media,Bebida fuera de Bebidas,revisar_y_mover
18345,Chocolate de Leche Lenguas de Gato 120 g,Desayuno y Snacks,Galletas,Mascotas,Alimento Gatos,Alta,Producto de mascotas fuera de Mascotas,mover_categoria
18841,Chocolate Amargo Entrelagos con Bebida de Avellana y Nibs 80 g,Desayuno y Snacks,Galletas,Bebidas,Bebidas,Media,Bebida fuera de Bebidas,revisar_y_mover
18973,Snack Gato Catgo Bocado Cerdo 50 g,Desayuno y Snacks,Galletas,Mascotas,Alimento Gatos,Alta,Producto de mascotas fuera de Mascotas,mover_categoria
18974,Snack Gato Catgo Bocados Salmón 50 g,Desayuno y Snacks,Galletas,Mascotas,Alimento Gatos,Alta,Producto de mascotas fuera de Mascotas,mover_categoria
18977,Néctar Piña 200 ml,Desayuno y Snacks,Galletas,Bebidas,Jugos,Media,Bebida fuera de Bebidas,revisar_y_mover
18978,Néctar Durazno 200 ml,Desayuno y Snacks,Galletas,Bebidas,Jugos,Media,Bebida fuera de Bebidas,revisar_y_mover
18979,Néctar del Valle Naranja 200 ml,Desayuno y Snacks,Galletas,Bebidas,Jugos,Media,Bebida fuera de Bebidas,revisar_y_mover
18980,Néctar Manzana 190 ml,Desayuno y Snacks,Galletas,Bebidas,Jugos,Media,Bebida fuera de Bebidas,revisar_y_mover
18981,Néctar Watt's Piña 200 cc,Desayuno y Snacks,Galletas,Bebidas,Jugos,Media,Bebida fuera de Bebidas,revisar_y_mover
18982,Néctar Piña 190 ml,Desayuno y Snacks,Galletas,Bebidas,Jugos,Media,Bebida fuera de Bebidas,revisar_y_mover
18983,Néctar Livean Naranja 200 ml,Desayuno y Snacks,Galletas,Bebidas,Jugos,Media,Bebida fuera de Bebidas,revisar_y_mover
18984,Néctar Watt's Naranja 200 cc,Desayuno y Snacks,Galletas,Bebidas,Jugos,Media,Bebida fuera de Bebidas,revisar_y_mover
18985,Néctar Watt's Naranja Light 200 cc,Desayuno y Snacks,Galletas,Bebidas,Jugos,Media,Bebida fuera de Bebidas,revisar_y_mover
18986,Néctar Zuko Naranja 200 ml,Desayuno y Snacks,Galletas,Bebidas,Jugos,Media,Bebida fuera de Bebidas,revisar_y_mover
18987,Néctar Watt's Manzana 200 cc,Desayuno y Snacks,Galletas,Bebidas,Jugos,Media,Bebida fuera de Bebidas,revisar_y_mover
18988,Néctar Zuko Durazno 200 ml,Desayuno y Snacks,Galletas,Bebidas,Jugos,Media,Bebida fuera de Bebidas,revisar_y_mover
18989,Néctar Berries 190 ml,Desayuno y Snacks,Galletas,Bebidas,Jugos,Media,Bebida fuera de Bebidas,revisar_y_mover
18990,Néctar Livean Manzana 200 ml,Desayuno y Snacks,Galletas,Bebidas,Jugos,Media,Bebida fuera de Bebidas,revisar_y_mover
18991,Néctar Livean Durazno 200 ml,Desayuno y Snacks,Galletas,Bebidas,Jugos,Media,Bebida fuera de Bebidas,revisar_y_mover
18992,Néctar Durazno 190 ml,Desayuno y Snacks,Galletas,Bebidas,Jugos,Media,Bebida fuera de Bebidas,revisar_y_mover
18993,Néctar Watt's Durazno 200 cc,Desayuno y Snacks,Galletas,Bebidas,Jugos,Media,Bebida fuera de Bebidas,revisar_y_mover
18994,Néctar Zuko Piña 200 ml,Desayuno y Snacks,Galletas,Bebidas,Jugos,Media,Bebida fuera de Bebidas,revisar_y_mover
19140,Jalea de Vino Carmenere Mickelsen 210 ml,Desayuno y Snacks,Galletas,Bebidas,Vinos,Media,Bebida fuera de Bebidas,revisar_y_mover
19176,Néctar Livean Frutifrutilla 200 ml,Desayuno y Snacks,Galletas,Bebidas,Jugos,Media,Bebida fuera de Bebidas,revisar_y_mover
19177,Néctar Watt's Manzana Light 200 cc,Desayuno y Snacks,Galletas,Bebidas,Jugos,Media,Bebida fuera de Bebidas,revisar_y_mover
19178,Néctar Watt's Piña Light 200 ml,Desayuno y Snacks,Galletas,Bebidas,Jugos,Media,Bebida fuera de Bebidas,revisar_y_mover
19208,Néctar Durazno 0% Azúcar Añadida 200 ml,Desayuno y Snacks,Galletas,Bebidas,Jugos,Media,Bebida fuera de Bebidas,revisar_y_mover
19209,Néctar Naranja 0% Azúcar Añadida 200 ml,Desayuno y Snacks,Galletas,Bebidas,Jugos,Media,Bebida fuera de Bebidas,revisar_y_mover
19210,Néctar Piña 0% Azúcar Añadida 200 ml,Desayuno y Snacks,Galletas,Bebidas,Jugos,Media,Bebida fuera de Bebidas,revisar_y_mover
19232,Chocolate Merello Lenguas de Gato Sin Azúcar 95 g,Desayuno y Snacks,Galletas,Mascotas,Alimento Gatos,Alta,Producto de mascotas fuera de Mascotas,mover_categoria
19237,Chocolate lenguas de gato Navidad 95 g,Desayuno y Snacks,Galletas,Mascotas,Alimento Gatos,Alta,Producto de mascotas fuera de Mascotas,mover_categoria
19249,Néctar Livean Piña 200 ml,Desayuno y Snacks,Galletas,Bebidas,Jugos,Media,Bebida fuera de Bebidas,revisar_y_mover
19297,Agua Purificada 190 ml,Desayuno y Snacks,Galletas,Bebidas,Aguas,Media,Bebida fuera de Bebidas,revisar_y_mover
19341,Pack Fiesta FantásTika 380 g,Desayuno y Snacks,Galletas,Bebidas,Bebidas,Media,Bebida fuera de Bebidas,revisar_y_mover
19375,Jugo Kapo Manzana 252 ml,Desayuno y Snacks,Galletas,Bebidas,Jugos,Media,Bebida fuera de Bebidas,revisar_y_mover
19376,Jugo Kapo Naranja 252 ml,Desayuno y Snacks,Galletas,Bebidas,Jugos,Media,Bebida fuera de Bebidas,revisar_y_mover
19379,Jugo Kapo Frambuesa 252 ml,Desayuno y Snacks,Galletas,Bebidas,Jugos,Media,Bebida fuera de Bebidas,revisar_y_mover
19437,Jugo Fruta Natural Watt's Naranja 200 ml,Desayuno y Snacks,Galletas,Bebidas,Jugos,Media,Bebida fuera de Bebidas,revisar_y_mover
19554,Jugo Prensado Bless 14 Naranja 200 ml,Desayuno y Snacks,Galletas,Bebidas,Jugos,Media,Bebida fuera de Bebidas,revisar_y_mover
19555,"Jugo Prensado Bless 10 Betarraga, Zanahoria y Manzana 200 ml",Desayuno y Snacks,Galletas,Bebidas,Jugos,Media,Bebida fuera de Bebidas,revisar_y_mover
19557,Jugo Prensado Bless 07 Maracuyá Naranja 200 ml,Desayuno y Snacks,Galletas,Bebidas,Jugos,Media,Bebida fuera de Bebidas,revisar_y_mover
19561,Jugo Colun 100% Natural Naranja 330 ml,Desayuno y Snacks,Galletas,Bebidas,Jugos,Media,Bebida fuera de Bebidas,revisar_y_mover
19563,Jugo Colun 100% Natural Piña 330 ml,Desayuno y Snacks,Galletas,Bebidas,Jugos,Media,Bebida fuera de Bebidas,revisar_y_mover
19573,Néctar Frutilla 200 ml,Desayuno y Snacks,Galletas,Bebidas,Jugos,Media,Bebida fuera de Bebidas,revisar_y_mover
19616,Néctar Durazno Light Watts 200 ml,Desayuno y Snacks,Galletas,Bebidas,Jugos,Media,Bebida fuera de Bebidas,revisar_y_mover
19665,"Néctar Vivo Veggie Naranja, Zanahoria y Manzana 190 ml",Desayuno y Snacks,Galletas,Bebidas,Jugos,Media,Bebida fuera de Bebidas,revisar_y_mover
19704,Néctar Vivo Mix Manzana Pera 190 ml,Desayuno y Snacks,Galletas,Bebidas,Jugos,Media,Bebida fuera de Bebidas,revisar_y_mover
19705,Néctar Vivo Mix Manzana Piña 190 ml,Desayuno y Snacks,Galletas,Bebidas,Jugos,Media,Bebida fuera de Bebidas,revisar_y_mover
19756,Galletas Oreo Sabor Coca-Cola 108 g,Desayuno y Snacks,Galletas,Bebidas,Bebidas,Media,Bebida fuera de Bebidas,revisar_y_mover
19757,Pack Galletas Oreo Sabor Coca-Cola 36 g 6 un.,Desayuno y Snacks,Galletas,Bebidas,Bebidas,Media,Bebida fuera de Bebidas,revisar_y_mover
19866,Chocolate Lengüita de Gato 40 g,Desayuno y Snacks,Galletas,Mascotas,Alimento Gatos,Alta,Producto de mascotas fuera de Mascotas,mover_categoria
19902,Galleta Mckay Vino XL 265G,Desayuno y Snacks,Galletas,Bebidas,Vinos,Media,Bebida fuera de Bebidas,revisar_y_mover
19933,Jugo Afe Tetra Pak 200 cc,Desayuno y Snacks,Galletas,Bebidas,Jugos,Media,Bebida fuera de Bebidas,revisar_y_mover
19934,Jugo 100% Fruta Manzana 190 ml,Desayuno y Snacks,Galletas,Bebidas,Jugos,Media,Bebida fuera de Bebidas,revisar_y_mover
19935,Jugo Afe Pera 200 cc,Desayuno y Snacks,Galletas,Bebidas,Jugos,Media,Bebida fuera de Bebidas,revisar_y_mover
19936,Jugo 100% Fruta Pera 190 ml,Desayuno y Snacks,Galletas,Bebidas,Jugos,Media,Bebida fuera de Bebidas,revisar_y_mover
19938,Jugo Afe Manzana Orgánica 200 ml,Desayuno y Snacks,Galletas,Bebidas,Jugos,Media,Bebida fuera de Bebidas,revisar_y_mover
19979,Snack Perro Adulto Pedigree Dentastix Razas Pequeñas 7 un.,Desayuno y Snacks,Snacks,Mascotas,Alimento Perros,Alta,Producto de mascotas fuera de Mascotas,mover_categoria
19980,Snack Perro Adulto Pedigree Rodeo Pollo 4 un.,Desayuno y Snacks,Snacks,Mascotas,Alimento Perros,Alta,Producto de mascotas fuera de Mascotas,mover_categoria
19982,Snack Perro Pet's Fun Oreja de Cerdo 4 un. 90 g,Desayuno y Snacks,Snacks,Mascotas,Alimento Perros,Alta,Producto de mascotas fuera de Mascotas,mover_categoria
19983,Snack Gato Whiskas Delicioso Salmón 40 g,Desayuno y Snacks,Snacks,Mascotas,Alimento Gatos,Alta,Producto de mascotas fuera de Mascotas,mover_categoria
19986,Snack Perro Doguitos Tira de Asado 65 g,Desayuno y Snacks,Snacks,Mascotas,Alimento Perros,Alta,Producto de mascotas fuera de Mascotas,mover_categoria
19991,Snack Perro Pet's Fun Fémur de Cerdo 2 un.,Desayuno y Snacks,Snacks,Mascotas,Alimento Perros,Alta,Producto de mascotas fuera de Mascotas,mover_categoria
19996,Snack Gato Cremi Mix Variety 30 un.,Desayuno y Snacks,Snacks,Mascotas,Alimento Gatos,Alta,Producto de mascotas fuera de Mascotas,mover_categoria
19997,Snack Cremoso Naturalistic Cremi Gatos de Todas Las Edades Pollo 5 un.,Desayuno y Snacks,Snacks,Mascotas,Alimento Gatos,Alta,Producto de mascotas fuera de Mascotas,mover_categoria
20000,Snack Jerky de Pollo Perro 100 g,Desayuno y Snacks,Snacks,Mascotas,Alimento Perros,Alta,Producto de mascotas fuera de Mascotas,mover_categoria
20001,Snack Espirales de Pollo Perro 100 g,Desayuno y Snacks,Snacks,Mascotas,Alimento Perros,Alta,Producto de mascotas fuera de Mascotas,mover_categoria
20003,Snack Perro Adulto Pedigree Dentastix Razas Grandes 7 un.,Desayuno y Snacks,Snacks,Mascotas,Alimento Perros,Alta,Producto de mascotas fuera de Mascotas,mover_categoria
20004,Snack Perro Pedigree Dentastix Raza Mediana 7 un.,Desayuno y Snacks,Snacks,Mascotas,Alimento Perros,Alta,Producto de mascotas fuera de Mascotas,mover_categoria
20006,Snack Stick de Salmón Gato 100 g,Desayuno y Snacks,Snacks,Mascotas,Alimento Gatos,Alta,Producto de mascotas fuera de Mascotas,mover_categoria
20007,Snack Perro Pet's Fun Húmero de Cerdo 3 un.,Desayuno y Snacks,Snacks,Mascotas,Alimento Perros,Alta,Producto de mascotas fuera de Mascotas,mover_categoria
20008,Snack Perro Fit Trutro Pollo Deshidratado 400 g,Desayuno y Snacks,Snacks,Mascotas,Alimento Perros,Alta,Producto de mascotas fuera de Mascotas,mover_categoria
20010,Snack Gato Whiskas Delicioso Salmón 80 g,Desayuno y Snacks,Snacks,Mascotas,Alimento Gatos,Alta,Producto de mascotas fuera de Mascotas,mover_categoria
20011,Snack Gato Fit Puré de Atún 60 g,Desayuno y Snacks,Snacks,Mascotas,Alimento Gatos,Alta,Producto de mascotas fuera de Mascotas,mover_categoria
20013,Snack Gato Vitakraft Stick Conejo y Pato 18 g,Desayuno y Snacks,Snacks,Mascotas,Alimento Gatos,Alta,Producto de mascotas fuera de Mascotas,mover_categoria
20015,Snack Pierna de Pollo Perro,Desayuno y Snacks,Snacks,Mascotas,Alimento Perros,Alta,Producto de mascotas fuera de Mascotas,mover_categoria
20016,Snack Jerky de Pollo Gato 80 g,Desayuno y Snacks,Snacks,Mascotas,Alimento Gatos,Alta,Producto de mascotas fuera de Mascotas,mover_categoria
20017,Snack Gato Fit Puré de Salmón 60 g,Desayuno y Snacks,Snacks,Mascotas,Alimento Gatos,Alta,Producto de mascotas fuera de Mascotas,mover_categoria
20018,Snack Gato Fit Filete de Atún 25 g,Desayuno y Snacks,Snacks,Mascotas,Alimento Gatos,Alta,Producto de mascotas fuera de Mascotas,mover_categoria
20019,Snack Gato Temptations Salmón y Queso 48 g,Desayuno y Snacks,Snacks,Mascotas,Alimento Gatos,Alta,Producto de mascotas fuera de Mascotas,mover_categoria
20020,Snack Gato Drag Pharma Pescaditos,Desayuno y Snacks,Snacks,Mascotas,Alimento Gatos,Alta,Producto de mascotas fuera de Mascotas,mover_categoria
20021,Snack Gato Temptations Pollo y Atún 48 g,Desayuno y Snacks,Snacks,Mascotas,Alimento Gatos,Alta,Producto de mascotas fuera de Mascotas,mover_categoria
20023,Snack Perro Adulto Pedigree Dentastix Razas Pequeñas 3 un.,Desayuno y Snacks,Snacks,Mascotas,Alimento Perros,Alta,Producto de mascotas fuera de Mascotas,mover_categoria
20024,Snack Fit Gato Crunchy Atún Salmón 100 g,Desayuno y Snacks,Snacks,Mascotas,Alimento Gatos,Alta,Producto de mascotas fuera de Mascotas,mover_categoria
20025,Snack Perro Gran Cani Bocaditos Esófago de Bovino 100 g,Desayuno y Snacks,Snacks,Mascotas,Alimento Perros,Alta,Producto de mascotas fuera de Mascotas,mover_categoria
20026,Snack Cremoso Naturalistic Cremi Gatos de Todas Las Edades Salmón Atún 5 un.,Desayuno y Snacks,Snacks,Mascotas,Alimento Gatos,Alta,Producto de mascotas fuera de Mascotas,mover_categoria
20027,Snack Perro Naturalistic Meatballs Salmón/Camote 100 g,Desayuno y Snacks,Snacks,Mascotas,Alimento Perros,Alta,Producto de mascotas fuera de Mascotas,mover_categoria
20028,Snack Perro Adulto Pedigree Dentastix Razas Grandes 3 un.,Desayuno y Snacks,Snacks,Mascotas,Alimento Perros,Alta,Producto de mascotas fuera de Mascotas,mover_categoria
20029,Snack Gatitos Churu Atún 56 g,Desayuno y Snacks,Snacks,Mascotas,Alimento Gatos,Alta,Producto de mascotas fuera de Mascotas,mover_categoria
20030,Snack Perro Churu Pollo y Salmón 56 g,Desayuno y Snacks,Snacks,Mascotas,Alimento Perros,Alta,Producto de mascotas fuera de Mascotas,mover_categoria
20031,Snack Perro Tiritas de Cordero 100 g,Desayuno y Snacks,Snacks,Mascotas,Alimento Perros,Alta,Producto de mascotas fuera de Mascotas,mover_categoria
20032,Snack Perro Churu Bites Chicken Salmon Recipe 96 g,Desayuno y Snacks,Snacks,Mascotas,Alimento Perros,Alta,Producto de mascotas fuera de Mascotas,mover_categoria
20033,Snack Perro Naturalistic Mix Pol/Goji y Pato Cranberry 100 g,Desayuno y Snacks,Snacks,Mascotas,Alimento Perros,Alta,Producto de mascotas fuera de Mascotas,mover_categoria
20034,Snack Perro Goofy Rollitos Rellenos Costillas 3 un.,Desayuno y Snacks,Snacks,Mascotas,Alimento Perros,Alta,Producto de mascotas fuera de Mascotas,mover_categoria
20035,Snack Gatitos Churu Pollo 56 g,Desayuno y Snacks,Snacks,Mascotas,Alimento Gatos,Alta,Producto de mascotas fuera de Mascotas,mover_categoria
20036,Snack Perro Dip Dog Filetitos de Pollo 60 g,Desayuno y Snacks,Snacks,Mascotas,Alimento Perros,Alta,Producto de mascotas fuera de Mascotas,mover_categoria
20037,Snack Perro Goofy Rollitos de Panceta Razas Pequeñas Tocino 4 un.,Desayuno y Snacks,Snacks,Mascotas,Alimento Perros,Alta,Producto de mascotas fuera de Mascotas,mover_categoria
20038,Snack Perro Mix Doggo Crispy de Ciervo 100 g,Desayuno y Snacks,Snacks,Mascotas,Alimento Perros,Alta,Producto de mascotas fuera de Mascotas,mover_categoria
20039,Snack Perro Bil-Jac Razas Pequeñas 113 g,Desayuno y Snacks,Snacks,Mascotas,Alimento Perros,Alta,Producto de mascotas fuera de Mascotas,mover_categoria
20040,Snack Perro Bil-Jac Gooberlicius 283 g,Desayuno y Snacks,Snacks,Mascotas,Alimento Perros,Alta,Producto de mascotas fuera de Mascotas,mover_categoria
20041,Snack Gato Fit Filete de Pollo 25 g,Desayuno y Snacks,Snacks,Mascotas,Alimento Gatos,Alta,Producto de mascotas fuera de Mascotas,mover_categoria
20042,Snack Perro Vitakraft Boony Bits 120 g,Desayuno y Snacks,Snacks,Mascotas,Alimento Perros,Alta,Producto de mascotas fuera de Mascotas,mover_categoria
20043,Snack Gato Churu Atún y Pollo 56 g,Desayuno y Snacks,Snacks,Mascotas,Alimento Gatos,Alta,Producto de mascotas fuera de Mascotas,mover_categoria
20044,Snack Perro Meat Balls de Pollo 80 g,Desayuno y Snacks,Snacks,Mascotas,Alimento Perros,Alta,Producto de mascotas fuera de Mascotas,mover_categoria
20045,Snack Gato Kiboo Pets Premium Catnip y Salmón 65 g,Desayuno y Snacks,Snacks,Mascotas,Alimento Gatos,Alta,Producto de mascotas fuera de Mascotas,mover_categoria
20046,Snack Gato Champion Cat Delicias Salmón 56 g,Desayuno y Snacks,Snacks,Mascotas,Alimento Gatos,Alta,Producto de mascotas fuera de Mascotas,mover_categoria
20047,Snack Húmedo Gato Catgo Salmón 90 g,Desayuno y Snacks,Snacks,Mascotas,Alimento Gatos,Alta,Producto de mascotas fuera de Mascotas,mover_categoria
20051,Snack Gatos Churu Atún 20 un.,Desayuno y Snacks,Snacks,Mascotas,Alimento Gatos,Alta,Producto de mascotas fuera de Mascotas,mover_categoria
20052,Snack Perro Tiritas de Cordero 400 g,Desayuno y Snacks,Snacks,Mascotas,Alimento Perros,Alta,Producto de mascotas fuera de Mascotas,mover_categoria
20053,Snack Gato Naturalistic Cremi Sea Food Recipes 30 un.,Desayuno y Snacks,Snacks,Mascotas,Alimento Gatos,Alta,Producto de mascotas fuera de Mascotas,mover_categoria
20054,Snack Dental Perro Adulto Dentalife Grande 196 g,Desayuno y Snacks,Snacks,Mascotas,Alimento Perros,Alta,Producto de mascotas fuera de Mascotas,mover_categoria
20055,Snack Perro Bil-Jac 283 g,Desayuno y Snacks,Snacks,Mascotas,Alimento Perros,Alta,Producto de mascotas fuera de Mascotas,mover_categoria
20056,Snack Gato Fit Puré de Pollo 60 g,Desayuno y Snacks,Snacks,Mascotas,Alimento Gatos,Alta,Producto de mascotas fuera de Mascotas,mover_categoria
20057,Snack Gato Dentalife Dental 40 g,Desayuno y Snacks,Snacks,Mascotas,Alimento Gatos,Alta,Producto de mascotas fuera de Mascotas,mover_categoria
20058,Snack Gato Molly & Co Tiritas Salmón 65 g,Desayuno y Snacks,Snacks,Mascotas,Alimento Gatos,Alta,Producto de mascotas fuera de Mascotas,mover_categoria
20062,Snack Perro Vitakraft Treaties Minis Pate 48 g,Desayuno y Snacks,Snacks,Mascotas,Alimento Perros,Alta,Producto de mascotas fuera de Mascotas,mover_categoria
20070,Snack Gato Master Cat Halloween Fantasma 45 g,Desayuno y Snacks,Snacks,Mascotas,Alimento Gatos,Alta,Producto de mascotas fuera de Mascotas,mover_categoria
20071,Snack Perros Trutros de Pato con Huesos de Calcio 400 g,Desayuno y Snacks,Snacks,Mascotas,Alimento Perros,Alta,Producto de mascotas fuera de Mascotas,mover_categoria
20072,Snack Perro Goofy Bocaditos de Entrenamiento Mix de Sabores 70 g,Desayuno y Snacks,Snacks,Mascotas,Alimento Perros,Alta,Producto de mascotas fuera de Mascotas,mover_categoria
20073,Snack Perro Naturalistic Meatballs Pato/Manzana 100 g,Desayuno y Snacks,Snacks,Mascotas,Alimento Perros,Alta,Producto de mascotas fuera de Mascotas,mover_categoria
20074,Snack Perro Treats Tiritas Pollo 100 g,Desayuno y Snacks,Snacks,Mascotas,Alimento Perros,Alta,Producto de mascotas fuera de Mascotas,mover_categoria
20075,Snack Perro Fit Costillitas de Cordero 400 g,Desayuno y Snacks,Snacks,Mascotas,Alimento Perros,Alta,Producto de mascotas fuera de Mascotas,mover_categoria
20076,Snack Perro Tiritas de Salmón 100 g,Desayuno y Snacks,Snacks,Mascotas,Alimento Perros,Alta,Producto de mascotas fuera de Mascotas,mover_categoria
20079,Snack Perro Brochetas Triple Sabor 6 un.,Desayuno y Snacks,Snacks,Mascotas,Alimento Perros,Alta,Producto de mascotas fuera de Mascotas,mover_categoria
20080,Snack Perro Doggo Bocado Cubos de Salmón,Desayuno y Snacks,Snacks,Mascotas,Alimento Perros,Alta,Producto de mascotas fuera de Mascotas,mover_categoria
20082,Snack Perro Fit Tirita Pollo Deshidratado 400 g,Desayuno y Snacks,Snacks,Mascotas,Alimento Perros,Alta,Producto de mascotas fuera de Mascotas,mover_categoria
20083,Snack Perro Vitakraft Beef Stick Rústico 55 g,Desayuno y Snacks,Snacks,Mascotas,Alimento Perros,Alta,Producto de mascotas fuera de Mascotas,mover_categoria
20084,Snack Perro Jerky Proteico Stay Happy Salmón 80 g,Desayuno y Snacks,Snacks,Mascotas,Alimento Perros,Alta,Producto de mascotas fuera de Mascotas,mover_categoria
20085,Snack Perro Brochetas Triple Sabor 18 un.,Desayuno y Snacks,Snacks,Mascotas,Alimento Perros,Alta,Producto de mascotas fuera de Mascotas,mover_categoria
20086,Snack para Perro Húmedo Doggo Sabor Cerdo,Desayuno y Snacks,Snacks,Mascotas,Alimento Perros,Alta,Producto de mascotas fuera de Mascotas,mover_categoria
20087,Snack Perro Master Dog Rollitos 50 g,Desayuno y Snacks,Snacks,Mascotas,Alimento Perros,Alta,Producto de mascotas fuera de Mascotas,mover_categoria
20088,Snack Perro Vitakraft Beef Stick Venado 12 g,Desayuno y Snacks,Snacks,Mascotas,Alimento Perros,Alta,Producto de mascotas fuera de Mascotas,mover_categoria
20089,Snack Perro Goofy Huesi Extra Calcio y Destete 40 g,Desayuno y Snacks,Snacks,Mascotas,Alimento Perros,Alta,Producto de mascotas fuera de Mascotas,mover_categoria
20090,Snack Perro Creamy Dog Proteico,Desayuno y Snacks,Snacks,Mascotas,Alimento Perros,Alta,Producto de mascotas fuera de Mascotas,mover_categoria
20091,Snack Perro Doggo Bocado Colitas de Pollo,Desayuno y Snacks,Snacks,Mascotas,Alimento Perros,Alta,Producto de mascotas fuera de Mascotas,mover_categoria
20092,Snack Perro Goofy Hueso Dental 3 en 1 - 70 g,Desayuno y Snacks,Snacks,Mascotas,Alimento Perros,Alta,Producto de mascotas fuera de Mascotas,mover_categoria
20093,Snack Perro Delident Raza Grande 270 g,Desayuno y Snacks,Snacks,Mascotas,Alimento Perros,Alta,Producto de mascotas fuera de Mascotas,mover_categoria
20094,Snack Perro Drag Pharma Fit Mix,Desayuno y Snacks,Snacks,Mascotas,Alimento Perros,Alta,Producto de mascotas fuera de Mascotas,mover_categoria
20096,Snack Perro Goofy Control Aliento Mix de Hierbas 5 un. 90 g,Desayuno y Snacks,Snacks,Mascotas,Alimento Perros,Alta,Producto de mascotas fuera de Mascotas,mover_categoria
20097,Snack Perro Goofy Hueso Compacto en Blíster 6 un.,Desayuno y Snacks,Snacks,Mascotas,Alimento Perros,Alta,Producto de mascotas fuera de Mascotas,mover_categoria
20098,Snack Perro Goofy Pato Loops Hipoalergénico 60 g,Desayuno y Snacks,Snacks,Mascotas,Alimento Perros,Alta,Producto de mascotas fuera de Mascotas,mover_categoria
20099,Snack de Entrenamiento Perro Tribut Salmón y Frutas 100 g,Desayuno y Snacks,Snacks,Mascotas,Alimento Perros,Alta,Producto de mascotas fuera de Mascotas,mover_categoria
20100,Snack Perro Treats Trozos Pollo 100 g,Desayuno y Snacks,Snacks,Mascotas,Alimento Perros,Alta,Producto de mascotas fuera de Mascotas,mover_categoria
20101,Snack Perro Drag Pharma 10 un.,Desayuno y Snacks,Snacks,Mascotas,Alimento Perros,Alta,Producto de mascotas fuera de Mascotas,mover_categoria
20102,Snack Perro Master Dog Delisnack Multivitamínico 300 g,Desayuno y Snacks,Snacks,Mascotas,Alimento Perros,Alta,Producto de mascotas fuera de Mascotas,mover_categoria
20103,Snack Gato Kiboo Pets Premium Cubitos de Salmón 65 g,Desayuno y Snacks,Snacks,Mascotas,Alimento Gatos,Alta,Producto de mascotas fuera de Mascotas,mover_categoria
20105,Snack Perro Master Dog Copito Navidad 45 g,Desayuno y Snacks,Snacks,Mascotas,Alimento Perros,Alta,Producto de mascotas fuera de Mascotas,mover_categoria
20106,Snack Perro Drag Pharma Cuchuflí 5 un.,Desayuno y Snacks,Snacks,Mascotas,Alimento Perros,Alta,Producto de mascotas fuera de Mascotas,mover_categoria
20107,Snack Gato Fellini Creamy Mix 12 un.,Desayuno y Snacks,Snacks,Mascotas,Alimento Gatos,Alta,Producto de mascotas fuera de Mascotas,mover_categoria
20108,Snack Perro Bil-Jac Pbnanas 113 g,Desayuno y Snacks,Snacks,Mascotas,Alimento Perros,Alta,Producto de mascotas fuera de Mascotas,mover_categoria
20109,Snack Perro Vitakraft Beef Stick Cordero 12 g,Desayuno y Snacks,Snacks,Mascotas,Alimento Perros,Alta,Producto de mascotas fuera de Mascotas,mover_categoria
20110,Snack Gato Vitakraft Crispy Crunch Salmón 60 g,Desayuno y Snacks,Snacks,Mascotas,Alimento Gatos,Alta,Producto de mascotas fuera de Mascotas,mover_categoria
20111,Snack Perro Master Dog Delisnack Articular 300 g,Desayuno y Snacks,Snacks,Mascotas,Alimento Perros,Alta,Producto de mascotas fuera de Mascotas,mover_categoria
20112,Snack Perro Delident Raza Mediana 180 g,Desayuno y Snacks,Snacks,Mascotas,Alimento Perros,Alta,Producto de mascotas fuera de Mascotas,mover_categoria
20113,Snack Perro Rahue Garra de Pollo,Desayuno y Snacks,Snacks,Mascotas,Alimento Perros,Alta,Producto de mascotas fuera de Mascotas,mover_categoria
20114,Snack Perro Drag Pharma Ruedas 12 un.,Desayuno y Snacks,Snacks,Mascotas,Alimento Perros,Alta,Producto de mascotas fuera de Mascotas,mover_categoria
20115,Snack Gato Kiboo Pets Premium Sandwich Pollo y Pescado,Desayuno y Snacks,Snacks,Mascotas,Alimento Gatos,Alta,Producto de mascotas fuera de Mascotas,mover_categoria
20116,Snack Perro Vitakraft Beef Stick Pavo 12 g,Desayuno y Snacks,Snacks,Mascotas,Alimento Perros,Alta,Producto de mascotas fuera de Mascotas,mover_categoria
20117,Snack Perro Bil-Jac Yapple Nanas 113 g,Desayuno y Snacks,Snacks,Mascotas,Alimento Perros,Alta,Producto de mascotas fuera de Mascotas,mover_categoria
20118,Snack Gato Stay Happy Creamy Pollo Camarón 56 g,Desayuno y Snacks,Snacks,Mascotas,Alimento Gatos,Alta,Producto de mascotas fuera de Mascotas,mover_categoria
20120,Snack Perro Goofy Hueso Compacto Mediano 95 g,Desayuno y Snacks,Snacks,Mascotas,Alimento Perros,Alta,Producto de mascotas fuera de Mascotas,mover_categoria
20121,Snack Gato Animal Planet Treats Tiritas Pollo 65 g,Desayuno y Snacks,Snacks,Mascotas,Alimento Gatos,Alta,Producto de mascotas fuera de Mascotas,mover_categoria
20122,Snack Gato Kiboo Pets Premium Rebanadas de Pato 65 g,Desayuno y Snacks,Snacks,Mascotas,Alimento Gatos,Alta,Producto de mascotas fuera de Mascotas,mover_categoria
20123,Snack Gato Vitakraft Stick Salmón 18 g,Desayuno y Snacks,Snacks,Mascotas,Alimento Gatos,Alta,Producto de mascotas fuera de Mascotas,mover_categoria
20124,Snack Perro Doggo Bocado Chocitos,Desayuno y Snacks,Snacks,Mascotas,Alimento Perros,Alta,Producto de mascotas fuera de Mascotas,mover_categoria
20125,Snack Perro Drag Pharma Fit Huesitos Bicolor 20 un.,Desayuno y Snacks,Snacks,Mascotas,Alimento Perros,Alta,Producto de mascotas fuera de Mascotas,mover_categoria
20126,Snack para Perro Goofy Natural Cubos de Yogurt,Desayuno y Snacks,Snacks,Mascotas,Alimento Perros,Alta,Producto de mascotas fuera de Mascotas,mover_categoria
20127,Snack Gato Stay Happy Creamy Salmón 56 g,Desayuno y Snacks,Snacks,Mascotas,Alimento Gatos,Alta,Producto de mascotas fuera de Mascotas,mover_categoria
20128,Snack Gato Master Cat Halloween Calabaza 45 g,Desayuno y Snacks,Snacks,Mascotas,Alimento Gatos,Alta,Producto de mascotas fuera de Mascotas,mover_categoria
20129,Snack Dental Perro Adulto Dentalife Pequeño 42 g,Desayuno y Snacks,Snacks,Mascotas,Alimento Perros,Alta,Producto de mascotas fuera de Mascotas,mover_categoria
20130,Snack Perro Drag Pharma Papas Fritas 22 un.,Desayuno y Snacks,Snacks,Mascotas,Alimento Perros,Alta,Producto de mascotas fuera de Mascotas,mover_categoria
20131,Snack Perro Champion Dog 500 g,Desayuno y Snacks,Snacks,Mascotas,Alimento Perros,Alta,Producto de mascotas fuera de Mascotas,mover_categoria
20132,Snack Perro Vitakraft Beef Stick Hipoalergénico 12 g,Desayuno y Snacks,Snacks,Mascotas,Alimento Perros,Alta,Producto de mascotas fuera de Mascotas,mover_categoria
20133,Snack Perro Dingo Mini Hueso para Morder,Desayuno y Snacks,Snacks,Mascotas,Alimento Perros,Alta,Producto de mascotas fuera de Mascotas,mover_categoria
20134,Snack Gato Vitakraft Yums Salmón 40 g,Desayuno y Snacks,Snacks,Mascotas,Alimento Gatos,Alta,Producto de mascotas fuera de Mascotas,mover_categoria
20135,Snack Perro Stay Happy Premium Cordero 80 g,Desayuno y Snacks,Snacks,Mascotas,Alimento Perros,Alta,Producto de mascotas fuera de Mascotas,mover_categoria
20136,Snack Gato Vitakraft Yums Pollo Hierba Gatera 40 g,Desayuno y Snacks,Snacks,Mascotas,Alimento Gatos,Alta,Producto de mascotas fuera de Mascotas,mover_categoria
20137,Snack Perro Doggo Bully Stick en Crispy de Ciervo,Desayuno y Snacks,Snacks,Mascotas,Alimento Perros,Alta,Producto de mascotas fuera de Mascotas,mover_categoria
20138,Snack Gato Vitakraft Crispy Crunch Dental 60 g,Desayuno y Snacks,Snacks,Mascotas,Alimento Gatos,Alta,Producto de mascotas fuera de Mascotas,mover_categoria
20139,Snack Dental Perro Adulto Dentalife Mediano 119 g,Desayuno y Snacks,Snacks,Mascotas,Alimento Perros,Alta,Producto de mascotas fuera de Mascotas,mover_categoria
20140,Snack Perro Drag Pharma Fit Huesitos 20 un.,Desayuno y Snacks,Snacks,Mascotas,Alimento Perros,Alta,Producto de mascotas fuera de Mascotas,mover_categoria
20141,Snack Gato Molly & Co Tiritas Pato 65 g,Desayuno y Snacks,Snacks,Mascotas,Alimento Gatos,Alta,Producto de mascotas fuera de Mascotas,mover_categoria
20142,Snack Gato Felix Travesuras Ocean Mix 60 g,Desayuno y Snacks,Snacks,Mascotas,Alimento Gatos,Alta,Producto de mascotas fuera de Mascotas,mover_categoria
20143,Snack Perro Champion Dog 250 g,Desayuno y Snacks,Snacks,Mascotas,Alimento Perros,Alta,Producto de mascotas fuera de Mascotas,mover_categoria
20144,Snack para Gato Fellini Lollipop Cranberry,Desayuno y Snacks,Snacks,Mascotas,Alimento Gatos,Alta,Producto de mascotas fuera de Mascotas,mover_categoria
20145,Snack Gato Champion Cat Delicias Atún 56 g,Desayuno y Snacks,Snacks,Mascotas,Alimento Gatos,Alta,Producto de mascotas fuera de Mascotas,mover_categoria
20146,Snack para Perros Patas de Pollo Crispy,Desayuno y Snacks,Snacks,Mascotas,Alimento Perros,Alta,Producto de mascotas fuera de Mascotas,mover_categoria
20147,Snack Gato Vitakraft Stick Pollo Hierba Gatera 18 g,Desayuno y Snacks,Snacks,Mascotas,Alimento Gatos,Alta,Producto de mascotas fuera de Mascotas,mover_categoria
20148,Snack Perro Adulto Pedigree Dentastix Raza Mediana 3 un.,Desayuno y Snacks,Snacks,Mascotas,Alimento Perros,Alta,Producto de mascotas fuera de Mascotas,mover_categoria
20149,Snack Cremoso Naturalistic Cremi Gatos de Todas Las Edades Atún 5 un.,Desayuno y Snacks,Snacks,Mascotas,Alimento Gatos,Alta,Producto de mascotas fuera de Mascotas,mover_categoria
20150,Snack Perro Gran Cani Esófago de Bovino 250 g,Desayuno y Snacks,Snacks,Mascotas,Alimento Perros,Alta,Producto de mascotas fuera de Mascotas,mover_categoria
20151,Snack Perro Gran Cani Vejiga Bovino 4 un.,Desayuno y Snacks,Snacks,Mascotas,Alimento Perros,Alta,Producto de mascotas fuera de Mascotas,mover_categoria
20152,Snack Gato Animal Planet Treats Trozos Salmón 65 g,Desayuno y Snacks,Snacks,Mascotas,Alimento Gatos,Alta,Producto de mascotas fuera de Mascotas,mover_categoria
20153,Snack para Gato Fellini Lollipop Mix,Desayuno y Snacks,Snacks,Mascotas,Alimento Gatos,Alta,Producto de mascotas fuera de Mascotas,mover_categoria
20154,Snack Gato Crunchie Bites Pollo y Camarón 80 g,Desayuno y Snacks,Snacks,Mascotas,Alimento Gatos,Alta,Producto de mascotas fuera de Mascotas,mover_categoria
20155,Snack Cremoso Gato Stay Happy 15 un.,Desayuno y Snacks,Snacks,Mascotas,Alimento Gatos,Alta,Producto de mascotas fuera de Mascotas,mover_categoria
20156,Snack Gato Stay Happy Salmón,Desayuno y Snacks,Snacks,Mascotas,Alimento Gatos,Alta,Producto de mascotas fuera de Mascotas,mover_categoria
20157,Snack Gato Churu Atún y Salmón 56 g,Desayuno y Snacks,Snacks,Mascotas,Alimento Gatos,Alta,Producto de mascotas fuera de Mascotas,mover_categoria
20158,Snack Perro Churu Pollo 56 g,Desayuno y Snacks,Snacks,Mascotas,Alimento Perros,Alta,Producto de mascotas fuera de Mascotas,mover_categoria
20159,Snack Gato Stay Happy Lomo Cerdo,Desayuno y Snacks,Snacks,Mascotas,Alimento Gatos,Alta,Producto de mascotas fuera de Mascotas,mover_categoria
20160,Snack Perro Churu Pollo y Atún 56 g,Desayuno y Snacks,Snacks,Mascotas,Alimento Perros,Alta,Producto de mascotas fuera de Mascotas,mover_categoria
20161,Snack Húmedo Gato Catgo Pollo 90 g,Desayuno y Snacks,Snacks,Mascotas,Alimento Gatos,Alta,Producto de mascotas fuera de Mascotas,mover_categoria
20162,Snack Perro Tiritas de Pollo con Tocino 100 g,Desayuno y Snacks,Snacks,Mascotas,Alimento Perros,Alta,Producto de mascotas fuera de Mascotas,mover_categoria
20163,Snack Perro Churu Pollo y Vegetales 56 g,Desayuno y Snacks,Snacks,Mascotas,Alimento Perros,Alta,Producto de mascotas fuera de Mascotas,mover_categoria
20164,Snack Perro Swesi Libre de Grano Salmón 330 g,Desayuno y Snacks,Snacks,Mascotas,Alimento Perros,Alta,Producto de mascotas fuera de Mascotas,mover_categoria
20166,Snack Perro Tributo Salmón Liofilizado 100 g,Desayuno y Snacks,Snacks,Mascotas,Alimento Perros,Alta,Producto de mascotas fuera de Mascotas,mover_categoria
20167,Snack Liofilizado Bayts Baby Salmón para Perros y Gatos 100 g,Desayuno y Snacks,Snacks,Mascotas,Alimento Gatos,Alta,Producto de mascotas fuera de Mascotas,mover_categoria
20168,Snack Perro Swesi Libre de Grano Ahumado 330 g,Desayuno y Snacks,Snacks,Mascotas,Alimento Perros,Alta,Producto de mascotas fuera de Mascotas,mover_categoria
20169,Snack Liofilizado Bayts Bocaditos para Perros y Gatos 100 g,Desayuno y Snacks,Snacks,Mascotas,Alimento Gatos,Alta,Producto de mascotas fuera de Mascotas,mover_categoria
20170,Snack Gato Churu Pollo 56 g,Desayuno y Snacks,Snacks,Mascotas,Alimento Gatos,Alta,Producto de mascotas fuera de Mascotas,mover_categoria
20171,Snack Perro Tributo Pollo & Caldito Liofilizado 100 g,Desayuno y Snacks,Snacks,Mascotas,Alimento Perros,Alta,Producto de mascotas fuera de Mascotas,mover_categoria
20172,Snack Gato Churu Atún 56 g,Desayuno y Snacks,Snacks,Mascotas,Alimento Gatos,Alta,Producto de mascotas fuera de Mascotas,mover_categoria
20173,Snack Perro Vitakraft Treaties Minis Salmón & Omega3 - 48 g,Desayuno y Snacks,Snacks,Mascotas,Alimento Perros,Alta,Producto de mascotas fuera de Mascotas,mover_categoria
20174,Snack Perro Mega Churu Atún,Desayuno y Snacks,Snacks,Mascotas,Alimento Perros,Alta,Producto de mascotas fuera de Mascotas,mover_categoria
20175,Snack Perro Churu Bites Chicken Recipe 96 g,Desayuno y Snacks,Snacks,Mascotas,Alimento Perros,Alta,Producto de mascotas fuera de Mascotas,mover_categoria
20176,Snack Perro Mega Churu Pollo y Calabaza,Desayuno y Snacks,Snacks,Mascotas,Alimento Perros,Alta,Producto de mascotas fuera de Mascotas,mover_categoria
20177,Snack Perro Vitakraft Boony Bits 55 g,Desayuno y Snacks,Snacks,Mascotas,Alimento Perros,Alta,Producto de mascotas fuera de Mascotas,mover_categoria
20178,Snack Perro Gran Cani Bocaditos Tapa de Tronco Bovino 100 g,Desayuno y Snacks,Snacks,Mascotas,Alimento Perros,Alta,Producto de mascotas fuera de Mascotas,mover_categoria
20179,Snack Perro Pedigree Dentastix Snack Cuidado Oral Raza Mediana 25.5 g 1 un.,Desayuno y Snacks,Snacks,Mascotas,Alimento Perros,Alta,Producto de mascotas fuera de Mascotas,mover_categoria
20180,Snack Perro Vitakraft Beef Stick Hot Dog 30 g,Desayuno y Snacks,Snacks,Mascotas,Alimento Perros,Alta,Producto de mascotas fuera de Mascotas,mover_categoria
20181,Snack Gato Churu Pollo y Camarones 56 g,Desayuno y Snacks,Snacks,Mascotas,Alimento Gatos,Alta,Producto de mascotas fuera de Mascotas,mover_categoria
20182,Snack Perro Burger Pacific Pet Food Factory Peff 260 g,Desayuno y Snacks,Snacks,Mascotas,Alimento Perros,Alta,Producto de mascotas fuera de Mascotas,mover_categoria
20183,Snack para Perro Húmedo Doggo Sabor Salmón,Desayuno y Snacks,Snacks,Mascotas,Alimento Perros,Alta,Producto de mascotas fuera de Mascotas,mover_categoria
20184,Snack Perros Trutros de Pato con Huesos de Calcio 100 g,Desayuno y Snacks,Snacks,Mascotas,Alimento Perros,Alta,Producto de mascotas fuera de Mascotas,mover_categoria
20185,Snack Perro Burger Pet Food Factory Peff 260 g,Desayuno y Snacks,Snacks,Mascotas,Alimento Perros,Alta,Producto de mascotas fuera de Mascotas,mover_categoria
20186,Snack Perro Gran Cani Esófago de Bovino 4 un.,Desayuno y Snacks,Snacks,Mascotas,Alimento Perros,Alta,Producto de mascotas fuera de Mascotas,mover_categoria
20187,Snack Gato Churu Atún y Vieiras 56 g,Desayuno y Snacks,Snacks,Mascotas,Alimento Gatos,Alta,Producto de mascotas fuera de Mascotas,mover_categoria
20188,Snack Perro Master Dog Halloween Fantasma 45 g,Desayuno y Snacks,Snacks,Mascotas,Alimento Perros,Alta,Producto de mascotas fuera de Mascotas,mover_categoria
20189,Snack Gato Stay Happy Catnip sin Grano,Desayuno y Snacks,Snacks,Mascotas,Alimento Gatos,Alta,Producto de mascotas fuera de Mascotas,mover_categoria
20190,Snack Dental para Perro 3 en 1 Pequeño 120 g,Desayuno y Snacks,Snacks,Mascotas,Alimento Perros,Alta,Producto de mascotas fuera de Mascotas,mover_categoria
20191,Snack Mini para Perro Calendario Adviento 200 g,Desayuno y Snacks,Snacks,Mascotas,Alimento Perros,Alta,Producto de mascotas fuera de Mascotas,mover_categoria
20192,Snack Dental para Perro 3 en 1 Mediano 180 g,Desayuno y Snacks,Snacks,Mascotas,Alimento Perros,Alta,Producto de mascotas fuera de Mascotas,mover_categoria
20193,Snack Perro Pedigree Dentastix Cuidado Oral Raza Pequeña 15.7 g 1 un.,Desayuno y Snacks,Snacks,Mascotas,Alimento Perros,Alta,Producto de mascotas fuera de Mascotas,mover_categoria
20194,Snack Gato Catgo Bocados Choritos 50 g,Desayuno y Snacks,Snacks,Mascotas,Alimento Gatos,Alta,Producto de mascotas fuera de Mascotas,mover_categoria
20195,Snack Gato Felix Travesuras Original Mix 60 g,Desayuno y Snacks,Snacks,Mascotas,Alimento Gatos,Alta,Producto de mascotas fuera de Mascotas,mover_categoria
20196,Snack Gato Stay Happy Creamy Pollo 56 g,Desayuno y Snacks,Snacks,Mascotas,Alimento Gatos,Alta,Producto de mascotas fuera de Mascotas,mover_categoria
20197,Snack Perro Drag Pharma Fit Calugas,Desayuno y Snacks,Snacks,Mascotas,Alimento Perros,Alta,Producto de mascotas fuera de Mascotas,mover_categoria
20198,Snack Gatos Churu Pollo 20 un.,Desayuno y Snacks,Snacks,Mascotas,Alimento Gatos,Alta,Producto de mascotas fuera de Mascotas,mover_categoria
20199,Snack Perro Master Dog Árbol Navidad 45 g,Desayuno y Snacks,Snacks,Mascotas,Alimento Perros,Alta,Producto de mascotas fuera de Mascotas,mover_categoria
20200,Snack Gato Champion Cat Delicias Pollo 56 g,Desayuno y Snacks,Snacks,Mascotas,Alimento Gatos,Alta,Producto de mascotas fuera de Mascotas,mover_categoria
20201,Snack Gato Master Cat Pescado 60 g,Desayuno y Snacks,Snacks,Mascotas,Alimento Gatos,Alta,Producto de mascotas fuera de Mascotas,mover_categoria
20202,Snack Mini para Gato Calendario Adviento 200 g,Desayuno y Snacks,Snacks,Mascotas,Alimento Gatos,Alta,Producto de mascotas fuera de Mascotas,mover_categoria
20203,Snack Gato Crunchie Bites Salmón y Queso 80 g,Desayuno y Snacks,Snacks,Mascotas,Alimento Gatos,Alta,Producto de mascotas fuera de Mascotas,mover_categoria
20204,Snack Gato Adulto Purina One Medianos y Grandes 85 g,Desayuno y Snacks,Snacks,Mascotas,Alimento Gatos,Alta,Producto de mascotas fuera de Mascotas,mover_categoria
20206,Snack Perro Adulto Master Dog Huesitos 65 g,Desayuno y Snacks,Snacks,Mascotas,Alimento Perros,Alta,Producto de mascotas fuera de Mascotas,mover_categoria
20207,Snack Perro Doguitos Bife de Chorizo 45 g,Desayuno y Snacks,Snacks,Mascotas,Alimento Perros,Alta,Producto de mascotas fuera de Mascotas,mover_categoria
20208,Snack Perro Doguitos Churrasco 65 g,Desayuno y Snacks,Snacks,Mascotas,Alimento Perros,Alta,Producto de mascotas fuera de Mascotas,mover_categoria
20214,Snack Perro Bil-Jac Pollo 113 g,Desayuno y Snacks,Snacks,Mascotas,Alimento Perros,Alta,Producto de mascotas fuera de Mascotas,mover_categoria
20215,Snack Perro Fémur de Cerdo 260 g,Desayuno y Snacks,Snacks,Mascotas,Alimento Perros,Alta,Producto de mascotas fuera de Mascotas,mover_categoria
20216,Snack Perro Drag Pharma 3 un.,Desayuno y Snacks,Snacks,Mascotas,Alimento Perros,Alta,Producto de mascotas fuera de Mascotas,mover_categoria
20217,Snack Gato Kiboo Pets Premium Corazón Pollo/Espinaca 65 g,Desayuno y Snacks,Snacks,Mascotas,Alimento Gatos,Alta,Producto de mascotas fuera de Mascotas,mover_categoria
20218,Snack Perro Kiboo Pets Premium Galleta Envuelta,Desayuno y Snacks,Snacks,Mascotas,Alimento Perros,Alta,Producto de mascotas fuera de Mascotas,mover_categoria
20219,Snack Perro Kiboo Pets Charqui Pechuga de Pato,Desayuno y Snacks,Snacks,Mascotas,Alimento Perros,Alta,Producto de mascotas fuera de Mascotas,mover_categoria
20222,Snack Perro Kiboo Pets Premium Kiwi Envuelto En Pollo,Desayuno y Snacks,Snacks,Mascotas,Alimento Perros,Alta,Producto de mascotas fuera de Mascotas,mover_categoria
20223,Snack Perro Churu Pollo y Queso 56 g,Desayuno y Snacks,Snacks,Mascotas,Alimento Perros,Alta,Producto de mascotas fuera de Mascotas,mover_categoria
20224,Snack Perro Naturalistic Meat Duck Drumstick 90 g,Desayuno y Snacks,Snacks,Mascotas,Alimento Perros,Alta,Producto de mascotas fuera de Mascotas,mover_categoria
20225,Snack Gato Vitakraft Yums Queso 40 g,Desayuno y Snacks,Snacks,Mascotas,Alimento Gatos,Alta,Producto de mascotas fuera de Mascotas,mover_categoria
20226,Snack Perro Adulto Pedigree Dentastix Razas Medianas 7 un.,Desayuno y Snacks,Snacks,Mascotas,Alimento Perros,Alta,Producto de mascotas fuera de Mascotas,mover_categoria
20227,Snack Perro Kiboo Pets Trozos de Salmón 100 g,Desayuno y Snacks,Snacks,Mascotas,Alimento Perros,Alta,Producto de mascotas fuera de Mascotas,mover_categoria
20228,Snack Perro Kiboo Pets Costillas Triple 100 g,Desayuno y Snacks,Snacks,Mascotas,Alimento Perros,Alta,Producto de mascotas fuera de Mascotas,mover_categoria
20229,Snack Perro Goofy Flexi Sticks Pollo y Salmón 60 g,Desayuno y Snacks,Snacks,Mascotas,Alimento Perros,Alta,Producto de mascotas fuera de Mascotas,mover_categoria
20230,Snack Perro Adulto Pedigree Dentastix Razas Medianas 3 un.,Desayuno y Snacks,Snacks,Mascotas,Alimento Perros,Alta,Producto de mascotas fuera de Mascotas,mover_categoria
20231,Snack Gato Stay Happy Premium Salmón 80 g,Desayuno y Snacks,Snacks,Mascotas,Alimento Gatos,Alta,Producto de mascotas fuera de Mascotas,mover_categoria
20235,Snack Perro Profine Pato 200 g,Desayuno y Snacks,Snacks,Mascotas,Alimento Perros,Alta,Producto de mascotas fuera de Mascotas,mover_categoria
20236,Snack Perro Profine Pollo 200 g,Desayuno y Snacks,Snacks,Mascotas,Alimento Perros,Alta,Producto de mascotas fuera de Mascotas,mover_categoria
20237,Snack Perro Profine Pavo 200 g,Desayuno y Snacks,Snacks,Mascotas,Alimento Perros,Alta,Producto de mascotas fuera de Mascotas,mover_categoria
20238,Snack Perro Profine Salmón 200 g,Desayuno y Snacks,Snacks,Mascotas,Alimento Perros,Alta,Producto de mascotas fuera de Mascotas,mover_categoria
20239,Snack Gato Profine Turkey 50 g,Desayuno y Snacks,Snacks,Mascotas,Alimento Gatos,Alta,Producto de mascotas fuera de Mascotas,mover_categoria
20240,Snack Gato Profine Tuna 50 g,Desayuno y Snacks,Snacks,Mascotas,Alimento Gatos,Alta,Producto de mascotas fuera de Mascotas,mover_categoria
20241,Snack Gato Profine Duck 50 g,Desayuno y Snacks,Snacks,Mascotas,Alimento Gatos,Alta,Producto de mascotas fuera de Mascotas,mover_categoria
20242,Snack Perro Hueso Goofy Deli-Dog Masticable 50 g,Desayuno y Snacks,Snacks,Mascotas,Alimento Perros,Alta,Producto de mascotas fuera de Mascotas,mover_categoria
20243,Snack Gato Champion Cat Filets Atún 25 g,Desayuno y Snacks,Snacks,Mascotas,Alimento Gatos,Alta,Producto de mascotas fuera de Mascotas,mover_categoria
20244,Snack Gato Champion Cat Filets Pollo 25 g,Desayuno y Snacks,Snacks,Mascotas,Alimento Gatos,Alta,Producto de mascotas fuera de Mascotas,mover_categoria
20245,Snack Perro Stay Happy Premium Salmón 80 g,Desayuno y Snacks,Snacks,Mascotas,Alimento Perros,Alta,Producto de mascotas fuera de Mascotas,mover_categoria
20246,Snack Perro Kiboo Pets Rolls de Pollo y Queso 100 g,Desayuno y Snacks,Snacks,Mascotas,Alimento Perros,Alta,Producto de mascotas fuera de Mascotas,mover_categoria
20247,Snack Perro Kiboo Pets Mini Huesos Calcio con Pato 100 g,Desayuno y Snacks,Snacks,Mascotas,Alimento Perros,Alta,Producto de mascotas fuera de Mascotas,mover_categoria
20248,Snack Perro Stay Happy Premium Pollo 80 g,Desayuno y Snacks,Snacks,Mascotas,Alimento Perros,Alta,Producto de mascotas fuera de Mascotas,mover_categoria
20249,Snack Perro Kiboo Pets Cordero Arándano 100 g,Desayuno y Snacks,Snacks,Mascotas,Alimento Perros,Alta,Producto de mascotas fuera de Mascotas,mover_categoria
20254,Snack Perro Adulto Dog Chow Minis y Pequeños 45 g,Desayuno y Snacks,Snacks,Mascotas,Alimento Perros,Alta,Producto de mascotas fuera de Mascotas,mover_categoria
20255,Snack Perro Vitakraft Beef Burger 18 g,Desayuno y Snacks,Snacks,Mascotas,Alimento Perros,Alta,Producto de mascotas fuera de Mascotas,mover_categoria
20256,Snack Líquido Gato Fancy Feast Purée Kiss Atún 40 g,Desayuno y Snacks,Snacks,Mascotas,Alimento Gatos,Alta,Producto de mascotas fuera de Mascotas,mover_categoria
20257,Snack Líquido Gato Fancy Feast Purée Kiss Pollo 40 g,Desayuno y Snacks,Snacks,Mascotas,Alimento Gatos,Alta,Producto de mascotas fuera de Mascotas,mover_categoria
20258,Snack Líquido Gato Fancy Feast Purée Kiss Salmón 40 g,Desayuno y Snacks,Snacks,Mascotas,Alimento Gatos,Alta,Producto de mascotas fuera de Mascotas,mover_categoria
20259,Snack Perro Vitakraft Beef Stick Mineral Jr 12 g,Desayuno y Snacks,Snacks,Mascotas,Alimento Perros,Alta,Producto de mascotas fuera de Mascotas,mover_categoria
20260,Snack Perro Adulto Dog Chow Salud Oral Medianos 80 g,Desayuno y Snacks,Snacks,Mascotas,Alimento Perros,Alta,Producto de mascotas fuera de Mascotas,mover_categoria
20261,Snack Perro DreamBone Dental Chicken Mini 8 un.,Desayuno y Snacks,Snacks,Mascotas,Alimento Perros,Alta,Producto de mascotas fuera de Mascotas,mover_categoria
20262,Snack Dental Perro DreamBone Pollo 5 un.,Desayuno y Snacks,Snacks,Mascotas,Alimento Perros,Alta,Producto de mascotas fuera de Mascotas,mover_categoria
20263,Snack Perro DreamSticks Chicken 2 un.,Desayuno y Snacks,Snacks,Mascotas,Alimento Perros,Alta,Producto de mascotas fuera de Mascotas,mover_categoria
20264,Snack Dental Perro DreamBone Pollo 2 un.,Desayuno y Snacks,Snacks,Mascotas,Alimento Perros,Alta,Producto de mascotas fuera de Mascotas,mover_categoria
20265,Snack Perro DreamBone Chicken Small 1 un.,Desayuno y Snacks,Snacks,Mascotas,Alimento Perros,Alta,Producto de mascotas fuera de Mascotas,mover_categoria
20275,Snack Perro Master Dog Halloween Calabaza 45 g,Desayuno y Snacks,Snacks,Mascotas,Alimento Perros,Alta,Producto de mascotas fuera de Mascotas,mover_categoria
20277,Snack Perro Swesi Libre de Grano Frutilla y Cúrcuma 330 g,Desayuno y Snacks,Snacks,Mascotas,Alimento Perros,Alta,Producto de mascotas fuera de Mascotas,mover_categoria
20278,Snack Perro Bil-Jac Smart Low Fat 113 g,Desayuno y Snacks,Snacks,Mascotas,Alimento Perros,Alta,Producto de mascotas fuera de Mascotas,mover_categoria
20279,Snack Perro Bil-Jac Smart Jacs Skin & Coat 113 g,Desayuno y Snacks,Snacks,Mascotas,Alimento Perros,Alta,Producto de mascotas fuera de Mascotas,mover_categoria
20281,Caja 15 un. Snack Perro Doguitos Tira de Asado 65 g,Desayuno y Snacks,Snacks,Mascotas,Alimento Perros,Alta,Producto de mascotas fuera de Mascotas,mover_categoria
20284,Snack Perro Adulto Pedigree Rodeo Pollo 4 un. 70 g,Desayuno y Snacks,Snacks,Mascotas,Alimento Perros,Alta,Producto de mascotas fuera de Mascotas,mover_categoria
20285,Snack Perro Champion Dog Delicias Pollo & Salmón 56 g,Desayuno y Snacks,Snacks,Mascotas,Alimento Perros,Alta,Producto de mascotas fuera de Mascotas,mover_categoria
20287,Snack Perro Indómito Frambuesa 180 g,Desayuno y Snacks,Snacks,Mascotas,Alimento Perros,Alta,Producto de mascotas fuera de Mascotas,mover_categoria
20288,Snack Perro Indómito Arándano Antioxidante 180 g,Desayuno y Snacks,Snacks,Mascotas,Alimento Perros,Alta,Producto de mascotas fuera de Mascotas,mover_categoria
20289,Snack Perro Champion Dog Delicias Pollo 56 g,Desayuno y Snacks,Snacks,Mascotas,Alimento Perros,Alta,Producto de mascotas fuera de Mascotas,mover_categoria
20290,Snack Perro Champion Dog Delicias Pollo & Queso 56 g,Desayuno y Snacks,Snacks,Mascotas,Alimento Perros,Alta,Producto de mascotas fuera de Mascotas,mover_categoria
20291,Snack Perro Adulto Pedigree Jumbone Medianos y Grandes 100 g,Desayuno y Snacks,Snacks,Mascotas,Alimento Perros,Alta,Producto de mascotas fuera de Mascotas,mover_categoria
20292,Snack Perro Indómito Manzana Jengibre Probiótico 180 g,Desayuno y Snacks,Snacks,Mascotas,Alimento Perros,Alta,Producto de mascotas fuera de Mascotas,mover_categoria
20293,Snack Perro Dog Chow Cachorro 300 g,Desayuno y Snacks,Snacks,Mascotas,Alimento Perros,Alta,Producto de mascotas fuera de Mascotas,mover_categoria
20294,Snack Perro Master Dog Entraña 45 g,Desayuno y Snacks,Snacks,Mascotas,Alimento Perros,Alta,Producto de mascotas fuera de Mascotas,mover_categoria
20295,Snack Perro Dog Chow Adulto Pollo Mediano Grandes 500 g,Desayuno y Snacks,Snacks,Mascotas,Alimento Perros,Alta,Producto de mascotas fuera de Mascotas,mover_categoria
20296,Snack Gato Master Cat Salmón a la Parrilla 45 g,Desayuno y Snacks,Snacks,Mascotas,Alimento Gatos,Alta,Producto de mascotas fuera de Mascotas,mover_categoria
20297,Snack Perro Master Dog Lomo Vetado 45 g,Desayuno y Snacks,Snacks,Mascotas,Alimento Perros,Alta,Producto de mascotas fuera de Mascotas,mover_categoria
20298,Snack Perro Dingo Kabobs 2 un.,Desayuno y Snacks,Snacks,Mascotas,Alimento Perros,Alta,Producto de mascotas fuera de Mascotas,mover_categoria
20299,Snack Perro Dingo Wings 2 un.,Desayuno y Snacks,Snacks,Mascotas,Alimento Perros,Alta,Producto de mascotas fuera de Mascotas,mover_categoria
20300,Snack Perro Meat Balls de Pato 80 g,Desayuno y Snacks,Snacks,Mascotas,Alimento Perros,Alta,Producto de mascotas fuera de Mascotas,mover_categoria
20673,Bebida Isotónica Gatorade Blue 1 L,Bebidas,Bebidas,Mascotas,Alimento Gatos,Alta,Producto de mascotas fuera de Mascotas,mover_categoria
20696,Bebida Hidratante Gatorlyte Frutilla Kiwi 620 cc,Bebidas,Bebidas,Mascotas,Alimento Gatos,Alta,Producto de mascotas fuera de Mascotas,mover_categoria
20707,Bebida Isotónica Gatorade Frutas Tropicales 1 L,Bebidas,Bebidas,Mascotas,Alimento Gatos,Alta,Producto de mascotas fuera de Mascotas,mover_categoria
20717,Bebida Hidratante Gatorlyte Uva 620 cc,Bebidas,Bebidas,Mascotas,Alimento Gatos,Alta,Producto de mascotas fuera de Mascotas,mover_categoria
20730,Bebida Isotónica Gatorade Blue Berry Zero 1 L,Bebidas,Bebidas,Mascotas,Alimento Gatos,Alta,Producto de mascotas fuera de Mascotas,mover_categoria
20758,Bebida Isotónica Gatorade Naranja 1 L,Bebidas,Bebidas,Mascotas,Alimento Gatos,Alta,Producto de mascotas fuera de Mascotas,mover_categoria
20760,Bebida Isotónica Gatorade Cool Blue 750 ml,Bebidas,Bebidas,Mascotas,Alimento Gatos,Alta,Producto de mascotas fuera de Mascotas,mover_categoria
20762,Bebida Isotónica Gatorade Maracuyá 1 L,Bebidas,Bebidas,Mascotas,Alimento Gatos,Alta,Producto de mascotas fuera de Mascotas,mover_categoria
20781,Bebida Isotónica Gatorade Frutas Tropicales 500 cc,Bebidas,Bebidas,Mascotas,Alimento Gatos,Alta,Producto de mascotas fuera de Mascotas,mover_categoria
20787,Bebida Isotónica Gatorade Naranja 500 cc,Bebidas,Bebidas,Mascotas,Alimento Gatos,Alta,Producto de mascotas fuera de Mascotas,mover_categoria
20788,Bebida Isotónica Gatorade Limón 1 L,Bebidas,Bebidas,Mascotas,Alimento Gatos,Alta,Producto de mascotas fuera de Mascotas,mover_categoria
20790,Bebida Isotónica Gatorade Cool Blue 500 cc,Bebidas,Bebidas,Mascotas,Alimento Gatos,Alta,Producto de mascotas fuera de Mascotas,mover_categoria
20797,Bebida Isotónica Gatorade Frutas Tropicales Tapa Deportiva 750 cc,Bebidas,Bebidas,Mascotas,Alimento Gatos,Alta,Producto de mascotas fuera de Mascotas,mover_categoria
20813,Bebida Isotónica Gatorade Naranja Zero 1 L,Bebidas,Bebidas,Mascotas,Alimento Gatos,Alta,Producto de mascotas fuera de Mascotas,mover_categoria
20830,Bebida Isotónica Gatorade Pink Berry Zero 1 L,Bebidas,Bebidas,Mascotas,Alimento Gatos,Alta,Producto de mascotas fuera de Mascotas,mover_categoria
20842,Pack 3 un. Bebida Isotónica Gatorade 750 cc + Caramayola 1 un.,Bebidas,Bebidas,Mascotas,Alimento Gatos,Alta,Producto de mascotas fuera de Mascotas,mover_categoria
20847,Bebida Suero Gatorlit Uva 591 cc,Bebidas,Bebidas,Mascotas,Alimento Gatos,Alta,Producto de mascotas fuera de Mascotas,mover_categoria
20852,Bebida Suero Gatorlit Frutilla Kiwi 591 cc,Bebidas,Bebidas,Mascotas,Alimento Gatos,Alta,Producto de mascotas fuera de Mascotas,mover_categoria
21196,Bebida Isotónica Gatorade Naranja Zero 500 ml,Bebidas,Bebidas,Mascotas,Alimento Gatos,Alta,Producto de mascotas fuera de Mascotas,mover_categoria
21294,Bebida Isotónica Gatorade Manzana 1 L,Bebidas,Bebidas,Mascotas,Alimento Gatos,Alta,Producto de mascotas fuera de Mascotas,mover_categoria
21295,Pack 6 un. Bebida Isotónica Gatorade Manzana 500 ml,Bebidas,Bebidas,Mascotas,Alimento Gatos,Alta,Producto de mascotas fuera de Mascotas,mover_categoria
21296,Bebida Isotónica Gatorade Naranja 750 cc,Bebidas,Bebidas,Mascotas,Alimento Gatos,Alta,Producto de mascotas fuera de Mascotas,mover_categoria
21298,Pack 6 un. Bebida Isotónica Gatorade Lima Limón 500 ml,Bebidas,Bebidas,Mascotas,Alimento Gatos,Alta,Producto de mascotas fuera de Mascotas,mover_categoria
21308,Bebida Isotónica Gatorade Lima Limón 1 L,Bebidas,Bebidas,Mascotas,Alimento Gatos,Alta,Producto de mascotas fuera de Mascotas,mover_categoria
23050,Vino Gato Cabernet Sauvignon 500 cc,Bebidas,Vinos,Mascotas,Alimento Gatos,Alta,Producto de mascotas fuera de Mascotas,mover_categoria
23122,Cóctel Vino Gato Dulce Borgoña  9° 350 cc,Bebidas,Vinos,Mascotas,Alimento Gatos,Alta,Producto de mascotas fuera de Mascotas,mover_categoria
23252,Cóctel de Vino Gato Selección Dulce Borgoña Frutilla 750 cc,Bebidas,Vinos,Mascotas,Alimento Gatos,Alta,Producto de mascotas fuera de Mascotas,mover_categoria
23265,Vino Gato Merlot 1.5 L,Bebidas,Vinos,Mascotas,Alimento Gatos,Alta,Producto de mascotas fuera de Mascotas,mover_categoria
23272,Cóctel de Vino Gato Selección Dulce Tinto 750 cc,Bebidas,Vinos,Mascotas,Alimento Gatos,Alta,Producto de mascotas fuera de Mascotas,mover_categoria
23319,Vino Gato Cabernet Sauvignon 700 cc,Bebidas,Vinos,Mascotas,Alimento Gatos,Alta,Producto de mascotas fuera de Mascotas,mover_categoria
23331,Vino Gato Merlot 700 cc,Bebidas,Vinos,Mascotas,Alimento Gatos,Alta,Producto de mascotas fuera de Mascotas,mover_categoria
23340,Cóctel Vino Gato Dulce Tinto  9° 350 cc,Bebidas,Vinos,Mascotas,Alimento Gatos,Alta,Producto de mascotas fuera de Mascotas,mover_categoria
23381,Vino Gato Cabernet Sauvignon Caja 1 L,Bebidas,Vinos,Mascotas,Alimento Gatos,Alta,Producto de mascotas fuera de Mascotas,mover_categoria
23404,Cóctel de Vino Gato Selección Dulce Chocolate 750 cc,Bebidas,Vinos,Mascotas,Alimento Gatos,Alta,Producto de mascotas fuera de Mascotas,mover_categoria
23408,Cóctel de Vino Gato Selección Dulce Borgoña Frutilla 1500 cc,Bebidas,Vinos,Mascotas,Alimento Gatos,Alta,Producto de mascotas fuera de Mascotas,mover_categoria
23416,Cóctel de Vino Gato 750 cc,Bebidas,Vinos,Mascotas,Alimento Gatos,Alta,Producto de mascotas fuera de Mascotas,mover_categoria
23435,Cóctel Vino Gas Gato Dulce Rosé  9° 350 cc,Bebidas,Vinos,Mascotas,Alimento Gatos,Alta,Producto de mascotas fuera de Mascotas,mover_categoria
23437,Vino Blanco Gato Caja 500 cc,Bebidas,Vinos,Mascotas,Alimento Gatos,Alta,Producto de mascotas fuera de Mascotas,mover_categoria
23450,Vino Blanco Gato Caja 1 L,Bebidas,Vinos,Mascotas,Alimento Gatos,Alta,Producto de mascotas fuera de Mascotas,mover_categoria
23600,Vino Gato Premium Carmenere 750 cc,Bebidas,Vinos,Mascotas,Alimento Gatos,Alta,Producto de mascotas fuera de Mascotas,mover_categoria
23607,Vino Gato Cabernet Sauvignon Caja 2 L,Bebidas,Vinos,Mascotas,Alimento Gatos,Alta,Producto de mascotas fuera de Mascotas,mover_categoria
23626,Vino Gato Cabernet Sauvignon 1.5 L,Bebidas,Vinos,Mascotas,Alimento Gatos,Alta,Producto de mascotas fuera de Mascotas,mover_categoria
23639,Vino Gato Premium Merlot 750 cc,Bebidas,Vinos,Mascotas,Alimento Gatos,Alta,Producto de mascotas fuera de Mascotas,mover_categoria
23652,Vino Gato Carmenere 700 cc,Bebidas,Vinos,Mascotas,Alimento Gatos,Alta,Producto de mascotas fuera de Mascotas,mover_categoria
23700,Vino Gato Carmenere 1.5 L,Bebidas,Vinos,Mascotas,Alimento Gatos,Alta,Producto de mascotas fuera de Mascotas,mover_categoria
23774,Vino Gato Merlot Caja 2 L,Bebidas,Vinos,Mascotas,Alimento Gatos,Alta,Producto de mascotas fuera de Mascotas,mover_categoria
23776,Vino Gato Premium Cabernet Sauvignon 750 cc,Bebidas,Vinos,Mascotas,Alimento Gatos,Alta,Producto de mascotas fuera de Mascotas,mover_categoria
23949,Vino Torres Purgatori Ensamblaje 750 cc,Bebidas,Vinos,Mascotas,Alimento Gatos,Alta,Producto de mascotas fuera de Mascotas,mover_categoria
23996,Cóctel de Vino Gato Selección Dulce Rosé 1.5 L,Bebidas,Vinos,Mascotas,Alimento Gatos,Alta,Producto de mascotas fuera de Mascotas,mover_categoria
24001,Cóctel de Vino Gato Selección Dulce Tinto 1.5 L,Bebidas,Vinos,Mascotas,Alimento Gatos,Alta,Producto de mascotas fuera de Mascotas,mover_categoria
24002,Cóctel de Vino Gato Selección Dulce Navegado 1.5 L,Bebidas,Vinos,Mascotas,Alimento Gatos,Alta,Producto de mascotas fuera de Mascotas,mover_categoria
24005,Cóctel de Vino Gato Selección Dulce Chocolate 1.5 L,Bebidas,Vinos,Mascotas,Alimento Gatos,Alta,Producto de mascotas fuera de Mascotas,mover_categoria
24006,Cóctel de Vino Gato Selección Dulce Chirimoya 750 cc,Bebidas,Vinos,Mascotas,Alimento Gatos,Alta,Producto de mascotas fuera de Mascotas,mover_categoria
24007,Cóctel de Vino Gato Selección Dulce Chirimoya 1500 cc,Bebidas,Vinos,Mascotas,Alimento Gatos,Alta,Producto de mascotas fuera de Mascotas,mover_categoria
24008,Cóctel de Vino Gato Selección Dulce Blanco 750 cc,Bebidas,Vinos,Mascotas,Alimento Gatos,Alta,Producto de mascotas fuera de Mascotas,mover_categoria
24015,Cóctel de Vino Gato Selección Dulce Blanco 1.5 L,Bebidas,Vinos,Mascotas,Alimento Gatos,Alta,Producto de mascotas fuera de Mascotas,mover_categoria
24065,Vino Gato Premium Sauvignon Blanc 750 cc,Bebidas,Vinos,Mascotas,Alimento Gatos,Alta,Producto de mascotas fuera de Mascotas,mover_categoria
24169,Vino Blanco Gato 1.5 L,Bebidas,Vinos,Mascotas,Alimento Gatos,Alta,Producto de mascotas fuera de Mascotas,mover_categoria
24188,Vino Blanco Gato Caja 2 L,Bebidas,Vinos,Mascotas,Alimento Gatos,Alta,Producto de mascotas fuera de Mascotas,mover_categoria
24247,Vino Gato Cabernet Sauvignon Caja 1.5 L,Bebidas,Vinos,Mascotas,Alimento Gatos,Alta,Producto de mascotas fuera de Mascotas,mover_categoria
24503,Vino Blanco Gato 700 cc,Bebidas,Vinos,Mascotas,Alimento Gatos,Alta,Producto de mascotas fuera de Mascotas,mover_categoria
24660,Pan Cristalino con Cerveza Europastry 196 g,Panaderia,Pan,Bebidas,Cervezas,Media,Bebida fuera de Bebidas,revisar_y_mover
25419,Pack Trapero Húmedo Home Care 2 un.,Limpieza,Limpiadores,Mascotas,Alimento Perros,Alta,Producto de mascotas fuera de Mascotas,mover_categoria
25681,Limpiador Orina Pet Traper 500 ml,Limpieza,Limpiadores,Mascotas,Alimento Perros,Alta,Producto de mascotas fuera de Mascotas,mover_categoria
25730,Trapero Húmedo Virutex Compostable 8 un.,Limpieza,Limpiadores,Mascotas,Alimento Perros,Alta,Producto de mascotas fuera de Mascotas,mover_categoria
26362,Shampoo Perro Pet's Fun en Seco 100 g,Mascotas,Alimento Perros,Higiene Personal,Shampoo,Media,Producto de higiene personal fuera de Higiene Personal,revisar_y_mover
26393,Shampoo Perro Pet's Fun Pelaje Blanco 290 cc,Mascotas,Alimento Perros,Higiene Personal,Shampoo,Media,Producto de higiene personal fuera de Higiene Personal,revisar_y_mover
26400,Shampoo Perro Pet's Fun Desenredante 290 cc,Mascotas,Alimento Perros,Higiene Personal,Shampoo,Media,Producto de higiene personal fuera de Higiene Personal,revisar_y_mover
26408,Shampoo Perro Pet's Fun Hipoalergénico 290 cc,Mascotas,Alimento Perros,Higiene Personal,Shampoo,Media,Producto de higiene personal fuera de Higiene Personal,revisar_y_mover
26465,Shampoo Acondicionador Cachorro Brisa de Algodón 473 ml,Higiene Personal,Shampoo,Mascotas,Alimento Perros,Alta,Producto de mascotas fuera de Mascotas,mover_categoria
26514,Shampoo Perro Canish en Seco 160 g,Mascotas,Alimento Perros,Higiene Personal,Shampoo,Media,Producto de higiene personal fuera de Higiene Personal,revisar_y_mover
26516,Shampoo Gato Tidy En Seco Perfumado 200 g,Mascotas,Alimento Gatos,Higiene Personal,Shampoo,Media,Producto de higiene personal fuera de Higiene Personal,revisar_y_mover
26521,Shampoo Gato Traper Espuma En Seco 170 ml,Mascotas,Alimento Gatos,Higiene Personal,Shampoo,Media,Producto de higiene personal fuera de Higiene Personal,revisar_y_mover
26528,Shampoo Perro Tidy En Seco Perfumado 100 g,Mascotas,Alimento Perros,Higiene Personal,Shampoo,Media,Producto de higiene personal fuera de Higiene Personal,revisar_y_mover
26531,Shampoo Perro Traper Espuma En Seco 170 ml,Mascotas,Alimento Perros,Higiene Personal,Shampoo,Media,Producto de higiene personal fuera de Higiene Personal,revisar_y_mover
26535,Shampoo Perro Canish Hipoalergénico 300 ml,Mascotas,Alimento Perros,Higiene Personal,Shampoo,Media,Producto de higiene personal fuera de Higiene Personal,revisar_y_mover
26536,Shampoo Perro Drag Pharma Antiparasitario 100 ml,Mascotas,Alimento Perros,Higiene Personal,Shampoo,Media,Producto de higiene personal fuera de Higiene Personal,revisar_y_mover
26537,Shampoo Gato Traper Neutro 260 cc,Mascotas,Alimento Gatos,Higiene Personal,Shampoo,Media,Producto de higiene personal fuera de Higiene Personal,revisar_y_mover
26559,Shampoo Perro Adulto Traper Neutro Hipóalergénico 260 cc,Mascotas,Alimento Perros,Higiene Personal,Shampoo,Media,Producto de higiene personal fuera de Higiene Personal,revisar_y_mover
26562,Shampoo y Acondicionador Perro Canish 300 ml,Mascotas,Alimento Perros,Higiene Personal,Acondicionador,Media,Producto de higiene personal fuera de Higiene Personal,revisar_y_mover
26564,Shampoo Perros Eco Traper Pieles Sensibles 250 ml,Mascotas,Alimento Perros,Higiene Personal,Shampoo,Media,Producto de higiene personal fuera de Higiene Personal,revisar_y_mover
26565,Shampoo Perro Canish 390 ml,Mascotas,Alimento Perros,Higiene Personal,Shampoo,Media,Producto de higiene personal fuera de Higiene Personal,revisar_y_mover
26568,Shampoo Perro Adulto Traper Aloe Piel Sensible 260 cc,Mascotas,Alimento Perros,Higiene Personal,Shampoo,Media,Producto de higiene personal fuera de Higiene Personal,revisar_y_mover
26569,Shampoo Perro Traper Extra Brillo y Suavidad 260 ml,Mascotas,Alimento Perros,Higiene Personal,Shampoo,Media,Producto de higiene personal fuera de Higiene Personal,revisar_y_mover
26571,Shampoo Perro Adulto Traper Manzanilla 260 cc,Mascotas,Alimento Perros,Higiene Personal,Shampoo,Media,Producto de higiene personal fuera de Higiene Personal,revisar_y_mover
26572,Shampoo Perro Cachorro Traper Neutro Cereza 260 cc,Mascotas,Alimento Perros,Higiene Personal,Shampoo,Media,Producto de higiene personal fuera de Higiene Personal,revisar_y_mover
26573,Shampoo Perro Sinpul Antiparasitario 300 cc,Mascotas,Alimento Perros,Higiene Personal,Shampoo,Media,Producto de higiene personal fuera de Higiene Personal,revisar_y_mover
26574,Shampoo Perro Pets & Friends Pelaje Blanco 250 cc,Mascotas,Alimento Perros,Higiene Personal,Shampoo,Media,Producto de higiene personal fuera de Higiene Personal,revisar_y_mover
26575,Shampoo Perro Drag Pharma 360 cc,Mascotas,Alimento Perros,Higiene Personal,Shampoo,Media,Producto de higiene personal fuera de Higiene Personal,revisar_y_mover
26578,Acondicionador Perro Adulto Traper Desenredante 260 cc,Mascotas,Alimento Perros,Higiene Personal,Acondicionador,Media,Producto de higiene personal fuera de Higiene Personal,revisar_y_mover
26579,Acondicionador Perros Traper Cachorro 260 cc,Mascotas,Alimento Perros,Higiene Personal,Acondicionador,Media,Producto de higiene personal fuera de Higiene Personal,revisar_y_mover
26580,Shampoo Perro Pets & Friends 250 cc,Mascotas,Alimento Perros,Higiene Personal,Shampoo,Media,Producto de higiene personal fuera de Higiene Personal,revisar_y_mover
26599,Shampoo Gato Pet's Fun en Seco 100 g,Mascotas,Alimento Gatos,Higiene Personal,Shampoo,Media,Producto de higiene personal fuera de Higiene Personal,revisar_y_mover
26600,Shampoo Perro Pet's Fun en Seco 160 g,Mascotas,Alimento Perros,Higiene Personal,Shampoo,Media,Producto de higiene personal fuera de Higiene Personal,revisar_y_mover
26608,Shampoo Perro Pets & Friends Matico 320 cc,Mascotas,Alimento Perros,Higiene Personal,Shampoo,Media,Producto de higiene personal fuera de Higiene Personal,revisar_y_mover
26609,Shampoo Perro Pets & Friends Cobre 320 cc,Mascotas,Alimento Perros,Higiene Personal,Shampoo,Media,Producto de higiene personal fuera de Higiene Personal,revisar_y_mover
26677,Shampoo Perro Pets & Friends Cachorros 250 cc,Mascotas,Alimento Perros,Higiene Personal,Shampoo,Media,Producto de higiene personal fuera de Higiene Personal,revisar_y_mover
26737,Shampoo Perro Pets & Friends Hipoalergénico 250 ml,Mascotas,Alimento Perros,Higiene Personal,Shampoo,Media,Producto de higiene personal fuera de Higiene Personal,revisar_y_mover
26741,Shampoo Perro Pets & Friends Balsámico 250 ml,Mascotas,Alimento Perros,Higiene Personal,Shampoo,Media,Producto de higiene personal fuera de Higiene Personal,revisar_y_mover
28513,Pasta Dental Colgate Luminous White Lovers Vino 70 g,Higiene Personal,Cuidado Bucal,Bebidas,Vinos,Media,Bebida fuera de Bebidas,revisar_y_mover
28722,Esponja Jabonosa Seca Care Up Vida Activa 10 un.,Bebe,Panales,Higiene Personal,Jabon,Alta,Producto de higiene personal fuera de Higiene Personal,mover_categoria
28982,Toallitas Húmedas Terra Desodorantes 30 Sachets,Bebe,Panales,Higiene Personal,Desodorantes,Alta,Producto de higiene personal fuera de Higiene Personal,mover_categoria
29524,Pack bebida kem piña lata 6 un de 350 ml,Despensa,Azucar,Bebidas,Bebidas,Media,Bebida fuera de Bebidas,revisar_y_mover
29525,Pack bebida limón soda lata 6 un de 350 ml,Despensa,Azucar,Bebidas,Bebidas,Media,Bebida fuera de Bebidas,revisar_y_mover
29527,Alimento perro cachorro master dog carne y leche 15 kg,"Lácteos, Huevos y Congelados",Leche,Mascotas,Alimento Perros,Alta,Producto de mascotas fuera de Mascotas,mover_categoria
29529,Pack bebida láctea chamyto nestlé frutilla 18 un de 80 ml,"Lacteos, Huevos y Congelados",Yogurt,Bebidas,Bebidas,Media,Bebida fuera de Bebidas,revisar_y_mover
29532,Pack bebida bilz lata 6 un de 350 ml,Despensa,Azucar,Bebidas,Bebidas,Media,Bebida fuera de Bebidas,revisar_y_mover
29534,Pack bebida canada dry ginger ale lata 6 un de 350 ml,Despensa,Azucar,Bebidas,Bebidas,Media,Bebida fuera de Bebidas,revisar_y_mover
29535,Pack bebida orange crush lata 6 un de 350 ml,"Lácteos, Huevos y Congelados",Leche,Bebidas,Bebidas,Media,Bebida fuera de Bebidas,revisar_y_mover
29537,Pack bebida canada dry agua tónica lata 6 un de 350 ml,"Lácteos, Huevos y Congelados",Leche,Bebidas,Aguas,Media,Bebida fuera de Bebidas,revisar_y_mover
29549,Bebida isotónica gatorade zero blue berry 1 l,Bebidas,Bebidas,Mascotas,Alimento Gatos,Alta,Producto de mascotas fuera de Mascotas,mover_categoria
29552,Pack bebida coca cola light lata 6 un de 350 ml,Despensa,Azucar,Bebidas,Bebidas,Media,Bebida fuera de Bebidas,revisar_y_mover
29559,Bebida isotónica gatorade cool blue 1 l,Bebidas,Bebidas,Mascotas,Alimento Gatos,Alta,Producto de mascotas fuera de Mascotas,mover_categoria
29841,Jabón líquido ballerina doble humectación yoghurt arándanos doypack 750 ml,"Lacteos, Huevos y Congelados",Yogurt,Higiene Personal,Jabon,Alta,Producto de higiene personal fuera de Higiene Personal,mover_categoria
30084,Alimento perro adulto cachupín carne con arroz 9 kg,Despensa,Arroz,Mascotas,Alimento Perros,Alta,Producto de mascotas fuera de Mascotas,mover_categoria
30096,Shampoo le petit olivier almendras dulces y arroz 250 ml,Despensa,Arroz,Higiene Personal,Shampoo,Alta,Producto de higiene personal fuera de Higiene Personal,mover_categoria
30103,Acondicionador le petit olivier almendras dulces y arroz 200 ml,Despensa,Arroz,Higiene Personal,Acondicionador,Alta,Producto de higiene personal fuera de Higiene Personal,mover_categoria
30187,Desodorante ambiental glade aceites naturales vainilla aparato + repuesto 21 ml,Despensa,Aceite,Higiene Personal,Desodorantes,Alta,Producto de higiene personal fuera de Higiene Personal,mover_categoria
30188,Desodorante ambiental glade aceites naturales mango tropical repuesto 3 un de 21 ml,Despensa,Aceite,Higiene Personal,Desodorantes,Alta,Producto de higiene personal fuera de Higiene Personal,mover_categoria
30189,Desodorante ambiental glade aceites naturales vainilla repuesto 3 un de 21 ml,Despensa,Aceite,Higiene Personal,Desodorantes,Alta,Producto de higiene personal fuera de Higiene Personal,mover_categoria
30190,Desodorante glade aceites naturales manzana y canela aparato 21 ml,Despensa,Aceite,Higiene Personal,Desodorantes,Alta,Producto de higiene personal fuera de Higiene Personal,mover_categoria
30194,Desodorante ambiental glade aceites naturales vainilla repuesto twinpack 21 ml,Despensa,Aceite,Higiene Personal,Desodorantes,Alta,Producto de higiene personal fuera de Higiene Personal,mover_categoria
30196,Sucedáneo jugo de limón traverso 500 ml,Despensa,Aceite,Bebidas,Jugos,Media,Bebida fuera de Bebidas,revisar_y_mover
30197,Sucedáneo jugo de limón traverso 1 l,Despensa,Aceite,Bebidas,Jugos,Media,Bebida fuera de Bebidas,revisar_y_mover
30198,Sucedáneo jugo de limón nuestra cocina botella 500 ml,Despensa,Aceite,Bebidas,Jugos,Media,Bebida fuera de Bebidas,revisar_y_mover
30200,Sucedáneo jugo limón de pica traverso 500 ml,Despensa,Aceite,Bebidas,Jugos,Media,Bebida fuera de Bebidas,revisar_y_mover
30202,Sucedáneo jugo limón de pica nuestra cocina botella 500 ml,Despensa,Aceite,Bebidas,Jugos,Media,Bebida fuera de Bebidas,revisar_y_mover
30237,Vinagre vino blanco traverso 1 l,Despensa,Aceite,Bebidas,Vinos,Media,Bebida fuera de Bebidas,revisar_y_mover
30241,Vinagre traverso vino rosado 1 l,Despensa,Aceite,Bebidas,Vinos,Media,Bebida fuera de Bebidas,revisar_y_mover
30242,Vinagre vino blanco traverso 500 ml,Despensa,Aceite,Bebidas,Vinos,Media,Bebida fuera de Bebidas,revisar_y_mover
30246,Vinagre vino rosado traverso 500 ml,Despensa,Aceite,Bebidas,Vinos,Media,Bebida fuera de Bebidas,revisar_y_mover
30320,Pack bebida coca cola + sprite sin azúcar 2 un 3 l,Despensa,Azucar,Bebidas,Bebidas,Media,Bebida fuera de Bebidas,revisar_y_mover
30323,Pack bebida coca cola + fanta sin azúcar 2 un de 3 l,Despensa,Azucar,Bebidas,Bebidas,Media,Bebida fuera de Bebidas,revisar_y_mover
30331,Pack bebida coca cola + nordic sin azúcar 2 un de 3 l,Despensa,Azucar,Bebidas,Bebidas,Media,Bebida fuera de Bebidas,revisar_y_mover
30350,Cóctel whisky jack daniels y coca cola sin azúcar lata 350 ml,Despensa,Azucar,Bebidas,Bebidas,Media,Bebida fuera de Bebidas,revisar_y_mover
30372,Galletas mckay vino 155 g,Despensa,Azucar,Bebidas,Vinos,Media,Bebida fuera de Bebidas,revisar_y_mover
30391,Pasta rigatoni carozzi 400 g,Despensa,Fideos,Mascotas,Alimento Gatos,Alta,Producto de mascotas fuera de Mascotas,mover_categoria
30561,Bebida isotónica gatorade zero sabor pink berry 1 l,Bebidas,Bebidas,Mascotas,Alimento Gatos,Alta,Producto de mascotas fuera de Mascotas,mover_categoria
30576,Bebida isotónica gatorade naranja 500 ml,Bebidas,Bebidas,Mascotas,Alimento Gatos,Alta,Producto de mascotas fuera de Mascotas,mover_categoria
30593,Bebida isotónica gatorade frutas tropicales 1 l.,Bebidas,Bebidas,Mascotas,Alimento Gatos,Alta,Producto de mascotas fuera de Mascotas,mover_categoria
30614,Bebida isotónica gatorlit sabor uva 620 ml,Bebidas,Bebidas,Mascotas,Alimento Gatos,Alta,Producto de mascotas fuera de Mascotas,mover_categoria
30618,Bebida isotónica gatorade naranja 1 l,Bebidas,Bebidas,Mascotas,Alimento Gatos,Alta,Producto de mascotas fuera de Mascotas,mover_categoria
30619,Bebida isotónica gatorade limón 1 l,Bebidas,Bebidas,Mascotas,Alimento Gatos,Alta,Producto de mascotas fuera de Mascotas,mover_categoria
30622,Bebida isotónica gatorade sabor maracuyá 1 lt,Bebidas,Bebidas,Mascotas,Alimento Gatos,Alta,Producto de mascotas fuera de Mascotas,mover_categoria
30629,Bebida isotónica gatorade cool blue 750 ml,Bebidas,Bebidas,Mascotas,Alimento Gatos,Alta,Producto de mascotas fuera de Mascotas,mover_categoria
30656,Bebida isotónica gatorade frutas tropicales 750 ml,Bebidas,Bebidas,Mascotas,Alimento Gatos,Alta,Producto de mascotas fuera de Mascotas,mover_categoria
30724,Bebida isotónica gatorade cool blue 500 ml,Bebidas,Bebidas,Mascotas,Alimento Gatos,Alta,Producto de mascotas fuera de Mascotas,mover_categoria
30725,Bebida isotónica gatorade frutas tropicales 500 ml,Bebidas,Bebidas,Mascotas,Alimento Gatos,Alta,Producto de mascotas fuera de Mascotas,mover_categoria
30726,Bebida isotónica gatorlit sabor frutilla y kiwi 620 ml,Bebidas,Bebidas,Mascotas,Alimento Gatos,Alta,Producto de mascotas fuera de Mascotas,mover_categoria
