timestamp,source,nombre,categoria,subcategoria,reason,suggested_category,suggested_subcategory,confidence
2026-06-01T22:38:20,scraper_lider,Bebida Leche Láctea Yogu Yogu Chirimoya Caja,"Lacteos, Huevos y Congelados",Leche,bebida_fuera_de_bebidas,Bebidas,Bebidas,Media
2026-06-01T22:38:20,scraper_lider,Saborizante Para Leche Chocolate Tradicional 620 g Milo,"Lacteos, Huevos y Congelados",Leche,bebida_fuera_de_bebidas,Bebidas,Bebidas,Media
2026-06-01T22:38:20,scraper_lider,Leche Con Chocolate Protein Up 330 ml Milo,"Lacteos, Huevos y Congelados",Leche,bebida_fuera_de_bebidas,Bebidas,Bebidas,Media
2026-06-01T22:38:20,scraper_lider,Leche Sabor Chocolate 200 ml Milo,"Lacteos, Huevos y Congelados",Leche,bebida_fuera_de_bebidas,Bebidas,Bebidas,Media
2026-06-01T22:38:20,scraper_lider,Saborizante De Leche Proteína 144 g Milo,"Lacteos, Huevos y Congelados",Leche,bebida_fuera_de_bebidas,Bebidas,Bebidas,Media
2026-06-01T22:38:20,scraper_lider,Saborizante Para Leche Chocolate Bolsa Activgo 1 Kg Milo,"Lacteos, Huevos y Congelados",Leche,bebida_fuera_de_bebidas,Bebidas,Bebidas,Media
2026-06-01T22:38:20,scraper_lider,Bebida Leche Láctea Trencito Chocolate Caja,"Lacteos, Huevos y Congelados",Leche,bebida_fuera_de_bebidas,Bebidas,Bebidas,Media
2026-06-01T22:38:20,scraper_lider,Bebida Leche Láctea Yogu Yogu Damasco Caja,"Lacteos, Huevos y Congelados",Leche,bebida_fuera_de_bebidas,Bebidas,Bebidas,Media
2026-06-01T22:38:20,scraper_lider,Bebida Leche Láctea Yogu Yogu Frutilla Caja,"Lacteos, Huevos y Congelados",Leche,bebida_fuera_de_bebidas,Bebidas,Bebidas,Media
2026-06-01T22:38:20,scraper_lider,Bebida Leche Láctea Yogu Yogu Mora Caja,"Lacteos, Huevos y Congelados",Leche,bebida_fuera_de_bebidas,Bebidas,Bebidas,Media
2026-06-01T22:38:20,scraper_lider,Bebida Leche Láctea Yogu Yogu Piña Caja,"Lacteos, Huevos y Congelados",Leche,bebida_fuera_de_bebidas,Bebidas,Bebidas,Media
2026-06-01T22:38:20,scraper_lider,Saborizante De Leche Tradicional 200 g Milo,"Lacteos, Huevos y Congelados",Leche,bebida_fuera_de_bebidas,Bebidas,Bebidas,Media
2026-06-01T22:38:21,scraper_lider,Bebida Vegetal Notmilk Protein Con 7gr Proteína 750 ml NotCo,"Lacteos, Huevos y Congelados",Leche,bebida_fuera_de_bebidas,Bebidas,Bebidas,Media
2026-06-01T22:38:21,scraper_lider,Bebida Láctea Sin Lactosa Chocolate 200 ml Milo,"Lacteos, Huevos y Congelados",Leche,bebida_fuera_de_bebidas,Bebidas,Bebidas,Media
2026-06-01T22:38:21,scraper_lider,Bebida Vegetal Notmilk Chocolate Tetra Pak 200 ml NotCo,"Lacteos, Huevos y Congelados",Leche,bebida_fuera_de_bebidas,Bebidas,Bebidas,Media
2026-06-01T22:38:22,scraper_lider,Bebida Vegetal Notmilk Original 1 L NotCo,"Lacteos, Huevos y Congelados",Leche,bebida_fuera_de_bebidas,Bebidas,Bebidas,Media
2026-06-01T22:38:22,scraper_lider,Bebida Láctea Sabor Frutilla 200 ml Surlat,"Lacteos, Huevos y Congelados",Leche,bebida_fuera_de_bebidas,Bebidas,Bebidas,Media
2026-06-01T22:38:22,scraper_lider,Bebida Láctea Sabor Chocolate 200 ml Surlat,"Lacteos, Huevos y Congelados",Leche,bebida_fuera_de_bebidas,Bebidas,Bebidas,Media
2026-06-01T22:38:22,scraper_lider,Bebida Láctea Sabor Vainilla 200 ml Surlat,"Lacteos, Huevos y Congelados",Leche,bebida_fuera_de_bebidas,Bebidas,Bebidas,Media
2026-06-01T22:38:22,scraper_lider,Bebida Vegetal Notmilk Zero 1 L NotCo,"Lacteos, Huevos y Congelados",Leche,bebida_fuera_de_bebidas,Bebidas,Bebidas,Media
2026-06-01T22:38:22,scraper_lider,Bebida Vegetal Notmilk Low Fat 1 L NotCo,"Lacteos, Huevos y Congelados",Leche,bebida_fuera_de_bebidas,Bebidas,Bebidas,Media
2026-06-01T22:38:22,scraper_lider,Bebida Vegetal Original 1 L Nature's Heart,"Lacteos, Huevos y Congelados",Leche,bebida_fuera_de_bebidas,Bebidas,Bebidas,Media
2026-06-01T22:38:22,scraper_lider,Acondicionador Equate Leche De Coco,"Lacteos, Huevos y Congelados",Leche,higiene_fuera_de_higiene,Higiene Personal,Acondicionador,Alta
2026-06-01T22:38:23,scraper_lider,Jabón Líquido Simond’s Afrecho Y Leche De Coco,"Lacteos, Huevos y Congelados",Leche,higiene_fuera_de_higiene,Higiene Personal,Jabon,Alta
2026-06-01T22:38:23,scraper_lider,Chocolate Lenguas De Gato Leche 120 g Costa,"Lacteos, Huevos y Congelados",Leche,mascota_fuera_de_mascotas,Mascotas,Alimento Gatos,Alta
2026-06-01T22:38:23,scraper_lider,Shampoo Equate Leche De Coco,"Lacteos, Huevos y Congelados",Leche,higiene_fuera_de_higiene,Higiene Personal,Shampoo,Alta
2026-06-01T22:38:23,scraper_lider,Alimento Seco Gatito Sabor Pollo Y Leche Bolsa 1 kg Felinnes,"Lacteos, Huevos y Congelados",Leche,mascota_fuera_de_mascotas,Mascotas,Alimento Perros,Alta
2026-06-01T22:38:23,scraper_lider,Alimento Húmedo Gatito Sabor Carne Y Leche Pouch 85 g Felinnes,"Lacteos, Huevos y Congelados",Leche,mascota_fuera_de_mascotas,Mascotas,Alimento Perros,Alta
2026-06-01T22:38:23,scraper_lider,Galleta Perro Cachoro Leche g g Pet Food,"Lacteos, Huevos y Congelados",Leche,mascota_fuera_de_mascotas,Mascotas,Alimento Perros,Alta
2026-06-01T22:38:23,scraper_lider,Alimento Seco Gatito Sabor Pollo Y Leche Bolsa 1 kg Master Cat,"Lacteos, Huevos y Congelados",Leche,mascota_fuera_de_mascotas,Mascotas,Alimento Gatos,Alta
2026-06-01T22:38:23,scraper_lider,Alimento Seco Cachorro Raza Pequeña Carne Y Leche Bolsa 3 Kg Master Dog,"Lacteos, Huevos y Congelados",Leche,mascota_fuera_de_mascotas,Mascotas,Alimento Perros,Alta
2026-06-01T22:38:24,scraper_lider,Alimento Seco Cachorro Raza Mediana/grande Sabor Carne Y Leche Bolsa 3 Kg Master Dog,"Lacteos, Huevos y Congelados",Leche,mascota_fuera_de_mascotas,Mascotas,Alimento Perros,Alta
2026-06-01T22:38:24,scraper_lider,Galletas Cachorro Raza Grande Sabor Leche Bolsa 500 g Master Dog,"Lacteos, Huevos y Congelados",Leche,mascota_fuera_de_mascotas,Mascotas,Alimento Perros,Alta
2026-06-01T22:38:24,scraper_lider,Alimento Seco Gatito Sabor Carne Y Leche Bolsa 3 kg Whiskas,"Lacteos, Huevos y Congelados",Leche,mascota_fuera_de_mascotas,Mascotas,Alimento Perros,Alta
2026-06-01T22:38:24,scraper_lider,Alimento Seco Gatito Sabor Carne Y Leche Bolsa 1 Kg Champion Cat,"Lacteos, Huevos y Congelados",Leche,mascota_fuera_de_mascotas,Mascotas,Alimento Gatos,Alta
2026-06-01T22:38:24,scraper_lider,Alimento Seco Gatito Sabor Carne Y Leche Bolsa 1 Kg Whiskas,"Lacteos, Huevos y Congelados",Leche,mascota_fuera_de_mascotas,Mascotas,Alimento Perros,Alta
2026-06-01T22:38:24,scraper_lider,Tónico Rose Care Leche & Tonico Micelar 2 En 1 200 ml Nivea,"Lacteos, Huevos y Congelados",Leche,higiene_fuera_de_higiene,Higiene Personal,Cuidado Facial,Alta
2026-06-01T22:38:24,scraper_lider,"Alimento Para Perros Cachorro Raza Mediana Seco Carne, Pollo, Frutas Y Leche 12 kg Dog Chow","Lacteos, Huevos y Congelados",Leche,mascota_fuera_de_mascotas,Mascotas,Alimento Perros,Alta
2026-06-01T22:38:24,scraper_lider,Saborizante Para Leche Chocolate Bolsa Activgo 1 Kg Milo,"Lacteos, Huevos y Congelados",Huevos,bebida_fuera_de_bebidas,Bebidas,Bebidas,Media
2026-06-01T22:38:24,scraper_lider,Bebida Láctea Probiótico Sabor Frambuesa Multipack Botella 80ml Chamyto,"Lacteos, Huevos y Congelados",Huevos,bebida_fuera_de_bebidas,Bebidas,Bebidas,Media
2026-06-01T22:38:24,scraper_lider,Bebida Láctea Probiótico Sabor Manzana Multipack Botella 80ml Chamyto,"Lacteos, Huevos y Congelados",Huevos,bebida_fuera_de_bebidas,Bebidas,Bebidas,Media
2026-06-01T22:38:24,scraper_lider,Bebida Láctea Probiótico Sabor Frutilla Multipack Botella 80ml Chamyto,"Lacteos, Huevos y Congelados",Huevos,bebida_fuera_de_bebidas,Bebidas,Bebidas,Media
2026-06-01T22:38:25,scraper_lider,Saborizante Para Leche Chocolate Tradicional 620 g Milo,"Lacteos, Huevos y Congelados",Huevos,bebida_fuera_de_bebidas,Bebidas,Bebidas,Media
2026-06-01T22:38:26,scraper_lider,Bebida Vegetal Notmilk Chocolate 1 L NotCo,"Lacteos, Huevos y Congelados",Huevos,bebida_fuera_de_bebidas,Bebidas,Bebidas,Media
2026-06-01T22:38:26,scraper_lider,Leche Con Chocolate Protein Up 330 ml Milo,"Lacteos, Huevos y Congelados",Huevos,bebida_fuera_de_bebidas,Bebidas,Bebidas,Media
2026-06-01T22:38:26,scraper_lider,Bebida Láctea Probiótico Uno Sabor Frutilla Pack 6 Caja 6 Un Soprole,"Lacteos, Huevos y Congelados",Huevos,bebida_fuera_de_bebidas,Bebidas,Bebidas,Media
2026-06-01T22:38:27,scraper_lider,Bebida Leche Láctea Yogu Yogu Chirimoya Caja,"Lacteos, Huevos y Congelados",Huevos,bebida_fuera_de_bebidas,Bebidas,Bebidas,Media
2026-06-01T22:38:27,scraper_lider,Bebida Vegetal De Avellana Sabor Chocolate Caja 1 L Vivicosí,"Lacteos, Huevos y Congelados",Huevos,bebida_fuera_de_bebidas,Bebidas,Bebidas,Media
2026-06-01T22:38:27,scraper_lider,Bebida Láctea Probiótico Defensas Con Bombilla Sabor Multifruta Caja 6 Un Soprole UNO,"Lacteos, Huevos y Congelados",Huevos,bebida_fuera_de_bebidas,Bebidas,Bebidas,Media
2026-06-01T22:38:28,scraper_lider,Bebida Vegetal Notmilk Chocolate Tetra Pak 200 ml NotCo,"Lacteos, Huevos y Congelados",Huevos,bebida_fuera_de_bebidas,Bebidas,Bebidas,Media
2026-06-01T22:38:28,scraper_lider,Desodorante Spray Nivea Black&white Original Masculino Xl Hombre,"Lacteos, Huevos y Congelados",Huevos,higiene_fuera_de_higiene,Higiene Personal,Desodorantes,Alta
2026-06-01T22:38:29,scraper_lider,Bebida Vegetal Almendras Sabor Original 1 L Vilay,"Lacteos, Huevos y Congelados",Huevos,bebida_fuera_de_bebidas,Bebidas,Bebidas,Media
2026-06-01T22:38:30,scraper_lider,Bebida Vegetal Café Caramelo Protein Sin Azúcar 250 ml NotCo,"Lacteos, Huevos y Congelados",Huevos,bebida_fuera_de_bebidas,Bebidas,Bebidas,Media
2026-06-01T22:38:30,scraper_lider,Bebida Vegetal Proteína 1 L Nature's Heart,"Lacteos, Huevos y Congelados",Huevos,bebida_fuera_de_bebidas,Bebidas,Bebidas,Media
2026-06-01T22:38:31,scraper_lider,Yoghurt + Cereal Milo 142 g Nestlé,"Lacteos, Huevos y Congelados",Huevos,bebida_fuera_de_bebidas,Bebidas,Bebidas,Media
2026-06-01T22:38:31,scraper_lider,Salchichón Cerveza Mini Pza 400 g Winter,"Lacteos, Huevos y Congelados",Huevos,bebida_fuera_de_bebidas,Bebidas,Cervezas,Media
2026-06-01T22:38:31,scraper_lider,Leche Sabor Chocolate 200 ml Milo,"Lacteos, Huevos y Congelados",Huevos,bebida_fuera_de_bebidas,Bebidas,Bebidas,Media
2026-06-01T22:38:32,scraper_lider,Bebida Vegetal Notmilk Original 1 L NotCo,"Lacteos, Huevos y Congelados",Huevos,bebida_fuera_de_bebidas,Bebidas,Bebidas,Media
2026-06-01T22:38:33,scraper_lider,Bebida Láctea Probiótico Original Multipack Botella 6 Un x 80 ml Chamyto,"Lacteos, Huevos y Congelados",Huevos,bebida_fuera_de_bebidas,Bebidas,Bebidas,Media
2026-06-01T22:38:33,scraper_lider,Bebida Láctea Probiótico Sabor Multifruta Pack Botella 6 Botellas 90 cc c/u Calán,"Lacteos, Huevos y Congelados",Huevos,bebida_fuera_de_bebidas,Bebidas,Bebidas,Media
2026-06-01T22:38:33,scraper_lider,Saborizante De Leche Proteína 144 g Milo,"Lacteos, Huevos y Congelados",Huevos,bebida_fuera_de_bebidas,Bebidas,Bebidas,Media
2026-06-01T22:38:33,scraper_lider,Bebida Láctea Sabor Frutilla 200 ml Surlat,"Lacteos, Huevos y Congelados",Huevos,bebida_fuera_de_bebidas,Bebidas,Bebidas,Media
2026-06-01T22:38:33,scraper_lider,Bebida Láctea Sabor Chocolate 200 ml Surlat,"Lacteos, Huevos y Congelados",Huevos,bebida_fuera_de_bebidas,Bebidas,Bebidas,Media
2026-06-01T22:38:33,scraper_lider,Bebida Láctea Sabor Vainilla 200 ml Surlat,"Lacteos, Huevos y Congelados",Huevos,bebida_fuera_de_bebidas,Bebidas,Bebidas,Media
2026-06-01T22:38:34,scraper_lider,Bebida Vegetal Soya Natural Caja 1 L Loncoleche,"Lacteos, Huevos y Congelados",Huevos,bebida_fuera_de_bebidas,Bebidas,Bebidas,Media
2026-06-01T22:38:35,scraper_lider,Bebida Leche Láctea Yogu Yogu Damasco Caja,"Lacteos, Huevos y Congelados",Huevos,bebida_fuera_de_bebidas,Bebidas,Bebidas,Media
2026-06-01T22:38:35,scraper_lider,Bebida Leche Láctea Yogu Yogu Frutilla Caja,"Lacteos, Huevos y Congelados",Huevos,bebida_fuera_de_bebidas,Bebidas,Bebidas,Media
2026-06-01T22:38:35,scraper_lider,Bebida Leche Láctea Yogu Yogu Mora Caja,"Lacteos, Huevos y Congelados",Huevos,bebida_fuera_de_bebidas,Bebidas,Bebidas,Media
2026-06-01T22:38:35,scraper_lider,Bebida Leche Láctea Yogu Yogu Piña Caja,"Lacteos, Huevos y Congelados",Huevos,bebida_fuera_de_bebidas,Bebidas,Bebidas,Media
2026-06-01T22:38:35,scraper_lider,Saborizante De Leche Tradicional 200 g Milo,"Lacteos, Huevos y Congelados",Huevos,bebida_fuera_de_bebidas,Bebidas,Bebidas,Media
2026-06-01T22:38:35,scraper_lider,Bebida Láctea Probiótico Uno Sabor Frutilla Pack 12 Caja 80 ml Soprole,"Lacteos, Huevos y Congelados",Huevos,bebida_fuera_de_bebidas,Bebidas,Bebidas,Media
2026-06-01T22:38:36,scraper_lider,Yoghurt Batido Sabor Mora 115 g Yogu Yogu,"Lacteos, Huevos y Congelados",Huevos,bebida_fuera_de_bebidas,Bebidas,Bebidas,Media
2026-06-01T22:38:36,scraper_lider,Yoghurt Batido Sabor Frutilla 115 g Yogu Yogu,"Lacteos, Huevos y Congelados",Huevos,bebida_fuera_de_bebidas,Bebidas,Bebidas,Media
2026-06-01T22:38:36,scraper_lider,Bebida Láctea Sin Lactosa Con Probióticos Sabor Frutilla 320 g Surlat,"Lacteos, Huevos y Congelados",Huevos,bebida_fuera_de_bebidas,Bebidas,Bebidas,Media
2026-06-01T22:38:36,scraper_lider,Bebida Láctea Sin Lactosa Con Probióticos Sabor Manzana. 320 ml Surlat,"Lacteos, Huevos y Congelados",Huevos,bebida_fuera_de_bebidas,Bebidas,Bebidas,Media
2026-06-01T22:38:36,scraper_lider,Bebida De Coco Original 1 L Vilay,"Lacteos, Huevos y Congelados",Huevos,bebida_fuera_de_bebidas,Bebidas,Bebidas,Media
2026-06-01T22:38:36,scraper_lider,Bebida Vegetal Chocolate 1 L Vilay,"Lacteos, Huevos y Congelados",Huevos,bebida_fuera_de_bebidas,Bebidas,Bebidas,Media
2026-06-01T22:38:36,scraper_lider,Bebida Barista Almendra 1 L Orasi,"Lacteos, Huevos y Congelados",Huevos,bebida_fuera_de_bebidas,Bebidas,Bebidas,Media
2026-06-01T22:38:37,scraper_lider,Bebida Láctea Sin Lactosa Chocolate 200 ml Milo,"Lacteos, Huevos y Congelados",Huevos,bebida_fuera_de_bebidas,Bebidas,Bebidas,Media
2026-06-01T22:38:37,scraper_lider,Salchichón Cerveza 250 g Cecinas de León,"Lacteos, Huevos y Congelados",Huevos,bebida_fuera_de_bebidas,Bebidas,Cervezas,Media
2026-06-01T22:38:38,scraper_lider,Bebida De Almendras Sabor Chocolate 1 L Vilay,"Lacteos, Huevos y Congelados",Huevos,bebida_fuera_de_bebidas,Bebidas,Bebidas,Media
2026-06-01T22:38:38,scraper_lider,Bebida De Almendras Sabor Vainilla 1 L Vilay,"Lacteos, Huevos y Congelados",Huevos,bebida_fuera_de_bebidas,Bebidas,Bebidas,Media
2026-06-01T22:38:38,scraper_lider,Bebida Vegetal Arroz Chocolate 1 L Vilay,"Lacteos, Huevos y Congelados",Huevos,bebida_fuera_de_bebidas,Bebidas,Bebidas,Media
2026-06-01T22:38:38,scraper_lider,Bebida Vegetal Sin Azúcar Coco 1 L Vilay,"Lacteos, Huevos y Congelados",Huevos,bebida_fuera_de_bebidas,Bebidas,Bebidas,Media
2026-06-01T22:38:38,scraper_lider,Bebida De Almendras Sabor Original 200 ml Vilay,"Lacteos, Huevos y Congelados",Huevos,bebida_fuera_de_bebidas,Bebidas,Bebidas,Media
2026-06-01T22:38:38,scraper_lider,Bebida De Almendras Sabor Vainilla 200 ml Vilay,"Lacteos, Huevos y Congelados",Huevos,bebida_fuera_de_bebidas,Bebidas,Bebidas,Media
2026-06-01T22:38:38,scraper_lider,Bebida De Arroz Sabor Chocolate 200 ml Vilay,"Lacteos, Huevos y Congelados",Huevos,bebida_fuera_de_bebidas,Bebidas,Bebidas,Media
2026-06-01T22:38:38,scraper_lider,Bebida Vegetal Barista Almendra 1 L Vilay,"Lacteos, Huevos y Congelados",Huevos,bebida_fuera_de_bebidas,Bebidas,Bebidas,Media
2026-06-01T22:38:38,scraper_lider,Bebida Vegetal Notshake Protein Chocolate 250 ml Notco,"Lacteos, Huevos y Congelados",Huevos,bebida_fuera_de_bebidas,Bebidas,Bebidas,Media
2026-06-01T22:38:38,scraper_lider,Bebida Vegetal Barista Soya 1 L Orasi,"Lacteos, Huevos y Congelados",Huevos,bebida_fuera_de_bebidas,Bebidas,Bebidas,Media
2026-06-01T22:38:38,scraper_lider,Bebida Vegetal Almendra Sin Azucar 1 L Orasi,"Lacteos, Huevos y Congelados",Huevos,bebida_fuera_de_bebidas,Bebidas,Bebidas,Media
2026-06-01T22:38:39,scraper_lider,Bebida Vegetal Almendras 6x1 1 L Loncoleche,"Lacteos, Huevos y Congelados",Huevos,bebida_fuera_de_bebidas,Bebidas,Bebidas,Media
2026-06-01T22:38:39,scraper_lider,Bebida Leche Láctea Trencito Chocolate Caja,"Lacteos, Huevos y Congelados",Huevos,bebida_fuera_de_bebidas,Bebidas,Bebidas,Media
2026-06-01T22:38:39,scraper_lider,Bebida Vegetal Almendras Sabor Original Sin Azúcar 1 L Vilay,"Lacteos, Huevos y Congelados",Huevos,bebida_fuera_de_bebidas,Bebidas,Bebidas,Media
2026-06-01T22:38:39,scraper_lider,Bebida Vegetal Almendras Sin Azúcar 946 ml Great Value,"Lacteos, Huevos y Congelados",Huevos,bebida_fuera_de_bebidas,Bebidas,Bebidas,Media
2026-06-01T22:38:40,scraper_lider,Yoghurt Batido Mora Botella 900 g Yogu Yogu,"Lacteos, Huevos y Congelados",Huevos,bebida_fuera_de_bebidas,Bebidas,Bebidas,Media
2026-06-01T22:38:41,scraper_lider,Yoghurt Batido Frutilla Botella 900 g Yogu Yogu,"Lacteos, Huevos y Congelados",Huevos,bebida_fuera_de_bebidas,Bebidas,Bebidas,Media
2026-06-01T22:38:41,scraper_lider,Bebida Vegetal Notmilk Zero 1 L NotCo,"Lacteos, Huevos y Congelados",Huevos,bebida_fuera_de_bebidas,Bebidas,Bebidas,Media
2026-06-01T22:38:41,scraper_lider,Bebida Vegetal Soya 1 L Orasí,"Lacteos, Huevos y Congelados",Huevos,bebida_fuera_de_bebidas,Bebidas,Bebidas,Media
2026-06-01T22:38:41,scraper_lider,Bebida Vegetal Arroz 1 l Orasí,"Lacteos, Huevos y Congelados",Huevos,bebida_fuera_de_bebidas,Bebidas,Bebidas,Media
2026-06-01T22:38:41,scraper_lider,Bebida Láctea Probiótico Uno Sabor Frutilla Pack 12 Botella 80 ml c/u Soprole,"Lacteos, Huevos y Congelados",Huevos,bebida_fuera_de_bebidas,Bebidas,Bebidas,Media
2026-06-01T22:38:41,scraper_lider,Bebida Vegetal Notmilk Low Fat 1 L NotCo,"Lacteos, Huevos y Congelados",Huevos,bebida_fuera_de_bebidas,Bebidas,Bebidas,Media
2026-06-01T22:38:41,scraper_lider,Bebida Láctea Probiótico Uno Multifruta Pack 12 Botella 80 ml c/u Soprole,"Lacteos, Huevos y Congelados",Huevos,bebida_fuera_de_bebidas,Bebidas,Bebidas,Media
2026-06-01T22:38:41,scraper_lider,Bebida Vegetal Original 1 L Nature's Heart,"Lacteos, Huevos y Congelados",Huevos,bebida_fuera_de_bebidas,Bebidas,Bebidas,Media
2026-06-01T22:38:41,scraper_lider,Bebida Láctea Probiótico Sabor Frutilla Pack Botella 6 Botellas 90 cc c/u Calán,"Lacteos, Huevos y Congelados",Huevos,bebida_fuera_de_bebidas,Bebidas,Bebidas,Media
2026-06-01T22:38:43,scraper_lider,Crema Multipropósito Nivea Creme,"Lacteos, Huevos y Congelados",Crema,higiene_fuera_de_higiene,Higiene Personal,Cuidado Facial,Alta
2026-06-01T22:38:43,scraper_lider,Crema Multipropósito Nivea Creme,"Lacteos, Huevos y Congelados",Crema,higiene_fuera_de_higiene,Higiene Personal,Cuidado Facial,Alta
2026-06-01T22:38:43,scraper_lider,Crema Facial Pack Hidratante + Luminosidad 1 Un Petrizzio,"Lacteos, Huevos y Congelados",Crema,higiene_fuera_de_higiene,Higiene Personal,Cuidado Facial,Alta
2026-06-01T22:38:43,scraper_lider,Crema Dove De Tratamiento Reconstrucción + Aminoacidos,"Lacteos, Huevos y Congelados",Crema,higiene_fuera_de_higiene,Higiene Personal,Cuidado Facial,Alta
2026-06-01T22:38:43,scraper_lider,Crema Dove De Tratamiento Hidratación + Hialurónico,"Lacteos, Huevos y Congelados",Crema,higiene_fuera_de_higiene,Higiene Personal,Cuidado Facial,Alta
2026-06-01T22:38:47,scraper_lider,Zanahoria Jugo Bolsa 1 Kg,Frutas y Verduras,Frutas,bebida_fuera_de_bebidas,Bebidas,Jugos,Media
2026-06-01T22:38:49,scraper_lider,Bebida Isotónica Frutas Tropicales Botella 500 ml Gatorade,Frutas y Verduras,Frutas,mascota_fuera_de_mascotas,Mascotas,Alimento Gatos,Alta
2026-06-01T22:38:49,scraper_lider,Néctar Durazno Frutas+vitamin Lata 340 ml Del Valle,Frutas y Verduras,Frutas,bebida_fuera_de_bebidas,Bebidas,Jugos,Media
2026-06-01T22:38:49,scraper_lider,Bebida Isotónica Frutas Tropicales Botella 1 L Gatorade,Frutas y Verduras,Frutas,mascota_fuera_de_mascotas,Mascotas,Alimento Gatos,Alta
2026-06-01T22:38:49,scraper_lider,Bebida Isotónica Frutas Tropicales Botella 750 ml Gatorade,Frutas y Verduras,Frutas,mascota_fuera_de_mascotas,Mascotas,Alimento Gatos,Alta
2026-06-01T22:38:49,scraper_lider,"Alimento Para Perros Cachorro Raza Mediana Seco Carne, Pollo, Frutas Y Leche 12 kg Dog Chow",Frutas y Verduras,Frutas,mascota_fuera_de_mascotas,Mascotas,Alimento Perros,Alta
2026-06-01T22:38:50,scraper_lider,Jugo De Naranja Fruta Natural 300 ml Lider,Frutas y Verduras,Frutas,bebida_fuera_de_bebidas,Bebidas,Jugos,Media
2026-06-01T22:38:50,scraper_lider,Bebida Hidratante Frutos Tropicales Botella 1 L Ironade,Frutas y Verduras,Frutas,bebida_fuera_de_bebidas,Bebidas,Bebidas,Media
2026-06-01T22:38:50,scraper_lider,Agua Saborizada Frutos Rojos Botella 1.5 L Benedictino,Frutas y Verduras,Frutas,bebida_fuera_de_bebidas,Bebidas,Aguas,Media
2026-06-01T22:38:50,scraper_lider,Kombucha Fruta Prensada En Frío Manzana Y Jengibre 475 ml Dr Kombu,Frutas y Verduras,Frutas,bebida_fuera_de_bebidas,Bebidas,Jugos,Media
2026-06-01T22:38:50,scraper_lider,Desodorante Ambiental Aerosol Placer Floral Y Frutos Rojos Lata 360 cc Glade,Frutas y Verduras,Frutas,higiene_fuera_de_higiene,Higiene Personal,Desodorantes,Alta
2026-06-01T22:38:50,scraper_lider,Jugo 100% Fruta Pera Caja 190 ml Vivo,Frutas y Verduras,Frutas,bebida_fuera_de_bebidas,Bebidas,Jugos,Media
2026-06-01T22:38:50,scraper_lider,Desodorante Ambiental Aerosol Frutos Del Sur Gatillo Frasco 250 ml Arom,Frutas y Verduras,Frutas,higiene_fuera_de_higiene,Higiene Personal,Desodorantes,Alta
2026-06-01T22:38:50,scraper_lider,Desinfectante Aerosol Frutos Del Bosque Lata 360 ml Lysoform,Frutas y Verduras,Frutas,limpieza_fuera_de_limpieza,Limpieza,Limpiadores,Alta
2026-06-01T22:38:50,scraper_lider,Bebida Hidratante Frutos Rojos Botella 630 ml Suerox,Frutas y Verduras,Frutas,bebida_fuera_de_bebidas,Bebidas,Bebidas,Media
2026-06-01T22:38:50,scraper_lider,Desodorante Ambiental Aerosol Placer Floral Y Frutos Rojos Lata 255 ml Glade,Frutas y Verduras,Frutas,higiene_fuera_de_higiene,Higiene Personal,Desodorantes,Alta
2026-06-01T22:38:50,scraper_lider,Bebida Energética Sabor Fruta Del Dragón Lata 250 ml Red Bull,Frutas y Verduras,Frutas,bebida_fuera_de_bebidas,Bebidas,Bebidas Energeticas,Media
2026-06-01T22:38:50,scraper_lider,Kombucha Fruta Prensada En Frío Mix Berries 475 ml Dr Kombu,Frutas y Verduras,Frutas,bebida_fuera_de_bebidas,Bebidas,Jugos,Media
2026-06-01T22:38:51,scraper_lider,Desodorante Ambiental Gel En Lata Frutos Silvestres Y Flor De Durazno 70 g Air Wick,Frutas y Verduras,Frutas,higiene_fuera_de_higiene,Higiene Personal,Desodorantes,Alta
2026-06-01T22:38:51,scraper_lider,Jugo Limón 100% Natural Botella 250 ml Traverso,Frutas y Verduras,Frutas,bebida_fuera_de_bebidas,Bebidas,Jugos,Media
2026-06-01T22:38:51,scraper_lider,Jugo Limón Sutil 100% Natural Botella 250 ml Traverso,Frutas y Verduras,Frutas,bebida_fuera_de_bebidas,Bebidas,Jugos,Media
2026-06-01T22:38:52,scraper_lider,Alimento Seco Gatito Sabor Mix De Carnes Bolsa,Carnes y Pescados,Carnes,mascota_fuera_de_mascotas,Mascotas,Alimento Perros,Alta
2026-06-01T22:38:52,scraper_lider,Alimento Seco Cachorro Carne Y Cereales Bolsa 3 Kg Cannes,Carnes y Pescados,Carnes,mascota_fuera_de_mascotas,Mascotas,Alimento Perros,Alta
2026-06-01T22:38:52,scraper_lider,Alimento Húmedo Cachorro Sabor Carne Pouch 85 g Pedigree,Carnes y Pescados,Carnes,mascota_fuera_de_mascotas,Mascotas,Alimento Perros,Alta
2026-06-01T22:38:52,scraper_lider,Alimento Seco Gatito Sabor Carne Y Leche Bolsa 3 kg Whiskas,Carnes y Pescados,Carnes,mascota_fuera_de_mascotas,Mascotas,Alimento Perros,Alta
2026-06-01T22:38:53,scraper_lider,Alimento Seco Cachorro Pollo Y Carne Bolsa 2 Kg Purina One,Carnes y Pescados,Carnes,mascota_fuera_de_mascotas,Mascotas,Alimento Perros,Alta
2026-06-01T22:38:53,scraper_lider,Alimento Seco Gato Adulto Sabor Carne Bolsa 1 Kg Whiskas,Carnes y Pescados,Carnes,mascota_fuera_de_mascotas,Mascotas,Alimento Gatos,Alta
2026-06-01T22:38:53,scraper_lider,Alimento Seco Gatito Sabor Carne Y Leche Bolsa 1 Kg Whiskas,Carnes y Pescados,Carnes,mascota_fuera_de_mascotas,Mascotas,Alimento Perros,Alta
2026-06-01T22:38:53,scraper_lider,Galletas Perro Adulto Sabor Carne Bolsa 500 g Champion Dog,Carnes y Pescados,Carnes,mascota_fuera_de_mascotas,Mascotas,Alimento Perros,Alta
2026-06-01T22:38:53,scraper_lider,Alimento Seco Cachorro Raza Mediana/grande Carne Bolsa 3 Kg Champion Dog,Carnes y Pescados,Carnes,mascota_fuera_de_mascotas,Mascotas,Alimento Perros,Alta
2026-06-01T22:38:53,scraper_lider,Alimento Seco Cachorro Raza Pequeña Carne Bolsa 3 Kg Champion Dog,Carnes y Pescados,Carnes,mascota_fuera_de_mascotas,Mascotas,Alimento Perros,Alta
2026-06-01T22:38:53,scraper_lider,Alimento Húmedo Gatito Sabor Carne Pouch 85 g Felix,Carnes y Pescados,Carnes,mascota_fuera_de_mascotas,Mascotas,Alimento Perros,Alta
2026-06-01T22:38:53,scraper_lider,Alimento Húmedo Gato Adulto Sabor Carne Pouch 85 g Whiskas,Carnes y Pescados,Carnes,mascota_fuera_de_mascotas,Mascotas,Alimento Gatos,Alta
2026-06-01T22:38:53,scraper_lider,Alimento Húmedo Perro Adulto Sabor Carne Pouch 100 g Pedigree,Carnes y Pescados,Carnes,mascota_fuera_de_mascotas,Mascotas,Alimento Perros,Alta
2026-06-01T22:38:53,scraper_lider,Alimento Húmedo Perro Senior Sabor Carne Pouch 100 g Pedigree,Carnes y Pescados,Carnes,mascota_fuera_de_mascotas,Mascotas,Alimento Perros,Alta
2026-06-01T22:38:53,scraper_lider,Alimento Seco Gatito Sabor Carne Bolsa 1 Kg Cat Chow,Carnes y Pescados,Carnes,mascota_fuera_de_mascotas,Mascotas,Alimento Gatos,Alta
2026-06-01T22:38:53,scraper_lider,Alimento Seco Gato Adulto Sabor Carne Bolsa 3 Kg Whiskas,Carnes y Pescados,Carnes,mascota_fuera_de_mascotas,Mascotas,Alimento Gatos,Alta
2026-06-01T22:38:53,scraper_lider,Alimento Seco Perro Adulto Carne Y Arroz Bolsa 15 kg Cachupin,Carnes y Pescados,Carnes,mascota_fuera_de_mascotas,Mascotas,Alimento Perros,Alta
2026-06-01T22:38:53,scraper_lider,Alimento Seco Gato Adulto Sabor Carne Bolsa 3 Kg Master Cat,Carnes y Pescados,Carnes,mascota_fuera_de_mascotas,Mascotas,Alimento Gatos,Alta
2026-06-01T22:38:53,scraper_lider,Galletas Perro Adulto Sabor Carne Bolsa 500 g Master Dog,Carnes y Pescados,Carnes,mascota_fuera_de_mascotas,Mascotas,Alimento Perros,Alta
2026-06-01T22:38:53,scraper_lider,Alimento Seco Perro Adulto Raza Pequeña Carne Y Vegetales Bolsa 8 Kg Pedigree,Carnes y Pescados,Carnes,mascota_fuera_de_mascotas,Mascotas,Alimento Perros,Alta
2026-06-01T22:38:53,scraper_lider,Alimento Húmedo Gatito Soufflé Sabor Carne Pouch 85 g Whiskas,Carnes y Pescados,Carnes,mascota_fuera_de_mascotas,Mascotas,Alimento Perros,Alta
2026-06-01T22:38:53,scraper_lider,Alimento Húmedo Gato Adulto Sabor Carne Pouch 85 g Felix,Carnes y Pescados,Carnes,mascota_fuera_de_mascotas,Mascotas,Alimento Gatos,Alta
2026-06-01T22:38:53,scraper_lider,Alimento Seco Perro Adulto Raza Mediana/grande Carne Y Cereales Bolsa 3 Kg Cannes,Carnes y Pescados,Carnes,mascota_fuera_de_mascotas,Mascotas,Alimento Perros,Alta
2026-06-01T22:38:53,scraper_lider,Alimento Seco Gato Adulto Sabor Carne Bolsa Delimix 1 Kg Cat Chow,Carnes y Pescados,Carnes,mascota_fuera_de_mascotas,Mascotas,Alimento Gatos,Alta
2026-06-01T22:38:53,scraper_lider,Alimento Seco Perro Adulto Raza Pequeña Carne Bolsa 3 Kg Master Dog,Carnes y Pescados,Carnes,mascota_fuera_de_mascotas,Mascotas,Alimento Perros,Alta
2026-06-01T22:38:53,scraper_lider,Alimento Seco Perro Senior Raza Pequeña Carne Bolsa 3 kg Master Dog,Carnes y Pescados,Carnes,mascota_fuera_de_mascotas,Mascotas,Alimento Perros,Alta
2026-06-01T22:38:53,scraper_lider,Alimento Seco Gato Adulto Sabor Carne Bolsa 3 Kg Cat Chow,Carnes y Pescados,Carnes,mascota_fuera_de_mascotas,Mascotas,Alimento Gatos,Alta
2026-06-01T22:38:53,scraper_lider,Alimento Seco Gato Adulto Sabor Carne Bolsa 3 Kg Champion Cat,Carnes y Pescados,Carnes,mascota_fuera_de_mascotas,Mascotas,Alimento Gatos,Alta
2026-06-01T22:38:53,scraper_lider,Snack Perro Beef Stick Carne g Vitakraft,Carnes y Pescados,Carnes,mascota_fuera_de_mascotas,Mascotas,Alimento Perros,Alta
2026-06-01T22:38:53,scraper_lider,Alimento Húmedo Perro Adulto Sabor Carne Y Vegetales Sobre 100 g Champion Dog,Carnes y Pescados,Carnes,mascota_fuera_de_mascotas,Mascotas,Alimento Perros,Alta
2026-06-01T22:38:53,scraper_lider,Alimento Seco Perro Adulto Raza Pequeña Carne Y Pollo Bolsa 8 Kg Dog Chow,Carnes y Pescados,Carnes,mascota_fuera_de_mascotas,Mascotas,Alimento Perros,Alta
2026-06-01T22:38:53,scraper_lider,Alimento Húmedo Perro Adulto Raza Pequeña Sabor Carne Pouch 100 g Pedigree,Carnes y Pescados,Carnes,mascota_fuera_de_mascotas,Mascotas,Alimento Perros,Alta
2026-06-01T22:38:53,scraper_lider,Alimento Seco Perro Adulto Raza Mediana/grande Sabor Carne Bolsa 3 Kg Master Dog,Carnes y Pescados,Carnes,mascota_fuera_de_mascotas,Mascotas,Alimento Perros,Alta
2026-06-01T22:38:53,scraper_lider,Alimento Húmedo Gato Adulto Trocitos Sabor Carne Pouch 85 g Master Cat,Carnes y Pescados,Carnes,mascota_fuera_de_mascotas,Mascotas,Alimento Gatos,Alta
2026-06-01T22:38:53,scraper_lider,Alimento Seco Perro Adulto Raza Pequeña Carne Y Vegetales Bolsa 3 Kg Pedigree,Carnes y Pescados,Carnes,mascota_fuera_de_mascotas,Mascotas,Alimento Perros,Alta
2026-06-01T22:38:53,scraper_lider,Alimento Seco Perro Adulto Raza Pequeña Carne Y Pollo Bolsa 3 Kg Dog Chow,Carnes y Pescados,Carnes,mascota_fuera_de_mascotas,Mascotas,Alimento Perros,Alta
2026-06-01T22:38:53,scraper_lider,Alimento Para Perro Cachorro Bolsa Carne 15 Kg Pedigree,Carnes y Pescados,Carnes,mascota_fuera_de_mascotas,Mascotas,Alimento Perros,Alta
2026-06-01T22:38:53,scraper_lider,Alimento Húmedo Perro Senior Trocitos Sabor Carne Pouch 100 g Master Dog,Carnes y Pescados,Carnes,mascota_fuera_de_mascotas,Mascotas,Alimento Perros,Alta
2026-06-01T22:38:53,scraper_lider,Alimento Húmedo Gato Adulto Super Nutrientes Sabor Carne Pouch 85 g Purina One,Carnes y Pescados,Carnes,mascota_fuera_de_mascotas,Mascotas,Alimento Gatos,Alta
2026-06-01T22:38:53,scraper_lider,Snack Salsa Perro Todas Las Edades Sabor Carne Al Jugo Doypack 300 g Master Dog,Carnes y Pescados,Carnes,mascota_fuera_de_mascotas,Mascotas,Alimento Perros,Alta
2026-06-01T22:38:53,scraper_lider,Alimento Seco Perro Adulto Raza Mediana/grande Carne Y Pollo Bolsa 12 kg Dog Chow,Carnes y Pescados,Carnes,mascota_fuera_de_mascotas,Mascotas,Alimento Perros,Alta
2026-06-01T22:38:53,scraper_lider,Alimento Seco Cachorro Carne Bolsa 3 Kg Pedigree,Carnes y Pescados,Carnes,mascota_fuera_de_mascotas,Mascotas,Alimento Perros,Alta
2026-06-01T22:38:53,scraper_lider,"Alimento Húmedo Perro Adulto Sabor Carne, Pollo Y Cordero Pouch 85 g Purina One",Carnes y Pescados,Carnes,mascota_fuera_de_mascotas,Mascotas,Alimento Perros,Alta
2026-06-01T22:38:53,scraper_lider,"Alimento Para Perros Cachorro Raza Mediana Seco Carne, Pollo, Frutas Y Leche 12 kg Dog Chow",Carnes y Pescados,Carnes,mascota_fuera_de_mascotas,Mascotas,Alimento Perros,Alta
2026-06-01T22:38:53,scraper_lider,Alimento Húmedo Gatito Sabor Carne Pouch 85 g Whiskas,Carnes y Pescados,Carnes,mascota_fuera_de_mascotas,Mascotas,Alimento Perros,Alta
2026-06-01T22:38:53,scraper_lider,Snack Perro Adulto Rodeo Sabor Carne Bolsa 70 g Pedigree,Carnes y Pescados,Carnes,mascota_fuera_de_mascotas,Mascotas,Alimento Perros,Alta
2026-06-01T22:38:53,scraper_lider,"Alimento Seco Perro Senior Carne Bolsa 2,7 kg Champion Dog",Carnes y Pescados,Carnes,mascota_fuera_de_mascotas,Mascotas,Alimento Perros,Alta
2026-06-01T22:38:53,scraper_lider,Alimento Húmedo Gato Adulto Sabor Carne Pouch 85 g Felinnes,Carnes y Pescados,Carnes,mascota_fuera_de_mascotas,Mascotas,Alimento Gatos,Alta
2026-06-01T22:38:53,scraper_lider,Alimento Húmedo Gatito Sabor Carne Y Leche Pouch 85 g Felinnes,Carnes y Pescados,Carnes,mascota_fuera_de_mascotas,Mascotas,Alimento Perros,Alta
2026-06-01T22:38:53,scraper_lider,Alimento Seco Perro Senior Carne Y Vegetales Bolsa 3 Kg Pedigree,Carnes y Pescados,Carnes,mascota_fuera_de_mascotas,Mascotas,Alimento Perros,Alta
2026-06-01T22:38:53,scraper_lider,Alimento Seco Gatito Sabor Pollo Y Carne Bolsa 2 Kg Purina One,Carnes y Pescados,Carnes,mascota_fuera_de_mascotas,Mascotas,Alimento Perros,Alta
2026-06-01T22:38:53,scraper_lider,Alimento Seco Gato Adulto Sabor Carne Bolsa 1 Kg Master Cat,Carnes y Pescados,Carnes,mascota_fuera_de_mascotas,Mascotas,Alimento Gatos,Alta
2026-06-01T22:38:53,scraper_lider,Snack Perro Adulto Rollitos Sabor Carne Bolsa 50 g Master Dog,Carnes y Pescados,Carnes,mascota_fuera_de_mascotas,Mascotas,Alimento Perros,Alta
2026-06-01T22:38:53,scraper_lider,Alimento Seco Gatito Sabor Carne Bolsa 3 Kg Cat Chow,Carnes y Pescados,Carnes,mascota_fuera_de_mascotas,Mascotas,Alimento Gatos,Alta
2026-06-01T22:38:53,scraper_lider,Alimento Seco Perro Adulto Raza Pequeña Carne Bolsa 3 Kg Champion Dog,Carnes y Pescados,Carnes,mascota_fuera_de_mascotas,Mascotas,Alimento Perros,Alta
2026-06-01T22:38:53,scraper_lider,Alimento Seco Perro Adulto Raza Mediana/grande Carne Y Cereales Bolsa 3 Kg Champion Dog,Carnes y Pescados,Carnes,mascota_fuera_de_mascotas,Mascotas,Alimento Perros,Alta
2026-06-01T22:38:53,scraper_lider,Snack Gato Adulto Pellet Tentador Sabor Carne Bolsa 80 g Whiskas,Carnes y Pescados,Carnes,mascota_fuera_de_mascotas,Mascotas,Alimento Gatos,Alta
2026-06-01T22:38:53,scraper_lider,Alimento Seco Gato Adulto Sabor Carne Bolsa 8 Kg Master Cat,Carnes y Pescados,Carnes,mascota_fuera_de_mascotas,Mascotas,Alimento Gatos,Alta
2026-06-01T22:38:53,scraper_lider,Alimento Húmedo Cachorro Sabor Carne Pouch 100 g Dog Chow,Carnes y Pescados,Carnes,mascota_fuera_de_mascotas,Mascotas,Alimento Perros,Alta
2026-06-01T22:38:53,scraper_lider,Alimento Húmedo Gato Adulto Jelly Sabor Carne Pouch 85 g Whiskas,Carnes y Pescados,Carnes,mascota_fuera_de_mascotas,Mascotas,Alimento Gatos,Alta
2026-06-01T22:38:53,scraper_lider,Alimento Seco Perro Adulto Raza Mediana/grande Carne Y Cereales Bolsa 15 Kg Cannes,Carnes y Pescados,Carnes,mascota_fuera_de_mascotas,Mascotas,Alimento Perros,Alta
2026-06-01T22:38:53,scraper_lider,Alimento Húmedo Gato Adulto Trocitos Sabor Carne Pouch 100 g Champion Cat,Carnes y Pescados,Carnes,mascota_fuera_de_mascotas,Mascotas,Alimento Gatos,Alta
2026-06-01T22:38:53,scraper_lider,Alimento Seco Perro Senior Raza Mediana/grande Carne Bolsa 3 Kg Master Dog,Carnes y Pescados,Carnes,mascota_fuera_de_mascotas,Mascotas,Alimento Perros,Alta
2026-06-01T22:38:53,scraper_lider,Alimento Húmedo Gatito Trocitos Sabor Carne Pouch 85 g Master Cat,Carnes y Pescados,Carnes,mascota_fuera_de_mascotas,Mascotas,Alimento Gatos,Alta
2026-06-01T22:38:53,scraper_lider,Alimento Seco Cachorro Raza Pequeña Carne Y Leche Bolsa 3 Kg Master Dog,Carnes y Pescados,Carnes,mascota_fuera_de_mascotas,Mascotas,Alimento Perros,Alta
2026-06-01T22:38:53,scraper_lider,Alimento Seco Gato Adulto Sabor Carne Bolsa 8 Kg Cat Chow,Carnes y Pescados,Carnes,mascota_fuera_de_mascotas,Mascotas,Alimento Gatos,Alta
2026-06-01T22:38:53,scraper_lider,Alimento Seco Perro Adulto Raza Mediana/grande Carne Bolsa 3 Kg Pedigree,Carnes y Pescados,Carnes,mascota_fuera_de_mascotas,Mascotas,Alimento Perros,Alta
2026-06-01T22:38:53,scraper_lider,Alimento Seco Gatito Sabor Carne Y Leche Bolsa 1 Kg Champion Cat,Carnes y Pescados,Carnes,mascota_fuera_de_mascotas,Mascotas,Alimento Gatos,Alta
2026-06-01T22:38:53,scraper_lider,Alimento Seco Cachorro Raza Pequeña Carne Y Pollo Bolsa 3 Kg Dog Chow,Carnes y Pescados,Carnes,mascota_fuera_de_mascotas,Mascotas,Alimento Perros,Alta
2026-06-01T22:38:53,scraper_lider,Alimento Húmedo Gato Adulto Castrado Sabor Carne Pouch 85 g Whiskas,Carnes y Pescados,Carnes,mascota_fuera_de_mascotas,Mascotas,Alimento Gatos,Alta
2026-06-01T22:38:53,scraper_lider,Snack Perro Adulto Seco Buddies Bocadito Sabor Carne Bolsa 75 g Buddy Pet,Carnes y Pescados,Carnes,mascota_fuera_de_mascotas,Mascotas,Alimento Perros,Alta
2026-06-01T22:38:53,scraper_lider,"Snacks Tiritas De Perro Pequeños, Medianos Y Adultos Sabor Carne Bolsa 75 g Buddy Pet",Carnes y Pescados,Carnes,mascota_fuera_de_mascotas,Mascotas,Alimento Perros,Alta
2026-06-01T22:38:53,scraper_lider,Alimento Seco Perro Adulto Raza Pequeña Pollo Y Carne Bolsa 2 Kg Purina One,Carnes y Pescados,Carnes,mascota_fuera_de_mascotas,Mascotas,Alimento Perros,Alta
2026-06-01T22:38:53,scraper_lider,Alimento Seco Perro Adulto Raza Mediana/grande Pollo Y Carne Bolsa 12 Kg Purina One,Carnes y Pescados,Carnes,mascota_fuera_de_mascotas,Mascotas,Alimento Perros,Alta
2026-06-01T22:38:53,scraper_lider,Alimento Seco Cachorro Raza Mediana/grande Sabor Carne Y Leche Bolsa 3 Kg Master Dog,Carnes y Pescados,Carnes,mascota_fuera_de_mascotas,Mascotas,Alimento Perros,Alta
2026-06-01T22:38:53,scraper_lider,Alimento Seco Gato Adulto Castrado Sabor Mix Carne Bolsa 3 Kg Whiskas,Carnes y Pescados,Carnes,mascota_fuera_de_mascotas,Mascotas,Alimento Gatos,Alta
2026-06-01T22:38:53,scraper_lider,Alimento Húmedo Perro Adulto Sabor Carne Pouch 100 g Dog Chow,Carnes y Pescados,Carnes,mascota_fuera_de_mascotas,Mascotas,Alimento Perros,Alta
2026-06-01T22:38:53,scraper_lider,Alimento Seco Perro Adulto Raza Mediana/grande Carne Y Pollo Bolsa 3 Kg Dog Chow,Carnes y Pescados,Carnes,mascota_fuera_de_mascotas,Mascotas,Alimento Perros,Alta
2026-06-01T22:38:53,scraper_lider,Galletas Perro Adulto Raza Pequeña Sabor Carne Bolsa 500 g Master Dog,Carnes y Pescados,Carnes,mascota_fuera_de_mascotas,Mascotas,Alimento Perros,Alta
2026-06-01T22:38:53,scraper_lider,Alimento Seco Perro Adulto Alta Proteina Carne Bolsa 3 kg Dog Chow,Carnes y Pescados,Carnes,mascota_fuera_de_mascotas,Mascotas,Alimento Perros,Alta
2026-06-01T22:38:54,scraper_lider,Alimento Seco Perro Adulto Multi Proteina Carne Bolsa 3 kg Dog Chow,Carnes y Pescados,Carnes,mascota_fuera_de_mascotas,Mascotas,Alimento Perros,Alta
2026-06-01T22:38:54,scraper_lider,Alimento Seco Perro Adulto Multi Proteina Carne Bolsa 12 kg Dog Chow,Carnes y Pescados,Carnes,mascota_fuera_de_mascotas,Mascotas,Alimento Perros,Alta
2026-06-01T22:38:54,scraper_lider,Alimento Húmedo Perro Adulto Trocitos Sabor Carne Pouch 100 g Master Dog,Carnes y Pescados,Carnes,mascota_fuera_de_mascotas,Mascotas,Alimento Perros,Alta
2026-06-01T22:38:54,scraper_lider,Alimento Seco Perro Senior Raza Mediana Y Grande Sabor Carne Bolsa 300 g Master Dog,Carnes y Pescados,Carnes,mascota_fuera_de_mascotas,Mascotas,Alimento Perros,Alta
2026-06-01T22:38:54,scraper_lider,Alimento Húmedo Perro Adulto Raza Pequeña Sabor Carne Pouch 100 g Dog Chow,Carnes y Pescados,Carnes,mascota_fuera_de_mascotas,Mascotas,Alimento Perros,Alta
2026-06-01T22:38:54,scraper_lider,Alimento Húmedo Perro Adulto Raza Pequeña Trocitos Sabor Carne Pouch 85 g Master Dog,Carnes y Pescados,Carnes,mascota_fuera_de_mascotas,Mascotas,Alimento Perros,Alta
2026-06-01T22:38:57,scraper_lider,Alimento Seco Gato Adulto Sabor Pescado Bolsa 3 Kg Whiskas,Carnes y Pescados,Pescados,mascota_fuera_de_mascotas,Mascotas,Alimento Gatos,Alta
2026-06-01T22:38:57,scraper_lider,Alimento Seco Gato Adulto Esterilizado Sabor Pescado Bolsa 8 Kg Cat Chow,Carnes y Pescados,Pescados,mascota_fuera_de_mascotas,Mascotas,Alimento Gatos,Alta
2026-06-01T22:38:59,scraper_lider,Choritos Con Concha En Salsa De Vino 500 g Lider,Carnes y Pescados,Mariscos,bebida_fuera_de_bebidas,Bebidas,Vinos,Media
2026-06-01T22:39:05,scraper_lider,Helado Cono Mini Nogatonga Caja 5 Un x 80 ml Danky,Congelados,Congelados,mascota_fuera_de_mascotas,Mascotas,Alimento Gatos,Alta
2026-06-01T22:39:05,scraper_lider,Bebida Vegetal Arroz Chocolate 1 L Vilay,Despensa,Arroz,bebida_fuera_de_bebidas,Bebidas,Bebidas,Media
2026-06-01T22:39:05,scraper_lider,Bebida De Arroz Sabor Chocolate 200 ml Vilay,Despensa,Arroz,bebida_fuera_de_bebidas,Bebidas,Bebidas,Media
2026-06-01T22:39:05,scraper_lider,Bebida Vegetal Arroz 1 l Orasí,Despensa,Arroz,bebida_fuera_de_bebidas,Bebidas,Bebidas,Media
2026-06-01T22:39:07,scraper_lider,Shampoo Herbal Essences Bío:renew Reparación Aceite De Argán,Despensa,Aceite,higiene_fuera_de_higiene,Higiene Personal,Shampoo,Alta
2026-06-01T22:39:07,scraper_lider,Acondicionador Herbal Essences Bío:renew Reparación Aceite De Argán,Despensa,Aceite,higiene_fuera_de_higiene,Higiene Personal,Acondicionador,Alta
2026-06-01T22:39:07,scraper_lider,Aceite Capilar Dove Óleo + Serum Bifásico Bond Repair,Despensa,Aceite,higiene_fuera_de_higiene,Higiene Personal,Cuidado Facial,Alta
2026-06-01T22:39:07,scraper_lider,Shampoo Naturaloe Anticaspa Con Aceite De Tea Tree,Despensa,Aceite,higiene_fuera_de_higiene,Higiene Personal,Shampoo,Alta
2026-06-01T22:39:07,scraper_lider,Jabón Líquido Le Sancy Aceite De Almendras,Despensa,Aceite,higiene_fuera_de_higiene,Higiene Personal,Jabon,Alta
2026-06-01T22:39:07,scraper_lider,Shampoo Head & Shoulders Hidratación Aceite De Coco,Despensa,Aceite,higiene_fuera_de_higiene,Higiene Personal,Shampoo,Alta
2026-06-01T22:39:07,scraper_lider,Shampoo Herbal Essences Lavanda & Aceite De Almendras,Despensa,Aceite,higiene_fuera_de_higiene,Higiene Personal,Shampoo,Alta
2026-06-01T22:39:07,scraper_lider,Jabón Líquido Ballerina Aceite De Coco Y Jazmin,Despensa,Aceite,higiene_fuera_de_higiene,Higiene Personal,Jabon,Alta
2026-06-01T22:39:07,scraper_lider,Agua Micelar En Aceite/óleo 100 ml Garnier Skin Active,Despensa,Aceite,higiene_fuera_de_higiene,Higiene Personal,Cuidado Facial,Alta
2026-06-01T22:39:07,scraper_lider,Loción Corporal Coco & Aceite De Monoi 400 ml Nivea,Despensa,Aceite,higiene_fuera_de_higiene,Higiene Personal,Cuidado Facial,Alta
2026-06-01T22:39:07,scraper_lider,Loción Corporal Cereza & Aceite De Jojoba 400 ml Nivea,Despensa,Aceite,higiene_fuera_de_higiene,Higiene Personal,Cuidado Facial,Alta
2026-06-01T22:39:07,scraper_lider,Acondicionador Para Perro Hidratante Con Aceite De Coco Botella 300 ml Buddy Pet,Despensa,Aceite,mascota_fuera_de_mascotas,Mascotas,Alimento Perros,Alta
2026-06-01T22:39:07,scraper_lider,Desodorante Ambiental Eléctrico Aceite Natural Naranja Y Orquideas Botella 21 ml Glade,Despensa,Aceite,higiene_fuera_de_higiene,Higiene Personal,Desodorantes,Alta
2026-06-01T22:39:07,scraper_lider,Desodorante Ambiental Eléctrico Kit Aceite Encanto De Vainilla Blister 21 ml Glade,Despensa,Aceite,higiene_fuera_de_higiene,Higiene Personal,Desodorantes,Alta
2026-06-01T22:39:07,scraper_lider,Desodorante Ambiental Kit Repuesto Eléctrico Aceite Vainilla Blister 3 Un Air Wick,Despensa,Aceite,higiene_fuera_de_higiene,Higiene Personal,Desodorantes,Alta
2026-06-01T22:39:07,scraper_lider,Acondicionador Revlon Aceite Con Argan,Despensa,Aceite,higiene_fuera_de_higiene,Higiene Personal,Acondicionador,Alta
2026-06-01T22:39:07,scraper_lider,Shampoo Revlon Aceite De Argan,Despensa,Aceite,higiene_fuera_de_higiene,Higiene Personal,Shampoo,Alta
2026-06-01T22:39:07,scraper_lider,Desodorante Ambiental Eléctrico Repuesto Aceite Natural Manzana Canela Blister 2 Un x 21 ml c/u Glade,Despensa,Aceite,higiene_fuera_de_higiene,Higiene Personal,Desodorantes,Alta
2026-06-01T22:39:07,scraper_lider,Jabón Líquido Le Sancy Aceite De Almendras,Despensa,Aceite,higiene_fuera_de_higiene,Higiene Personal,Jabon,Alta
2026-06-01T22:39:07,scraper_lider,Acondicionador Herbal Essences Antifrizz Lavanda Y Aceite De Almendras,Despensa,Aceite,higiene_fuera_de_higiene,Higiene Personal,Acondicionador,Alta
2026-06-01T22:39:07,scraper_lider,Jabón Crema Ballerina Triple Humectación Aceite De Karité,Despensa,Aceite,higiene_fuera_de_higiene,Higiene Personal,Jabon,Alta
2026-06-01T22:39:07,scraper_lider,Loción Corporal Rosa & Aceite De Argán 400 ml Nivea,Despensa,Aceite,higiene_fuera_de_higiene,Higiene Personal,Cuidado Facial,Alta
2026-06-01T22:39:07,scraper_lider,Shampoo Head & Shoulders Control Caspa Limpieza Y Revitalización Aceite De Argán,Despensa,Aceite,higiene_fuera_de_higiene,Higiene Personal,Shampoo,Alta
2026-06-01T22:39:07,scraper_lider,Desodorante Ambiental Repuesto Eléctrico Aceite Vainilla Blister 21 ml Air Wick,Despensa,Aceite,higiene_fuera_de_higiene,Higiene Personal,Desodorantes,Alta
2026-06-01T22:39:08,scraper_lider,Desodorante Ambiental Eléctrico Aceite Manzana - Canela Blister 3 Un Air Wick,Despensa,Aceite,higiene_fuera_de_higiene,Higiene Personal,Desodorantes,Alta
2026-06-01T22:39:09,scraper_lider,Vinagre De Vino Blanco Bidón 5 L Lider,Despensa,Aceite,bebida_fuera_de_bebidas,Bebidas,Vinos,Media
2026-06-01T22:39:10,scraper_lider,Desodorante Ambiental Eléctrico Kit Aceite Natural Manzana Canela Blister 21 ml Glade,Despensa,Aceite,higiene_fuera_de_higiene,Higiene Personal,Desodorantes,Alta
2026-06-01T22:39:10,scraper_lider,Desodorante Ambiental Kit Repuesto Eléctrico Aceite Country Berries Blister 3 Un Air Wick,Despensa,Aceite,higiene_fuera_de_higiene,Higiene Personal,Desodorantes,Alta
2026-06-01T22:39:10,scraper_lider,Desodorante Ambiental Eléctrico Repuesto Aceite Encanto De Vainilla Blister 2 Un x 21 ml c/u Glade,Despensa,Aceite,higiene_fuera_de_higiene,Higiene Personal,Desodorantes,Alta
2026-06-01T22:39:10,scraper_lider,Desodorante Ambiental Kit Repuesto Eléctrico Aceite Manzana - Canela - Vainilla - Counrty Berries Blister 3 Un Air Wick,Despensa,Aceite,higiene_fuera_de_higiene,Higiene Personal,Desodorantes,Alta
2026-06-01T22:39:10,scraper_lider,Vinagre De Vino Rosado Botella 500 ml Lider,Despensa,Aceite,bebida_fuera_de_bebidas,Bebidas,Vinos,Media
2026-06-01T22:39:10,scraper_lider,Vinagre De Vino Rosado Bidón 5 L Lider,Despensa,Aceite,bebida_fuera_de_bebidas,Bebidas,Vinos,Media
2026-06-01T22:39:10,scraper_lider,Vinagre De Vino Blanco Botella 500 ml Traverso,Despensa,Aceite,bebida_fuera_de_bebidas,Bebidas,Vinos,Media
2026-06-01T22:39:10,scraper_lider,Vinagre De Vino Rosado Botella 500 cc Traverso,Despensa,Aceite,bebida_fuera_de_bebidas,Bebidas,Vinos,Media
2026-06-01T22:39:10,scraper_lider,Vinagre De Vino Rosado Botella 500 cc Casta de Peteroa,Despensa,Aceite,bebida_fuera_de_bebidas,Bebidas,Vinos,Media
2026-06-01T22:39:10,scraper_lider,Sucedáneo Con 60% De Jugo De Limón Botella 320 ml Traverso,Despensa,Aceite,bebida_fuera_de_bebidas,Bebidas,Jugos,Media
2026-06-01T22:39:10,scraper_lider,Jugo Limón 100% Natural Botella 250 ml Traverso,Despensa,Aceite,bebida_fuera_de_bebidas,Bebidas,Jugos,Media
2026-06-01T22:39:11,scraper_lider,Jugo Limón Sutil 100% Natural Botella 250 ml Traverso,Despensa,Aceite,bebida_fuera_de_bebidas,Bebidas,Jugos,Media
2026-06-01T22:39:11,scraper_lider,Sucedáneo De Jugo De Limón 1 L Lider,Despensa,Aceite,bebida_fuera_de_bebidas,Bebidas,Jugos,Media
2026-06-01T22:39:11,scraper_lider,Vinagre De Vino Blanco Botella 500 cc Casta de Peteroa,Despensa,Aceite,bebida_fuera_de_bebidas,Bebidas,Vinos,Media
2026-06-01T22:39:11,scraper_lider,Vinagre De Vino Rosado Botella 1 L Lider,Despensa,Aceite,bebida_fuera_de_bebidas,Bebidas,Vinos,Media
2026-06-01T22:39:11,scraper_lider,Vinagre De Vino Blanco Botella 500 ml Lider,Despensa,Aceite,bebida_fuera_de_bebidas,Bebidas,Vinos,Media
2026-06-01T22:39:11,scraper_lider,Vinagre De Vino Blanco Botella 1 L Traverso,Despensa,Aceite,bebida_fuera_de_bebidas,Bebidas,Vinos,Media
2026-06-01T22:39:11,scraper_lider,"Shampoo Head & Shoulders Anti-resequedad Nutrición Diaria, Miel Y Aceites Esenciales",Despensa,Aceite,higiene_fuera_de_higiene,Higiene Personal,Shampoo,Alta
2026-06-01T22:39:11,scraper_lider,"Shampoo Head & Shoulders Anti-resequedad Nutrición Diaria, Miel Y Aceites Esenciales",Despensa,Aceite,higiene_fuera_de_higiene,Higiene Personal,Shampoo,Alta
2026-06-01T22:39:11,scraper_lider,Crema Dove De Tratamiento Reconstrucción + Aminoacidos,Despensa,Aceite,higiene_fuera_de_higiene,Higiene Personal,Cuidado Facial,Alta
2026-06-01T22:39:11,scraper_lider,Crema Dove De Tratamiento Hidratación + Hialurónico,Despensa,Aceite,higiene_fuera_de_higiene,Higiene Personal,Cuidado Facial,Alta
2026-06-01T22:39:12,scraper_lider,Oleo Finalizador Uv Repair & Glow + Ferúlico 110 ml Dove,Despensa,Aceite,higiene_fuera_de_higiene,Higiene Personal,Cuidado Facial,Alta
2026-06-01T22:39:12,scraper_lider,Desodorante Ambiental Aerosol Aceites Naturales Tropical Floral Repuesto Doypack 2 Un x 21 ml c/u Glade,Despensa,Aceite,higiene_fuera_de_higiene,Higiene Personal,Desodorantes,Alta
2026-06-01T22:39:12,scraper_lider,Jabón En Barra Equate Aceites Esenciales,Despensa,Aceite,higiene_fuera_de_higiene,Higiene Personal,Jabon,Alta
2026-06-01T22:39:12,scraper_lider,"Shampoo Head & Shoulders Anti-resequedad Nutrición Diaria, Miel Y Aceites Esenciales",Despensa,Aceite,higiene_fuera_de_higiene,Higiene Personal,Shampoo,Alta
2026-06-01T22:39:12,scraper_lider,Crema Facial Hidrata Protege 1 Un Mustela,Despensa,Aceite,higiene_fuera_de_higiene,Higiene Personal,Cuidado Facial,Alta
2026-06-01T22:39:12,scraper_lider,Crema Dove De Tratamiento Bond Repair,Despensa,Aceite,higiene_fuera_de_higiene,Higiene Personal,Cuidado Facial,Alta
2026-06-01T22:39:12,scraper_lider,Crema Dove De Tratamiento Uv Repair & Glow + Ferulico,Despensa,Aceite,higiene_fuera_de_higiene,Higiene Personal,Cuidado Facial,Alta
2026-06-01T22:39:12,scraper_lider,Desodorante Ambiental Eléctrico Repuesto Aceites Naturales Manzana Y Canela Blister 3 Un x 21 ml c/u Glade,Despensa,Aceite,higiene_fuera_de_higiene,Higiene Personal,Desodorantes,Alta
2026-06-01T22:39:12,scraper_lider,Desodorante Aerosol Dove Granada Mujer,Despensa,Aceite,higiene_fuera_de_higiene,Higiene Personal,Desodorantes,Alta
2026-06-01T22:39:14,scraper_lider,Arena Para Gatos Arena Sanitaria Aglutinante Café Café 2 kg Buddy Pet,Despensa,Cafe,mascota_fuera_de_mascotas,Mascotas,Alimento Gatos,Alta
2026-06-01T22:39:14,scraper_lider,Bebida A Base De Cebada Ecco Instantáneo Tarro,Despensa,Cafe,bebida_fuera_de_bebidas,Bebidas,Bebidas,Media
2026-06-01T22:39:14,scraper_lider,Bebida Natural Tarro 170 gr Coronado,Despensa,Cafe,bebida_fuera_de_bebidas,Bebidas,Bebidas,Media
2026-06-01T22:39:16,scraper_lider,Bebida Vegetal Café Caramelo Protein Sin Azúcar 250 ml NotCo,Despensa,Cafe,bebida_fuera_de_bebidas,Bebidas,Bebidas,Media
2026-06-01T22:39:16,scraper_lider,Arena Sanitaria Para Gato Aglutinante Con Aroma A Café Bolsa 10 kg Stay Happy,Despensa,Cafe,mascota_fuera_de_mascotas,Mascotas,Alimento Gatos,Alta
2026-06-01T22:39:16,scraper_lider,Arena Sanitaria Para Gato Aglutinante Con Aroma A Café Bolsa 4 kg Buddy Pet,Despensa,Cafe,mascota_fuera_de_mascotas,Mascotas,Alimento Gatos,Alta
2026-06-01T22:39:17,scraper_lider,Mermelada Frambuesa Stevia Tagatosa 230 g Stevsweet,Despensa,Azucar,mascota_fuera_de_mascotas,Mascotas,Alimento Gatos,Alta
2026-06-01T22:39:17,scraper_lider,Bebida Ginger Ale Sin Azúcar Pack Lata 6 Un Schweppes,Despensa,Azucar,bebida_fuera_de_bebidas,Bebidas,Bebidas,Media
2026-06-01T22:39:17,scraper_lider,Bebida Limón Sin Azúcar Botella Retornable 2 L Sprite,Despensa,Azucar,bebida_fuera_de_bebidas,Bebidas,Bebidas,Media
2026-06-01T22:39:17,scraper_lider,Bebida Vegetal Sin Azúcar Coco 1 L Vilay,Despensa,Azucar,bebida_fuera_de_bebidas,Bebidas,Bebidas,Media
2026-06-01T22:39:17,scraper_lider,Bebida Vegetal Almendra Sin Azucar 1 L Orasi,Despensa,Azucar,bebida_fuera_de_bebidas,Bebidas,Bebidas,Media
2026-06-01T22:39:17,scraper_lider,"Néctar Durazno Sin Azúcar Botella 1,5 L Watts",Despensa,Azucar,bebida_fuera_de_bebidas,Bebidas,Jugos,Media
2026-06-01T22:39:17,scraper_lider,"Bebida Sin Azúcar Botella 1,5 L Coca-Cola",Despensa,Azucar,bebida_fuera_de_bebidas,Bebidas,Bebidas,Media
2026-06-01T22:39:17,scraper_lider,"Bebida Sin Azúcar Botella 2,5 L Coca-Cola",Despensa,Azucar,bebida_fuera_de_bebidas,Bebidas,Bebidas,Media
2026-06-01T22:39:17,scraper_lider,Bebida Energética Sin Azúcar Lata 473 ml Red Bull,Despensa,Azucar,bebida_fuera_de_bebidas,Bebidas,Bebidas Energeticas,Media
2026-06-01T22:39:18,scraper_lider,Bebida Sin Azúcar Con Whisky 7° Lata 350 ml Jack Daniel's,Despensa,Azucar,bebida_fuera_de_bebidas,Bebidas,Bebidas,Media
2026-06-01T22:39:18,scraper_lider,"Bebida Ginger Ale Sin Azúcar Botella 1,5 L Schweppes",Despensa,Azucar,bebida_fuera_de_bebidas,Bebidas,Bebidas,Media
2026-06-01T22:39:18,scraper_lider,Bebida Naranja Sin Azúcar Botella 591 ml Fanta,Despensa,Azucar,bebida_fuera_de_bebidas,Bebidas,Bebidas,Media
2026-06-01T22:39:18,scraper_lider,Bebida Vegetal Almendras Sin Azúcar 946 ml Great Value,Despensa,Azucar,bebida_fuera_de_bebidas,Bebidas,Bebidas,Media
2026-06-01T22:39:18,scraper_lider,Jugo En Polvo Libre De Azúcar Durazno Huesillo 8g Sobre Vivo,Despensa,Azucar,bebida_fuera_de_bebidas,Bebidas,Jugos,Media
2026-06-01T22:39:18,scraper_lider,Bebida Vegetal Almendras Sabor Original Sin Azúcar 1 L Vilay,Despensa,Azucar,bebida_fuera_de_bebidas,Bebidas,Bebidas,Media
2026-06-01T22:39:18,scraper_lider,Bebida Sin Azúcar Pack Lata 6 Un Coca-Cola,Despensa,Azucar,bebida_fuera_de_bebidas,Bebidas,Bebidas,Media
2026-06-01T22:39:18,scraper_lider,Jugo En Polvo Libre De Azúcar Sabor Frutilla Sobre 7 g Livean,Despensa,Azucar,bebida_fuera_de_bebidas,Bebidas,Jugos,Media
2026-06-01T22:39:18,scraper_lider,Néctar Multi-frutilla 0% Azúcar Añadida Caja 200 ml Del Valle,Despensa,Azucar,bebida_fuera_de_bebidas,Bebidas,Jugos,Media
2026-06-01T22:39:18,scraper_lider,Bebida Coco Sin Azúcar Botella 1 L Amane,Despensa,Azucar,bebida_fuera_de_bebidas,Bebidas,Bebidas,Media
2026-06-01T22:39:18,scraper_lider,Jugo En Polvo Libre De Azúcar Sabor Naranja 7 G Sobre 1 Un Livean,Despensa,Azucar,bebida_fuera_de_bebidas,Bebidas,Jugos,Media
2026-06-01T22:39:18,scraper_lider,Jugo En Polvo Libre De Azúcar Manzana Verde 7g Sobre 1 Un Livean,Despensa,Azucar,bebida_fuera_de_bebidas,Bebidas,Jugos,Media
2026-06-01T22:39:18,scraper_lider,Jugo En Polvo Libre De Azúcar Pera De Agua 7g Sobre 1 Un Livean,Despensa,Azucar,bebida_fuera_de_bebidas,Bebidas,Aguas,Media
2026-06-01T22:39:18,scraper_lider,Jugo En Polvo Libre De Azúcar Sabor Papaya 7g Sobre 1 Un Livean,Despensa,Azucar,bebida_fuera_de_bebidas,Bebidas,Jugos,Media
2026-06-01T22:39:18,scraper_lider,"Néctar Tutifrutilla Light 0% Azúcar Añadida Botella 1,5 L Watts",Despensa,Azucar,bebida_fuera_de_bebidas,Bebidas,Jugos,Media
2026-06-01T22:39:18,scraper_lider,"Néctar Naranja Light 0% Azúcar Añadida Botella 1,5 L Watts",Despensa,Azucar,bebida_fuera_de_bebidas,Bebidas,Jugos,Media
2026-06-01T22:39:18,scraper_lider,Bebida Energética Zero Azúcar Lata 250 ml Red Bull,Despensa,Azucar,bebida_fuera_de_bebidas,Bebidas,Bebidas Energeticas,Media
2026-06-01T22:39:19,scraper_lider,Bebida Sin Azúcar Botella Retornable 3 L Coca-Cola,Despensa,Azucar,bebida_fuera_de_bebidas,Bebidas,Bebidas,Media
2026-06-01T22:39:19,scraper_lider,Bebida Sin Azúcar Botella Retornable 2 L Coca-Cola,Despensa,Azucar,bebida_fuera_de_bebidas,Bebidas,Bebidas,Media
2026-06-01T22:39:19,scraper_lider,Bebida Energética Gorilla Zero Azúcar Lata 473 ml Score,Despensa,Azucar,bebida_fuera_de_bebidas,Bebidas,Bebidas Energeticas,Media
2026-06-01T22:39:19,scraper_lider,Bebida Energética Ultra Sin Azúcar Lata 473 ml Monster,Despensa,Azucar,bebida_fuera_de_bebidas,Bebidas,Bebidas Energeticas,Media
2026-06-01T22:39:19,scraper_lider,"Bebida Limón Sin Azúcar Botella 1,5 L Sprite",Despensa,Azucar,bebida_fuera_de_bebidas,Bebidas,Bebidas,Media
2026-06-01T22:39:19,scraper_lider,Bebida Sin Azúcar Botella 3 L Coca-Cola,Despensa,Azucar,bebida_fuera_de_bebidas,Bebidas,Bebidas,Media
2026-06-01T22:39:19,scraper_lider,Bebida Botella Sin Azúcar 2.5 L Sprite,Despensa,Azucar,bebida_fuera_de_bebidas,Bebidas,Bebidas,Media
2026-06-01T22:39:19,scraper_lider,"Bebida Sin Azúcar Botella 1,5 L Inca Kola",Despensa,Azucar,bebida_fuera_de_bebidas,Bebidas,Bebidas,Media
2026-06-01T22:39:19,scraper_lider,Bebida Energética Ultra Paradise Sin Azúcar Lata 473 ml Monster,Despensa,Azucar,bebida_fuera_de_bebidas,Bebidas,Bebidas Energeticas,Media
2026-06-01T22:39:19,scraper_lider,Néctar De Maracuyá 0% Azúcar Añadida Botella 1.5 L Watts,Despensa,Azucar,bebida_fuera_de_bebidas,Bebidas,Jugos,Media
2026-06-01T22:39:19,scraper_lider,Bebida Energética Sin Azúcar Pack 4 Latas 250 ml Red Bull,Despensa,Azucar,bebida_fuera_de_bebidas,Bebidas,Bebidas Energeticas,Media
2026-06-01T22:39:19,scraper_lider,Bebida Botella Sin Azúcar 591 ml Coca-Cola,Despensa,Azucar,bebida_fuera_de_bebidas,Bebidas,Bebidas,Media
2026-06-01T22:39:19,scraper_lider,Bebida Vegetal Café Caramelo Protein Sin Azúcar 250 ml NotCo,Despensa,Azucar,bebida_fuera_de_bebidas,Bebidas,Bebidas,Media
2026-06-01T22:39:19,scraper_lider,Néctar De Piña Light 0% Azúcar Añadida Botella 1500 cc Watts,Despensa,Azucar,bebida_fuera_de_bebidas,Bebidas,Jugos,Media
2026-06-01T22:39:19,scraper_lider,Bebida Limón Sin Azúcar Botella 3 L Seven Up,Despensa,Azucar,bebida_fuera_de_bebidas,Bebidas,Bebidas,Media
2026-06-01T22:39:19,scraper_lider,Jugo En Polvo Libre De Azúcar Lima Limón Sobre 8 g Vivo,Despensa,Azucar,bebida_fuera_de_bebidas,Bebidas,Jugos,Media
2026-06-01T22:39:19,scraper_lider,Jugo En Polvo Libre De Azúcar Sabor Papaya Sobre 8 g Vivo,Despensa,Azucar,bebida_fuera_de_bebidas,Bebidas,Jugos,Media
2026-06-01T22:39:19,scraper_lider,Jugo En Polvo Libre De Azúcar Pera De Agua Sobre 8 g Vivo,Despensa,Azucar,bebida_fuera_de_bebidas,Bebidas,Aguas,Media
2026-06-01T22:39:19,scraper_lider,Jugo En Polvo Libre De Azúcar Sabor Mango Sobre 7 g Livean,Despensa,Azucar,bebida_fuera_de_bebidas,Bebidas,Jugos,Media
2026-06-01T22:39:19,scraper_lider,Jugo En Polvo Libre De Azúcar Sabor Berries Sobre 7 g Livean,Despensa,Azucar,bebida_fuera_de_bebidas,Bebidas,Jugos,Media
2026-06-01T22:39:19,scraper_lider,Jugo En Polvo Libre De Azúcar Sabor Melón Tuna Sobre 1 Un Livean,Despensa,Azucar,bebida_fuera_de_bebidas,Bebidas,Jugos,Media
2026-06-01T22:39:19,scraper_lider,Bebida Energética Sin Azúcar Lata 250 ml Red Bull,Despensa,Azucar,bebida_fuera_de_bebidas,Bebidas,Bebidas Energeticas,Media
2026-06-01T22:39:19,scraper_lider,Jugo En Polvo Libre De Azúcar Sabor Durazno 7 G Sobre 1 Un Livean,Despensa,Azucar,bebida_fuera_de_bebidas,Bebidas,Jugos,Media
2026-06-01T22:39:19,scraper_lider,Jugo En Polvo Libre De Azúcar Sabor Piña 7 G Sobre 1 Un Livean,Despensa,Azucar,bebida_fuera_de_bebidas,Bebidas,Jugos,Media
2026-06-01T22:39:19,scraper_lider,Jugo En Polvo Libre De Azúcar Sabor Limonada 7 G Sobre 1 Un Livean,Despensa,Azucar,bebida_fuera_de_bebidas,Bebidas,Jugos,Media
2026-06-01T22:39:19,scraper_lider,Bebida Energética Sin Azúcar Lata 355 ml Red Bull,Despensa,Azucar,bebida_fuera_de_bebidas,Bebidas,Bebidas Energeticas,Media
2026-06-01T22:39:19,scraper_lider,"Bebida Energética Xtreme Sin Azúcar Botella 1,5 L Kem",Despensa,Azucar,bebida_fuera_de_bebidas,Bebidas,Bebidas Energeticas,Media
2026-06-01T22:39:19,scraper_lider,Jugo En Polvo Libre De Azúcar Sabor Granada Sobre 7 g Vivo,Despensa,Azucar,bebida_fuera_de_bebidas,Bebidas,Jugos,Media
2026-06-01T22:39:19,scraper_lider,"Néctar Multi-frutilla 0% Azúcar Añadida Botella 1,75 L Del Valle",Despensa,Azucar,bebida_fuera_de_bebidas,Bebidas,Jugos,Media
2026-06-01T22:39:24,scraper_lider,Acondicionador Deluxe Argan Sin Sal,Despensa,Salsas,higiene_fuera_de_higiene,Higiene Personal,Acondicionador,Alta
2026-06-01T22:39:24,scraper_lider,Acondicionador Deluxe Keratina Sin Sal,Despensa,Salsas,higiene_fuera_de_higiene,Higiene Personal,Acondicionador,Alta
2026-06-01T22:39:24,scraper_lider,Acondicionador Ballerina Sin Sal Granada,Despensa,Salsas,higiene_fuera_de_higiene,Higiene Personal,Acondicionador,Alta
2026-06-01T22:39:24,scraper_lider,Acondicionador Familand Moringa Sin Sal,Despensa,Salsas,higiene_fuera_de_higiene,Higiene Personal,Acondicionador,Alta
2026-06-01T22:39:24,scraper_lider,Shampoo Ballerina Sin Sal Granada Botella,Despensa,Salsas,higiene_fuera_de_higiene,Higiene Personal,Shampoo,Alta
2026-06-01T22:39:24,scraper_lider,Sal Lavavajillas 1 kg Lider,Despensa,Salsas,limpieza_fuera_de_limpieza,Limpieza,Limpiadores,Alta
2026-06-01T22:39:24,scraper_lider,Shampoo Deluxe Keratina Sin Sal,Despensa,Salsas,higiene_fuera_de_higiene,Higiene Personal,Shampoo,Alta
2026-06-01T22:39:24,scraper_lider,Acondicionador Ballerina Sin Sal Granada,Despensa,Salsas,higiene_fuera_de_higiene,Higiene Personal,Acondicionador,Alta
2026-06-01T22:39:24,scraper_lider,Shampoo Ballerina Sin Sal Palta Y Almendra Doypack,Despensa,Salsas,higiene_fuera_de_higiene,Higiene Personal,Shampoo,Alta
2026-06-01T22:39:24,scraper_lider,Shampoo Familand Arándano Uvaterapia Sin Sal Botella,Despensa,Salsas,higiene_fuera_de_higiene,Higiene Personal,Shampoo,Alta
2026-06-01T22:39:25,scraper_lider,Acondicionador Ballerina Sin Sal Palta Y Almendra,Despensa,Salsas,higiene_fuera_de_higiene,Higiene Personal,Acondicionador,Alta
2026-06-01T22:39:25,scraper_lider,Acondicionador Familand Arándano Uvaterapia Sin Sal Botella,Despensa,Salsas,higiene_fuera_de_higiene,Higiene Personal,Acondicionador,Alta
2026-06-01T22:39:25,scraper_lider,Shampoo Familand Bio Granada - Uva Sin Sal Botella,Despensa,Salsas,higiene_fuera_de_higiene,Higiene Personal,Shampoo,Alta
2026-06-01T22:39:25,scraper_lider,Shampoo Pantene Sin Sal Cabello Seco Keratina Con Pro Vitamina B5,Despensa,Salsas,higiene_fuera_de_higiene,Higiene Personal,Shampoo,Alta
2026-06-01T22:39:25,scraper_lider,Acondicionador Pantene Sin Sal Con Keratina Pro Vitamina B5,Despensa,Salsas,higiene_fuera_de_higiene,Higiene Personal,Acondicionador,Alta
2026-06-01T22:39:25,scraper_lider,Shampoo Pantene Sin Sal Con Keratina Pro Vitamina B5,Despensa,Salsas,higiene_fuera_de_higiene,Higiene Personal,Shampoo,Alta
2026-06-01T22:39:25,scraper_lider,Acondicionador Pantene Sin Sal Con Keratina Pro Vitamina B5,Despensa,Salsas,higiene_fuera_de_higiene,Higiene Personal,Acondicionador,Alta
2026-06-01T22:39:25,scraper_lider,Shampoo Pantene Sin Sal Con Keratina Pro Vitamina B5,Despensa,Salsas,higiene_fuera_de_higiene,Higiene Personal,Shampoo,Alta
2026-06-01T22:39:28,scraper_lider,Choritos Con Concha En Salsa De Vino 500 g Lider,Despensa,Salsas,bebida_fuera_de_bebidas,Bebidas,Vinos,Media
2026-06-01T22:39:29,scraper_lider,Snack Delicias Salsa Cremosa Sabor Atún Sachet 56 g Champion Cat,Despensa,Salsas,mascota_fuera_de_mascotas,Mascotas,Alimento Gatos,Alta
2026-06-01T22:39:29,scraper_lider,Snack Delicias Salsa Cremosa Sabor Salmón Sachet 56 g Champion Cat,Despensa,Salsas,mascota_fuera_de_mascotas,Mascotas,Alimento Gatos,Alta
2026-06-01T22:39:29,scraper_lider,Snack Delicias Salsa Cremosa Sabor Pollo Sachet 56 g Champion Cat,Despensa,Salsas,mascota_fuera_de_mascotas,Mascotas,Alimento Gatos,Alta
2026-06-01T22:39:29,scraper_lider,Snack Salsa Perro Todas Las Edades Sabor Carne Al Jugo Doypack 300 g Master Dog,Despensa,Salsas,mascota_fuera_de_mascotas,Mascotas,Alimento Perros,Alta
2026-06-01T22:39:34,scraper_lider,Cereal Milo,Desayuno y Snacks,Cereales,bebida_fuera_de_bebidas,Bebidas,Bebidas,Media
2026-06-01T22:39:34,scraper_lider,Cereal Sabor Chocolate 700 g Milo,Desayuno y Snacks,Cereales,bebida_fuera_de_bebidas,Bebidas,Bebidas,Media
2026-06-01T22:39:34,scraper_lider,Galleta Mini Vino 35 g Costa,Desayuno y Snacks,Galletas,bebida_fuera_de_bebidas,Bebidas,Vinos,Media
2026-06-01T22:39:34,scraper_lider,Galleta Mini Vino Bolsa 40 g McKay,Desayuno y Snacks,Galletas,bebida_fuera_de_bebidas,Bebidas,Vinos,Media
2026-06-01T22:39:37,scraper_lider,Snacks Húmedo Gato Sabor Maguro Y Vieras 48 g Temptations,Desayuno y Snacks,Snacks,mascota_fuera_de_mascotas,Mascotas,Alimento Gatos,Alta
2026-06-01T22:39:37,scraper_lider,Snack Gato Cremoso Sabor Atún Bolsa g Cats Snack,Desayuno y Snacks,Snacks,mascota_fuera_de_mascotas,Mascotas,Alimento Gatos,Alta
2026-06-01T22:39:37,scraper_lider,Snack Gato Cremoso Sabor Camarón Bolsa 60 g Cats Snack,Desayuno y Snacks,Snacks,mascota_fuera_de_mascotas,Mascotas,Alimento Gatos,Alta
2026-06-01T22:39:37,scraper_lider,Snack Gato Cremoso Sabor Cangrejo Bolsa 60 g Cats Snack,Desayuno y Snacks,Snacks,mascota_fuera_de_mascotas,Mascotas,Alimento Gatos,Alta
2026-06-01T22:39:37,scraper_lider,Galleta Rellena Gato Sabor Salmónn Con Pollo Caja g Cats Snack,Desayuno y Snacks,Snacks,mascota_fuera_de_mascotas,Mascotas,Alimento Gatos,Alta
2026-06-01T22:39:37,scraper_lider,Galleta Rellena Gato Sabor Salmónn Con Hierba Gatera Caja g Cats Snack,Desayuno y Snacks,Snacks,mascota_fuera_de_mascotas,Mascotas,Alimento Gatos,Alta
2026-06-01T22:39:37,scraper_lider,Galleta Rellena Gato Sabor Atún Con Queso 80 g Cats Snack,Desayuno y Snacks,Snacks,mascota_fuera_de_mascotas,Mascotas,Alimento Gatos,Alta
2026-06-01T22:39:37,scraper_lider,Snack Perro Beef Stick Venado g Vitakraft,Desayuno y Snacks,Snacks,mascota_fuera_de_mascotas,Mascotas,Alimento Perros,Alta
2026-06-01T22:39:37,scraper_lider,Snack Perro Beef Stick Pavo G Vitakraft,Desayuno y Snacks,Snacks,mascota_fuera_de_mascotas,Mascotas,Alimento Perros,Alta
2026-06-01T22:39:37,scraper_lider,Snack Gato Catstick Pollo Hierbagatera g Vitakraft,Desayuno y Snacks,Snacks,mascota_fuera_de_mascotas,Mascotas,Alimento Gatos,Alta
2026-06-01T22:39:37,scraper_lider,Snack Perro Beef Stick Rustico g Vitakraft,Desayuno y Snacks,Snacks,mascota_fuera_de_mascotas,Mascotas,Alimento Perros,Alta
2026-06-01T22:39:37,scraper_lider,Snack Para Perro Sabor Pato Loops 60 g Goofy,Desayuno y Snacks,Snacks,mascota_fuera_de_mascotas,Mascotas,Alimento Perros,Alta
2026-06-01T22:39:37,scraper_lider,"Snacks Tiritas De Perro Pequeños, Medianos Y Adultos Sabor Carne Bolsa 75 g Buddy Pet",Desayuno y Snacks,Snacks,mascota_fuera_de_mascotas,Mascotas,Alimento Perros,Alta
2026-06-01T22:39:37,scraper_lider,Snack Perro Adulto Dentastix Raza Mediana Bolsa 3 Un Pedigree,Desayuno y Snacks,Snacks,mascota_fuera_de_mascotas,Mascotas,Alimento Perros,Alta
2026-06-01T22:39:37,scraper_lider,Snack Gato Líquido Mix Pollo Caja 360 g Naturalistic,Desayuno y Snacks,Snacks,mascota_fuera_de_mascotas,Mascotas,Alimento Gatos,Alta
2026-06-01T22:39:37,scraper_lider,Snack Perro Adulto Dentastix Raza Pequeña Bolsa 7 Un Pedigree,Desayuno y Snacks,Snacks,mascota_fuera_de_mascotas,Mascotas,Alimento Perros,Alta
2026-06-01T22:39:37,scraper_lider,Snack Perro Adulto Seco Charqui De Pollo Bolsa 400 g Buddy Pet,Desayuno y Snacks,Snacks,mascota_fuera_de_mascotas,Mascotas,Alimento Perros,Alta
2026-06-01T22:39:37,scraper_lider,Snack Perro Adulto Seco Trozos De Salmón Bolsa 100 g Buddy Pet,Desayuno y Snacks,Snacks,mascota_fuera_de_mascotas,Mascotas,Alimento Perros,Alta
2026-06-01T22:39:37,scraper_lider,Snack Perro Adulto Doguitos Tira De Asado Bolsa 65 g Purina One,Desayuno y Snacks,Snacks,mascota_fuera_de_mascotas,Mascotas,Alimento Perros,Alta
2026-06-01T22:39:37,scraper_lider,Snack Perro Adulto Trutros De Pato Con Huesitos De Calcio Bolsa 100 g Buddy Pet,Desayuno y Snacks,Snacks,mascota_fuera_de_mascotas,Mascotas,Alimento Perros,Alta
2026-06-01T22:39:37,scraper_lider,Snack Perro Adulto Trocitos Camote Envueltos En Pollo Bolsa 100 g Buddy Pet,Desayuno y Snacks,Snacks,mascota_fuera_de_mascotas,Mascotas,Alimento Perros,Alta
2026-06-01T22:39:37,scraper_lider,Snack Gato Adulto Pellet Sabroso Sabor Pollo Bolsa 80 g Whiskas,Desayuno y Snacks,Snacks,mascota_fuera_de_mascotas,Mascotas,Alimento Gatos,Alta
2026-06-01T22:39:37,scraper_lider,Snack Gato Adulto Pellet Delicioso Sabor Salmón Bolsa 80 g Whiskas,Desayuno y Snacks,Snacks,mascota_fuera_de_mascotas,Mascotas,Alimento Gatos,Alta
2026-06-01T22:39:37,scraper_lider,"Snack Perro Adulto Brochetas Triple Sabor Pollo, Pato Y Vacuno Bolsa 18 Un Buddy Pet",Desayuno y Snacks,Snacks,mascota_fuera_de_mascotas,Mascotas,Alimento Perros,Alta
2026-06-01T22:39:37,scraper_lider,Snack Perro Adulto Sticks Cuero Vacuno Con Giros Pollo Bolsa 100 g Buddy Pet,Desayuno y Snacks,Snacks,mascota_fuera_de_mascotas,Mascotas,Alimento Perros,Alta
2026-06-01T22:39:37,scraper_lider,"Snack Perro Adulto Brochetas Triple Sabor Pollo, Pato Y Vacuno Bolsa 6 Un Buddy Pet",Desayuno y Snacks,Snacks,mascota_fuera_de_mascotas,Mascotas,Alimento Perros,Alta
2026-06-01T22:39:37,scraper_lider,Snack Salsa Perro Todas Las Edades Sabor Carne Al Jugo Doypack 300 g Master Dog,Desayuno y Snacks,Snacks,mascota_fuera_de_mascotas,Mascotas,Alimento Perros,Alta
2026-06-01T22:39:37,scraper_lider,Galleta Rellena Gato Sabor Atún Con Pollo g Cats Snack,Desayuno y Snacks,Snacks,mascota_fuera_de_mascotas,Mascotas,Alimento Gatos,Alta
2026-06-01T22:39:37,scraper_lider,Galleta Gato Con Catnip Sabor Salmónn Hierba Gatera Caja g ml Cats Snack,Desayuno y Snacks,Snacks,mascota_fuera_de_mascotas,Mascotas,Alimento Gatos,Alta
2026-06-01T22:39:37,scraper_lider,Snack Para Perro De Entrenamiento 70 g Goofy,Desayuno y Snacks,Snacks,mascota_fuera_de_mascotas,Mascotas,Alimento Perros,Alta
2026-06-01T22:39:38,scraper_lider,Snack Gato Catstick Salmón g Vitakraft,Desayuno y Snacks,Snacks,mascota_fuera_de_mascotas,Mascotas,Alimento Gatos,Alta
2026-06-01T22:39:38,scraper_lider,Snack Perro Boony Bits Bolsa g Vitakraft,Desayuno y Snacks,Snacks,mascota_fuera_de_mascotas,Mascotas,Alimento Perros,Alta
2026-06-01T22:39:38,scraper_lider,Snack Perro Beef Stick Carne g Vitakraft,Desayuno y Snacks,Snacks,mascota_fuera_de_mascotas,Mascotas,Alimento Perros,Alta
2026-06-01T22:39:38,scraper_lider,Snack Gato Catstick Conejo Y Pato g Vitakraft,Desayuno y Snacks,Snacks,mascota_fuera_de_mascotas,Mascotas,Alimento Gatos,Alta
2026-06-01T22:39:38,scraper_lider,Snack Gato Líquido Sabor Pollo Bolsa g Un Naturalistic,Desayuno y Snacks,Snacks,mascota_fuera_de_mascotas,Mascotas,Alimento Gatos,Alta
2026-06-01T22:39:38,scraper_lider,Snack Gato Líquido Variedades Caja 360 g Naturalistic,Desayuno y Snacks,Snacks,mascota_fuera_de_mascotas,Mascotas,Alimento Gatos,Alta
2026-06-01T22:39:38,scraper_lider,Snack Perro Adulto Dentastix Raza Pequeña Bolsa 3 Un Pedigree,Desayuno y Snacks,Snacks,mascota_fuera_de_mascotas,Mascotas,Alimento Perros,Alta
2026-06-01T22:39:38,scraper_lider,Snack Perro Adulto Dentastix Raza Mediana Bolsa 7 Un Pedigree,Desayuno y Snacks,Snacks,mascota_fuera_de_mascotas,Mascotas,Alimento Perros,Alta
2026-06-01T22:39:38,scraper_lider,Snack Para Perro Mix Aperitivo Bolsa 300 g Stay Happy,Desayuno y Snacks,Snacks,mascota_fuera_de_mascotas,Mascotas,Alimento Perros,Alta
2026-06-01T22:39:38,scraper_lider,Snack Perro Adulto Dentastix Raza Grande Bolsa 7 Un Pedigree,Desayuno y Snacks,Snacks,mascota_fuera_de_mascotas,Mascotas,Alimento Perros,Alta
2026-06-01T22:39:38,scraper_lider,Snack Gato Líquido Sabor Atún Bolsa g g Naturalistic,Desayuno y Snacks,Snacks,mascota_fuera_de_mascotas,Mascotas,Alimento Gatos,Alta
2026-06-01T22:39:38,scraper_lider,Snack Gato Líquido Salmón Atún Bolsa g g Naturalistic,Desayuno y Snacks,Snacks,mascota_fuera_de_mascotas,Mascotas,Alimento Gatos,Alta
2026-06-01T22:39:38,scraper_lider,Snack Perro Adulto Rodeo Sabor Carne Bolsa 70 g Pedigree,Desayuno y Snacks,Snacks,mascota_fuera_de_mascotas,Mascotas,Alimento Perros,Alta
2026-06-01T22:39:38,scraper_lider,Snack Perro Adulto Rodeo Sabor Pollo Bolsa 70 g Pedigree,Desayuno y Snacks,Snacks,mascota_fuera_de_mascotas,Mascotas,Alimento Perros,Alta
2026-06-01T22:39:38,scraper_lider,Snack Gato Adulto Dental Sabor Pollo Bolsa 40 g Dentalife,Desayuno y Snacks,Snacks,mascota_fuera_de_mascotas,Mascotas,Alimento Gatos,Alta
2026-06-01T22:39:38,scraper_lider,Snack Gato Catnip Grain Free 60 g Stay Happy,Desayuno y Snacks,Snacks,mascota_fuera_de_mascotas,Mascotas,Alimento Gatos,Alta
2026-06-01T22:39:38,scraper_lider,Snack Perro Adulto Rollitos Sabor Carne Bolsa 50 g Master Dog,Desayuno y Snacks,Snacks,mascota_fuera_de_mascotas,Mascotas,Alimento Perros,Alta
2026-06-01T22:39:38,scraper_lider,Snack Perro Adulto Tiritas Pollo Con Tocino Bolsa 100 g Buddy Pet,Desayuno y Snacks,Snacks,mascota_fuera_de_mascotas,Mascotas,Alimento Perros,Alta
2026-06-01T22:39:38,scraper_lider,Suflés Gatolate Chocolate 100 g Evercrisp,Desayuno y Snacks,Snacks,mascota_fuera_de_mascotas,Mascotas,Alimento Gatos,Alta
2026-06-01T22:39:39,scraper_lider,"Snack Perro Adulto Huesitos Sabor Pollo, Vacuno Y Cordero Bolsa 7 Un Buddy Pet",Desayuno y Snacks,Snacks,mascota_fuera_de_mascotas,Mascotas,Alimento Perros,Alta
2026-06-01T22:39:39,scraper_lider,Snack Perro Adulto Trutros De Pato Con Huesitos De Calcio Bolsa 400 g Buddy Pet,Desayuno y Snacks,Snacks,mascota_fuera_de_mascotas,Mascotas,Alimento Perros,Alta
2026-06-01T22:39:39,scraper_lider,Snack Gato Adulto Pellet Tentador Sabor Carne Bolsa 80 g Whiskas,Desayuno y Snacks,Snacks,mascota_fuera_de_mascotas,Mascotas,Alimento Gatos,Alta
2026-06-01T22:39:39,scraper_lider,Snack Perro Meat Mix Lamb Con Spinaca & Beef Apple Bolsa g g Naturalistic,Desayuno y Snacks,Snacks,mascota_fuera_de_mascotas,Mascotas,Alimento Perros,Alta
2026-06-01T22:39:39,scraper_lider,Snack Perro Adulto Seco Buddies Bocadito Sabor Carne Bolsa 75 g Buddy Pet,Desayuno y Snacks,Snacks,mascota_fuera_de_mascotas,Mascotas,Alimento Perros,Alta
2026-06-01T22:39:39,scraper_lider,Snack Delicias Salsa Cremosa Sabor Atún Sachet 56 g Champion Cat,Desayuno y Snacks,Snacks,mascota_fuera_de_mascotas,Mascotas,Alimento Gatos,Alta
2026-06-01T22:39:39,scraper_lider,Snack Delicias Salsa Cremosa Sabor Salmón Sachet 56 g Champion Cat,Desayuno y Snacks,Snacks,mascota_fuera_de_mascotas,Mascotas,Alimento Gatos,Alta
2026-06-01T22:39:40,scraper_lider,Snack Delicias Salsa Cremosa Sabor Pollo Sachet 56 g Champion Cat,Desayuno y Snacks,Snacks,mascota_fuera_de_mascotas,Mascotas,Alimento Gatos,Alta
2026-06-01T22:39:42,scraper_lider,Suflés Gatolate Chocolate 200 g Evercrisp,Desayuno y Snacks,Snacks,mascota_fuera_de_mascotas,Mascotas,Alimento Gatos,Alta
2026-06-01T22:39:42,scraper_lider,"Jugo De Manzana 1,3 L Lider",Desayuno y Snacks,Snacks,bebida_fuera_de_bebidas,Bebidas,Jugos,Media
2026-06-01T22:39:42,scraper_lider,Jugo Mandarina 1000 ml Bless,Desayuno y Snacks,Snacks,bebida_fuera_de_bebidas,Bebidas,Jugos,Media
2026-06-01T22:39:42,scraper_lider,"Jugo De Mix Tropical 1,3 L Lider",Desayuno y Snacks,Snacks,bebida_fuera_de_bebidas,Bebidas,Jugos,Media
2026-06-01T22:39:43,scraper_lider,Bebida Ginger Ale Pack Lata 6 Un Schweppes,Desayuno y Snacks,Snacks,bebida_fuera_de_bebidas,Bebidas,Bebidas,Media
2026-06-01T22:39:43,scraper_lider,Bebida Limón Pack Lata 6 Un Sprite,Desayuno y Snacks,Snacks,bebida_fuera_de_bebidas,Bebidas,Bebidas,Media
2026-06-01T22:39:43,scraper_lider,Bebida Limón Original Botella Retornable 3 L Sprite,Desayuno y Snacks,Snacks,bebida_fuera_de_bebidas,Bebidas,Bebidas,Media
2026-06-01T22:39:43,scraper_lider,Bebida Papaya Original Botella,Desayuno y Snacks,Snacks,bebida_fuera_de_bebidas,Bebidas,Bebidas,Media
2026-06-01T22:39:43,scraper_lider,"Bebida Sabor Frutal Botella Retornable 2,5 L Bilz",Desayuno y Snacks,Snacks,bebida_fuera_de_bebidas,Bebidas,Bebidas,Media
2026-06-01T22:39:43,scraper_lider,Nectar Tetra Pack Manzana 0.2 L Watts,Desayuno y Snacks,Snacks,bebida_fuera_de_bebidas,Bebidas,Jugos,Media
2026-06-01T22:39:43,scraper_lider,Jugo Tomate 340 ml Campbells,Desayuno y Snacks,Snacks,bebida_fuera_de_bebidas,Bebidas,Jugos,Media
2026-06-01T22:39:43,scraper_lider,Néctar Lata Manzana 335 ml Jumex,Desayuno y Snacks,Snacks,bebida_fuera_de_bebidas,Bebidas,Jugos,Media
2026-06-01T22:39:43,scraper_lider,"Bebida Pomelo Botella 1,5 L Fanta",Desayuno y Snacks,Snacks,bebida_fuera_de_bebidas,Bebidas,Bebidas,Media
2026-06-01T22:39:43,scraper_lider,Bebida Papaya Zero Botella,Desayuno y Snacks,Snacks,bebida_fuera_de_bebidas,Bebidas,Bebidas,Media
2026-06-01T22:39:43,scraper_lider,Kombucha Cedrón 500 ml Kombuchacha,Desayuno y Snacks,Snacks,bebida_fuera_de_bebidas,Bebidas,Jugos,Media
2026-06-01T22:39:43,scraper_lider,Bebida Frutal Original Botella 3 L Bilz,Desayuno y Snacks,Snacks,bebida_fuera_de_bebidas,Bebidas,Bebidas,Media
2026-06-01T22:39:43,scraper_lider,Bebida Zero Botella 600 ml Pepsi,Desayuno y Snacks,Snacks,bebida_fuera_de_bebidas,Bebidas,Bebidas,Media
2026-06-01T22:39:43,scraper_lider,Néctar Frugo Piña,Desayuno y Snacks,Snacks,bebida_fuera_de_bebidas,Bebidas,Jugos,Media
2026-06-01T22:39:43,scraper_lider,Néctar Frugo Naranja,Desayuno y Snacks,Snacks,bebida_fuera_de_bebidas,Bebidas,Jugos,Media
2026-06-01T22:39:43,scraper_lider,Néctar Frugo Maracuyá,Desayuno y Snacks,Snacks,bebida_fuera_de_bebidas,Bebidas,Jugos,Media
2026-06-01T22:39:43,scraper_lider,Néctar Caja Piña 200 ml Del Valle,Desayuno y Snacks,Snacks,bebida_fuera_de_bebidas,Bebidas,Jugos,Media
2026-06-01T22:39:43,scraper_lider,Jugo Colación Sabor Manzana Caja 200 ml Afe,Desayuno y Snacks,Snacks,bebida_fuera_de_bebidas,Bebidas,Jugos,Media
2026-06-01T22:39:43,scraper_lider,Jugo Colación Sabor Pera Caja 200 ml Afe,Desayuno y Snacks,Snacks,bebida_fuera_de_bebidas,Bebidas,Jugos,Media
2026-06-01T22:39:43,scraper_lider,Bebida Hidratante Frutos Tropicales Botella 1 L Ironade,Desayuno y Snacks,Snacks,bebida_fuera_de_bebidas,Bebidas,Bebidas,Media
2026-06-01T22:39:43,scraper_lider,Kombucha Orgánica Jengibre 500 ml Kombuchacha,Desayuno y Snacks,Snacks,bebida_fuera_de_bebidas,Bebidas,Jugos,Media
2026-06-01T22:39:43,scraper_lider,Jugo Verde Tretra Pak 960 ml Jumex,Desayuno y Snacks,Snacks,bebida_fuera_de_bebidas,Bebidas,Jugos,Media
2026-06-01T22:39:43,scraper_lider,Bebida Original Pack Lata 350 ml Coca-Cola,Desayuno y Snacks,Snacks,bebida_fuera_de_bebidas,Bebidas,Bebidas,Media
2026-06-01T22:39:43,scraper_lider,Bebida Naranja Original Botella Retornable 2 L Fanta,Desayuno y Snacks,Snacks,bebida_fuera_de_bebidas,Bebidas,Bebidas,Media
2026-06-01T22:39:43,scraper_lider,Bebida Limón Original Botella Retornable 2 L Sprite,Desayuno y Snacks,Snacks,bebida_fuera_de_bebidas,Bebidas,Bebidas,Media
2026-06-01T22:39:43,scraper_lider,Bebida Light Pack Lata 6 Un Coca-Cola,Desayuno y Snacks,Snacks,bebida_fuera_de_bebidas,Bebidas,Bebidas,Media
2026-06-01T22:39:43,scraper_lider,Bebida Limón Sin Azúcar Botella Retornable 2 L Sprite,Desayuno y Snacks,Snacks,bebida_fuera_de_bebidas,Bebidas,Bebidas,Media
2026-06-01T22:39:43,scraper_lider,Bebida Ginger Ale Sin Azúcar Pack Lata 6 Un Schweppes,Desayuno y Snacks,Snacks,bebida_fuera_de_bebidas,Bebidas,Bebidas,Media
2026-06-01T22:39:43,scraper_lider,Bebida Naranja Original Botella Retornable 3 L Fanta,Desayuno y Snacks,Snacks,bebida_fuera_de_bebidas,Bebidas,Bebidas,Media
2026-06-01T22:39:43,scraper_lider,Bebida Original Botella 3 L Inca Kola,Desayuno y Snacks,Snacks,bebida_fuera_de_bebidas,Bebidas,Bebidas,Media
2026-06-01T22:39:43,scraper_lider,Bebida Naranja Original Botella 591 ml Fanta,Desayuno y Snacks,Snacks,bebida_fuera_de_bebidas,Bebidas,Bebidas,Media
2026-06-01T22:39:43,scraper_lider,Bebida Limón Botella 3 L Limón Soda,Desayuno y Snacks,Snacks,bebida_fuera_de_bebidas,Bebidas,Bebidas,Media
2026-06-01T22:39:43,scraper_lider,Bebida Isotónica Cool Blue Botella 500 ml Gatorade,Desayuno y Snacks,Snacks,mascota_fuera_de_mascotas,Mascotas,Alimento Gatos,Alta
2026-06-01T22:39:43,scraper_lider,Bebida Zero Piña Botella 600 ml Kem,Desayuno y Snacks,Snacks,bebida_fuera_de_bebidas,Bebidas,Bebidas,Media
2026-06-01T22:39:43,scraper_lider,Bebida Piña Original Botella 600 cc Kem,Desayuno y Snacks,Snacks,bebida_fuera_de_bebidas,Bebidas,Bebidas,Media
2026-06-01T22:39:43,scraper_lider,Bebida Naranja Original Botella 600 cc Crush,Desayuno y Snacks,Snacks,bebida_fuera_de_bebidas,Bebidas,Bebidas,Media
2026-06-01T22:39:43,scraper_lider,Bebida Frutal Original Botella 600 cc Bilz,Desayuno y Snacks,Snacks,bebida_fuera_de_bebidas,Bebidas,Bebidas,Media
2026-06-01T22:39:43,scraper_lider,Jugo En Polvo Sabor Limón Dulce Sobre 15 g Zuko,Desayuno y Snacks,Snacks,bebida_fuera_de_bebidas,Bebidas,Jugos,Media
2026-06-01T22:39:43,scraper_lider,"Néctar Durazno Botella 1,5 Lt Livean",Desayuno y Snacks,Snacks,bebida_fuera_de_bebidas,Bebidas,Jugos,Media
2026-06-01T22:39:43,scraper_lider,Agua Saborizada Manzana Botella 500 ml Benedictino,Desayuno y Snacks,Snacks,bebida_fuera_de_bebidas,Bebidas,Aguas,Media
2026-06-01T22:39:43,scraper_lider,Jugo Pera Manzana Caja 200 ml Bless,Desayuno y Snacks,Snacks,bebida_fuera_de_bebidas,Bebidas,Jugos,Media
2026-06-01T22:39:43,scraper_lider,Jugo Damasco Manzana Caja 200 g Bless,Desayuno y Snacks,Snacks,bebida_fuera_de_bebidas,Bebidas,Jugos,Media
2026-06-01T22:39:44,scraper_lider,Bebida Energética Sabor Piña Ultra Gold Lata 473 ml Monster,Desayuno y Snacks,Snacks,bebida_fuera_de_bebidas,Bebidas,Bebidas Energeticas,Media
2026-06-01T22:39:44,scraper_lider,Bebida Energética Lata Guarana Gorilla 473 ml Score,Desayuno y Snacks,Snacks,bebida_fuera_de_bebidas,Bebidas,Bebidas Energeticas,Media
2026-06-01T22:39:44,scraper_lider,Néctar Sabor Piña Lata 335 ml Jumex,Desayuno y Snacks,Snacks,bebida_fuera_de_bebidas,Bebidas,Jugos,Media
2026-06-01T22:39:44,scraper_lider,Bebida Original Botella Retornable 2 L Coca-Cola,Desayuno y Snacks,Snacks,bebida_fuera_de_bebidas,Bebidas,Bebidas,Media
2026-06-01T22:39:44,scraper_lider,"Bebida Limón Original Botella 1,5 L Sprite",Desayuno y Snacks,Snacks,bebida_fuera_de_bebidas,Bebidas,Bebidas,Media
2026-06-01T22:39:44,scraper_lider,Bebida Original Botella Retornable 2 L Inca Kola,Desayuno y Snacks,Snacks,bebida_fuera_de_bebidas,Bebidas,Bebidas,Media
2026-06-01T22:39:44,scraper_lider,Bebida Original Botella Retornable 3 L Coca-Cola,Desayuno y Snacks,Snacks,bebida_fuera_de_bebidas,Bebidas,Bebidas,Media
2026-06-01T22:39:44,scraper_lider,Bebida Piña Zero Botella 3 L Kem,Desayuno y Snacks,Snacks,bebida_fuera_de_bebidas,Bebidas,Bebidas,Media
2026-06-01T22:39:44,scraper_lider,Agua Mineral Con Gas Botella 600 ml Cachantun,Desayuno y Snacks,Snacks,bebida_fuera_de_bebidas,Bebidas,Aguas,Media
2026-06-01T22:39:44,scraper_lider,Agua Mineral Sin Gas Botella 600 ml Cachantun,Desayuno y Snacks,Snacks,bebida_fuera_de_bebidas,Bebidas,Aguas,Media
2026-06-01T22:39:44,scraper_lider,"Néctar Sabor Manzana Botella 1,5 L Livean",Desayuno y Snacks,Snacks,bebida_fuera_de_bebidas,Bebidas,Jugos,Media
2026-06-01T22:39:44,scraper_lider,Jugo Natural Naranja 1 L Watts,Desayuno y Snacks,Snacks,bebida_fuera_de_bebidas,Bebidas,Jugos,Media
2026-06-01T22:39:44,scraper_lider,Bebida Enérgetica Bubble Gum Lata 473 ml Score,Desayuno y Snacks,Snacks,bebida_fuera_de_bebidas,Bebidas,Bebidas Energeticas,Media
2026-06-01T22:39:44,scraper_lider,Néctar Sabor Coco Piña Lata 335 ml Jumex,Desayuno y Snacks,Snacks,bebida_fuera_de_bebidas,Bebidas,Jugos,Media
2026-06-01T22:39:44,scraper_lider,"Bebida Naranja Original Botella Retornable 2,5 L Crush",Desayuno y Snacks,Snacks,bebida_fuera_de_bebidas,Bebidas,Bebidas,Media
2026-06-01T22:39:44,scraper_lider,Néctar Tetra Pack Light Sabor Mango 1500 ml Watts,Desayuno y Snacks,Snacks,bebida_fuera_de_bebidas,Bebidas,Jugos,Media
2026-06-01T22:39:44,scraper_lider,Bebida Original Limón Botella 600 ml Limón Soda,Desayuno y Snacks,Snacks,bebida_fuera_de_bebidas,Bebidas,Bebidas,Media
2026-06-01T22:39:44,scraper_lider,Agua Mineral Light Gas Botella 600 ml Cachantun,Desayuno y Snacks,Snacks,bebida_fuera_de_bebidas,Bebidas,Aguas,Media
2026-06-01T22:39:44,scraper_lider,"Néctar Piña Botella 1,5 L Watts",Desayuno y Snacks,Snacks,bebida_fuera_de_bebidas,Bebidas,Jugos,Media
2026-06-01T22:39:44,scraper_lider,Néctar Selección Mango Maracuyá 1 L Watts,Desayuno y Snacks,Snacks,bebida_fuera_de_bebidas,Bebidas,Jugos,Media
2026-06-01T22:39:44,scraper_lider,Jugo Natural Naranja Maracuya 1 L Bless,Desayuno y Snacks,Snacks,bebida_fuera_de_bebidas,Bebidas,Jugos,Media
2026-06-01T22:39:44,scraper_lider,Jugo Naranja 100% Natural 1 L Bless,Desayuno y Snacks,Snacks,bebida_fuera_de_bebidas,Bebidas,Jugos,Media
2026-06-01T22:39:44,scraper_lider,"Néctar Durazno Sin Azúcar Botella 1,5 L Watts",Desayuno y Snacks,Snacks,bebida_fuera_de_bebidas,Bebidas,Jugos,Media
2026-06-01T22:39:44,scraper_lider,Bebida Limón Zero Botella 3 L Limón Soda,Desayuno y Snacks,Snacks,bebida_fuera_de_bebidas,Bebidas,Bebidas,Media
2026-06-01T22:39:44,scraper_lider,Néctar Durazno Caja 115 ml Watts,Desayuno y Snacks,Snacks,bebida_fuera_de_bebidas,Bebidas,Jugos,Media
2026-06-01T22:39:44,scraper_lider,Néctar Manzana Caja 115 ml Watts,Desayuno y Snacks,Snacks,bebida_fuera_de_bebidas,Bebidas,Jugos,Media
2026-06-01T22:39:44,scraper_lider,"Agua Saborizada Limonada Jengibre Sin Gas Botella 1,5 L Benedictino",Desayuno y Snacks,Snacks,bebida_fuera_de_bebidas,Bebidas,Aguas,Media
2026-06-01T22:39:44,scraper_lider,"Agua Saborizada Pomelo Menta Sin Gas Botella 1,5 L Benedictino",Desayuno y Snacks,Snacks,bebida_fuera_de_bebidas,Bebidas,Aguas,Media
2026-06-01T22:39:44,scraper_lider,Bebida Limonada Pink 475 Cc Botella 475 cc Love Lemon,Desayuno y Snacks,Snacks,bebida_fuera_de_bebidas,Bebidas,Bebidas,Media
2026-06-01T22:39:44,scraper_lider,Jugo Rrfrigerado Manzana Mango Piña Orgánico Botella 1 Ama Time,Desayuno y Snacks,Snacks,bebida_fuera_de_bebidas,Bebidas,Jugos,Media
2026-06-01T22:39:44,scraper_lider,Jugo 100% De Naranja Don Simon,Desayuno y Snacks,Snacks,bebida_fuera_de_bebidas,Bebidas,Jugos,Media
2026-06-01T22:39:44,scraper_lider,Bebida Energética Original Lata 473 ml Score,Desayuno y Snacks,Snacks,bebida_fuera_de_bebidas,Bebidas,Bebidas Energeticas,Media
2026-06-01T22:39:44,scraper_lider,"Bebida Light Botella 2,5 L Coca-Cola",Desayuno y Snacks,Snacks,bebida_fuera_de_bebidas,Bebidas,Bebidas,Media
2026-06-01T22:39:44,scraper_lider,"Bebida Light Botella 1,5 L Coca-Cola",Desayuno y Snacks,Snacks,bebida_fuera_de_bebidas,Bebidas,Bebidas,Media
2026-06-01T22:39:44,scraper_lider,"Bebida Sin Azúcar Botella 1,5 L Coca-Cola",Desayuno y Snacks,Snacks,bebida_fuera_de_bebidas,Bebidas,Bebidas,Media
2026-06-01T22:39:44,scraper_lider,"Bebida Sin Azúcar Botella 2,5 L Coca-Cola",Desayuno y Snacks,Snacks,bebida_fuera_de_bebidas,Bebidas,Bebidas,Media
2026-06-01T22:39:44,scraper_lider,"Bebida Ginger Ale Sin Azúcar Botella 1,5 L Schweppes",Desayuno y Snacks,Snacks,bebida_fuera_de_bebidas,Bebidas,Bebidas,Media
2026-06-01T22:39:44,scraper_lider,Bebida Frutal Pack Lata 6 Un Bilz,Desayuno y Snacks,Snacks,bebida_fuera_de_bebidas,Bebidas,Bebidas,Media
2026-06-01T22:39:44,scraper_lider,Pepsi Botella Zero 2500 ml Pepsi zero,Desayuno y Snacks,Snacks,bebida_fuera_de_bebidas,Bebidas,Bebidas,Media
2026-06-01T22:39:44,scraper_lider,Bebida Sabor Papaya Botella,Desayuno y Snacks,Snacks,bebida_fuera_de_bebidas,Bebidas,Bebidas,Media
2026-06-01T22:39:44,scraper_lider,Bebida Isotónica Sabor Sandia 625 ml Fastlyte,Desayuno y Snacks,Snacks,bebida_fuera_de_bebidas,Bebidas,Bebidas,Media
2026-06-01T22:39:44,scraper_lider,Bebida Isotónica Blue Botella 500 ml Isopro,Desayuno y Snacks,Snacks,bebida_fuera_de_bebidas,Bebidas,Bebidas,Media
2026-06-01T22:39:44,scraper_lider,Bebida Isotónica Red Botella 500 ml Isopro,Desayuno y Snacks,Snacks,bebida_fuera_de_bebidas,Bebidas,Bebidas,Media
2026-06-01T22:39:44,scraper_lider,Bebida Energética Original Botella 720 ml Mr. Big,Desayuno y Snacks,Snacks,bebida_fuera_de_bebidas,Bebidas,Bebidas Energeticas,Media
2026-06-01T22:39:44,scraper_lider,Bebida Hidratante Arándano-pomelo Botella 1 L Suerox,Desayuno y Snacks,Snacks,bebida_fuera_de_bebidas,Bebidas,Bebidas,Media
2026-06-01T22:39:44,scraper_lider,Bebida Energética Drink Pack 4 Latas 250 ml Red Bull,Desayuno y Snacks,Snacks,bebida_fuera_de_bebidas,Bebidas,Bebidas Energeticas,Media
2026-06-01T22:39:44,scraper_lider,Bebida Energética Sin Azúcar Lata 473 ml Red Bull,Desayuno y Snacks,Snacks,bebida_fuera_de_bebidas,Bebidas,Bebidas Energeticas,Media
2026-06-01T22:39:44,scraper_lider,Bebida Ginger Ale Pack Lata 6 Un Canada Dry,Desayuno y Snacks,Snacks,bebida_fuera_de_bebidas,Bebidas,Bebidas,Media
2026-06-01T22:39:44,scraper_lider,Bebida Sabor Cola Original Pack 6 Lata 6 Un Pepsi,Desayuno y Snacks,Snacks,bebida_fuera_de_bebidas,Bebidas,Bebidas,Media
2026-06-01T22:39:44,scraper_lider,"Néctar Tutifrutilla Light 0% Azúcar Añadida Botella 1,5 L Watts",Desayuno y Snacks,Snacks,bebida_fuera_de_bebidas,Bebidas,Jugos,Media
2026-06-01T22:39:44,scraper_lider,Bebida Papaya Zero Botella,Desayuno y Snacks,Snacks,bebida_fuera_de_bebidas,Bebidas,Bebidas,Media
2026-06-01T22:39:44,scraper_lider,Bebida Original Botella 1500 ml Pepsi,Desayuno y Snacks,Snacks,bebida_fuera_de_bebidas,Bebidas,Bebidas,Media
2026-06-01T22:39:44,scraper_lider,Bebida Original Botella 3 L Pepsi,Desayuno y Snacks,Snacks,bebida_fuera_de_bebidas,Bebidas,Bebidas,Media
2026-06-01T22:39:44,scraper_lider,"Bebida Ginger Ale Light Botella 1,5 L Canada Dry",Desayuno y Snacks,Snacks,bebida_fuera_de_bebidas,Bebidas,Bebidas,Media
2026-06-01T22:39:44,scraper_lider,"Néctar Naranja Light 0% Azúcar Añadida Botella 1,5 L Watts",Desayuno y Snacks,Snacks,bebida_fuera_de_bebidas,Bebidas,Jugos,Media
2026-06-01T22:39:44,scraper_lider,Jugo En Polvo Libre De Azúcar Durazno Huesillo 8g Sobre Vivo,Desayuno y Snacks,Snacks,bebida_fuera_de_bebidas,Bebidas,Jugos,Media
2026-06-01T22:39:44,scraper_lider,Néctar De Manzana Caja 190 ml Vivo,Desayuno y Snacks,Snacks,bebida_fuera_de_bebidas,Bebidas,Jugos,Media
2026-06-01T22:39:44,scraper_lider,Jugo En Polvo Sabor Durazno Sobre 20 g Sprim,Desayuno y Snacks,Snacks,bebida_fuera_de_bebidas,Bebidas,Jugos,Media
2026-06-01T22:39:44,scraper_lider,Jugo En Polvo Frambuesa Sobre 20 g Sprim,Desayuno y Snacks,Snacks,bebida_fuera_de_bebidas,Bebidas,Jugos,Media
2026-06-01T22:39:44,scraper_lider,Jugo En Polvo Melón Tuna Sobre 20 g Sprim,Desayuno y Snacks,Snacks,bebida_fuera_de_bebidas,Bebidas,Jugos,Media
2026-06-01T22:39:44,scraper_lider,Jugo En Polvo Go Blue Sobre 60 g Zuko,Desayuno y Snacks,Snacks,bebida_fuera_de_bebidas,Bebidas,Jugos,Media
2026-06-01T22:39:44,scraper_lider,Jugo En Polvo Light Blue Sobre 8 g Go!,Desayuno y Snacks,Snacks,bebida_fuera_de_bebidas,Bebidas,Jugos,Media
2026-06-01T22:39:44,scraper_lider,"Agua Purificada Sin Gas Botella 2,5 L Bendictino",Desayuno y Snacks,Snacks,bebida_fuera_de_bebidas,Bebidas,Aguas,Media
2026-06-01T22:39:44,scraper_lider,Bebida Isotónica Frozen Blast Botella 600 ml Powerade,Desayuno y Snacks,Snacks,bebida_fuera_de_bebidas,Bebidas,Bebidas,Media
2026-06-01T22:39:44,scraper_lider,Bebida Isotónica Frozen Blast Zero Botella 600 ml Powerade,Desayuno y Snacks,Snacks,bebida_fuera_de_bebidas,Bebidas,Bebidas,Media
2026-06-01T22:39:44,scraper_lider,"Bebida Isotónica Zero Frozen Blast 1,1 L Powerade",Desayuno y Snacks,Snacks,bebida_fuera_de_bebidas,Bebidas,Bebidas,Media
2026-06-01T22:39:44,scraper_lider,"Bebida Isotónica Zero Lima Limón 1,1 L Powerade",Desayuno y Snacks,Snacks,bebida_fuera_de_bebidas,Bebidas,Bebidas,Media
2026-06-01T22:39:44,scraper_lider,Bebida Isotónica 630 ml Suerox,Desayuno y Snacks,Snacks,bebida_fuera_de_bebidas,Bebidas,Bebidas,Media
2026-06-01T22:39:44,scraper_lider,Bebida Energética The Yellow Pack 4 Un Lata 250 ml Red Bull,Desayuno y Snacks,Snacks,bebida_fuera_de_bebidas,Bebidas,Bebidas Energeticas,Media
2026-06-01T22:39:44,scraper_lider,Bebida Original Botella 2 L Coca-Cola,Desayuno y Snacks,Snacks,bebida_fuera_de_bebidas,Bebidas,Bebidas,Media
2026-06-01T22:39:44,scraper_lider,"Bebida Naranja Botella 2,5 L Fanta",Desayuno y Snacks,Snacks,bebida_fuera_de_bebidas,Bebidas,Bebidas,Media
2026-06-01T22:39:44,scraper_lider,Bebida Botella Sabor Original Limón 591 ml Sprite,Desayuno y Snacks,Snacks,bebida_fuera_de_bebidas,Bebidas,Bebidas,Media
2026-06-01T22:39:44,scraper_lider,Bebida Limón Original Botella 3 L Seven Up,Desayuno y Snacks,Snacks,bebida_fuera_de_bebidas,Bebidas,Bebidas,Media
2026-06-01T22:39:44,scraper_lider,"Bebida Energética Xtreme Botella 1,5 L Kem",Desayuno y Snacks,Snacks,bebida_fuera_de_bebidas,Bebidas,Bebidas Energeticas,Media
2026-06-01T22:39:44,scraper_lider,"Agua Saborizada Pera Sin Gas Botella 1,6 L Mas",Desayuno y Snacks,Snacks,bebida_fuera_de_bebidas,Bebidas,Aguas,Media
2026-06-01T22:39:44,scraper_lider,Bebida Zero Botella 3 L Pepsi,Desayuno y Snacks,Snacks,bebida_fuera_de_bebidas,Bebidas,Bebidas,Media
2026-06-01T22:39:44,scraper_lider,Bebida Ginger Ale Zero Pack Lata 6 Un Canada Dry,Desayuno y Snacks,Snacks,bebida_fuera_de_bebidas,Bebidas,Bebidas,Media
2026-06-01T22:39:44,scraper_lider,Agua Saborizada Pera Sin Gas Botella 600 ml Mas,Desayuno y Snacks,Snacks,bebida_fuera_de_bebidas,Bebidas,Aguas,Media
2026-06-01T22:39:44,scraper_lider,Agua Saborizada Piña Sin Gas Botella 600 ml Mas,Desayuno y Snacks,Snacks,bebida_fuera_de_bebidas,Bebidas,Aguas,Media
2026-06-01T22:39:44,scraper_lider,"Bebida Sabor Frutal Botella 1,5 L Bilz",Desayuno y Snacks,Snacks,bebida_fuera_de_bebidas,Bebidas,Bebidas,Media
2026-06-01T22:39:44,scraper_lider,"Bebida Naranja Original Botella 1,5 L Crush",Desayuno y Snacks,Snacks,bebida_fuera_de_bebidas,Bebidas,Bebidas,Media
2026-06-01T22:39:44,scraper_lider,"Bebida Piña Original Botella 1,5 L Kem",Desayuno y Snacks,Snacks,bebida_fuera_de_bebidas,Bebidas,Bebidas,Media
2026-06-01T22:39:44,scraper_lider,Bebida Naranja Zero Botella 1500 cc Crush,Desayuno y Snacks,Snacks,bebida_fuera_de_bebidas,Bebidas,Bebidas,Media
2026-06-01T22:39:45,scraper_lider,Jugo En Polvo Go Para Deportistas Sabor Naranja Sobre 60 g Zuko,Desayuno y Snacks,Snacks,bebida_fuera_de_bebidas,Bebidas,Jugos,Media
2026-06-01T22:39:45,scraper_lider,Jugo En Polvo Libre De Azúcar Sabor Naranja 7 G Sobre 1 Un Livean,Desayuno y Snacks,Snacks,bebida_fuera_de_bebidas,Bebidas,Jugos,Media
2026-06-01T22:39:45,scraper_lider,Jugo En Polvo Libre De Azúcar Manzana Verde 7g Sobre 1 Un Livean,Desayuno y Snacks,Snacks,bebida_fuera_de_bebidas,Bebidas,Jugos,Media
2026-06-01T22:39:45,scraper_lider,Jugo En Polvo Libre De Azúcar Sabor Frutilla Sobre 7 g Livean,Desayuno y Snacks,Snacks,bebida_fuera_de_bebidas,Bebidas,Jugos,Media
2026-06-01T22:39:45,scraper_lider,Jugo En Polvo Libre De Azúcar Pera De Agua 7g Sobre 1 Un Livean,Desayuno y Snacks,Snacks,bebida_fuera_de_bebidas,Bebidas,Aguas,Media
2026-06-01T22:39:45,scraper_lider,Jugo En Polvo Libre De Azúcar Sabor Papaya 7g Sobre 1 Un Livean,Desayuno y Snacks,Snacks,bebida_fuera_de_bebidas,Bebidas,Jugos,Media
2026-06-01T22:39:45,scraper_lider,"Néctar Durazno Botella 1,75 L Del Valle",Desayuno y Snacks,Snacks,bebida_fuera_de_bebidas,Bebidas,Jugos,Media
2026-06-01T22:39:45,scraper_lider,Néctar Sabor Piña Caja 200 ml Soprole,Desayuno y Snacks,Snacks,bebida_fuera_de_bebidas,Bebidas,Jugos,Media
2026-06-01T22:39:45,scraper_lider,Néctar Sabor Naranja Caja 200 ml Soprole,Desayuno y Snacks,Snacks,bebida_fuera_de_bebidas,Bebidas,Jugos,Media
2026-06-01T22:39:45,scraper_lider,Néctar Sabor Durazno Caja 200 ml Soprole,Desayuno y Snacks,Snacks,bebida_fuera_de_bebidas,Bebidas,Jugos,Media
2026-06-01T22:39:45,scraper_lider,Néctar Sabor Manzana Caja 200 ml Soprole,Desayuno y Snacks,Snacks,bebida_fuera_de_bebidas,Bebidas,Jugos,Media
2026-06-01T22:39:45,scraper_lider,Bebida Botella Sabor Original 591 ml Coca-Cola,Desayuno y Snacks,Snacks,bebida_fuera_de_bebidas,Bebidas,Bebidas,Media
2026-06-01T22:39:45,scraper_lider,Bebida Naranja Sin Azúcar Botella 591 ml Fanta,Desayuno y Snacks,Snacks,bebida_fuera_de_bebidas,Bebidas,Bebidas,Media
2026-06-01T22:39:45,scraper_lider,"Bebida Piña Zero Botella 1,5 L Kem",Desayuno y Snacks,Snacks,bebida_fuera_de_bebidas,Bebidas,Bebidas,Media
2026-06-01T22:39:45,scraper_lider,"Agua Saborizada Manzana Sin Gas Botella 1,6 L Mas",Desayuno y Snacks,Snacks,bebida_fuera_de_bebidas,Bebidas,Aguas,Media
2026-06-01T22:39:45,scraper_lider,"Agua Saborizada Granada Sin Gas Botella 1,6 L Mas",Desayuno y Snacks,Snacks,bebida_fuera_de_bebidas,Bebidas,Aguas,Media
2026-06-01T22:39:45,scraper_lider,"Bebida Zero Botella 1,5 L Pepsi",Desayuno y Snacks,Snacks,bebida_fuera_de_bebidas,Bebidas,Bebidas,Media
2026-06-01T22:39:45,scraper_lider,"Bebida Original Limón Botella 1,5 L Seven Up",Desayuno y Snacks,Snacks,bebida_fuera_de_bebidas,Bebidas,Bebidas,Media
2026-06-01T22:39:45,scraper_lider,"Bebida Limón Botella 1,5 L Limón Soda",Desayuno y Snacks,Snacks,bebida_fuera_de_bebidas,Bebidas,Bebidas,Media
2026-06-01T22:39:45,scraper_lider,"Agua Mineral Sin Gas Botella 1,6 L Cachantun",Desayuno y Snacks,Snacks,bebida_fuera_de_bebidas,Bebidas,Aguas,Media
2026-06-01T22:39:45,scraper_lider,"Néctar Tetra Pack Naranja 1,75 L Del Valle",Desayuno y Snacks,Snacks,bebida_fuera_de_bebidas,Bebidas,Jugos,Media
2026-06-01T22:39:45,scraper_lider,Jugo Naranjada Original Botella 2 L Love Orange,Desayuno y Snacks,Snacks,bebida_fuera_de_bebidas,Bebidas,Jugos,Media
2026-06-01T22:39:45,scraper_lider,Bebida Energética Zero Azúcar Lata 250 ml Red Bull,Desayuno y Snacks,Snacks,bebida_fuera_de_bebidas,Bebidas,Bebidas Energeticas,Media
2026-06-01T22:39:45,scraper_lider,Bebida Energetica Mango Lata 473 ml Score,Desayuno y Snacks,Snacks,bebida_fuera_de_bebidas,Bebidas,Bebidas Energeticas,Media
2026-06-01T22:39:45,scraper_lider,Bebida Hidratante Electrolit Sabor Blue Raspberry,Desayuno y Snacks,Snacks,bebida_fuera_de_bebidas,Bebidas,Bebidas,Media
2026-06-01T22:39:45,scraper_lider,"Bebida Limón Zero Botella 1,5 L Limón Soda",Desayuno y Snacks,Snacks,bebida_fuera_de_bebidas,Bebidas,Bebidas,Media
2026-06-01T22:39:45,scraper_lider,"Bebida Ginger Ale Original Botella 1,5 L Canada Dry",Desayuno y Snacks,Snacks,bebida_fuera_de_bebidas,Bebidas,Bebidas,Media
2026-06-01T22:39:45,scraper_lider,Bebida Isotónica Rojo Botella 850 cc Powerade,Desayuno y Snacks,Snacks,bebida_fuera_de_bebidas,Bebidas,Bebidas,Media
2026-06-01T22:39:45,scraper_lider,Bebida Isotónica Naranja Botella 850 ml Powerade,Desayuno y Snacks,Snacks,bebida_fuera_de_bebidas,Bebidas,Bebidas,Media
2026-06-01T22:39:45,scraper_lider,Bebida Energética Original Lata 250 ml Red Bull,Desayuno y Snacks,Snacks,bebida_fuera_de_bebidas,Bebidas,Bebidas Energeticas,Media
2026-06-01T22:39:45,scraper_lider,Kombucha Fruta Prensada En Frío Manzana Y Jengibre 475 ml Dr Kombu,Desayuno y Snacks,Snacks,bebida_fuera_de_bebidas,Bebidas,Jugos,Media
2026-06-01T22:39:45,scraper_lider,Bebida Energética Gorilla Zero Azúcar Lata 473 ml Score,Desayuno y Snacks,Snacks,bebida_fuera_de_bebidas,Bebidas,Bebidas Energeticas,Media
2026-06-01T22:39:45,scraper_lider,Bebida Hidratante Frutilla Botella 625 ml Electrolit,Desayuno y Snacks,Snacks,bebida_fuera_de_bebidas,Bebidas,Bebidas,Media
2026-06-01T22:39:45,scraper_lider,"Bebida Ginger Ale Zero Botella 1,5 L Canada Dry",Desayuno y Snacks,Snacks,bebida_fuera_de_bebidas,Bebidas,Bebidas,Media
2026-06-01T22:39:45,scraper_lider,Galleta Mini Vino 35 g Costa,Desayuno y Snacks,Snacks,bebida_fuera_de_bebidas,Bebidas,Vinos,Media
2026-06-01T22:39:45,scraper_lider,Jugo Naranja 1.5 Litros 1500 ml Guallarauco,Desayuno y Snacks,Snacks,bebida_fuera_de_bebidas,Bebidas,Jugos,Media
2026-06-01T22:39:45,scraper_lider,Jugo Mango 1.5 Litros 1500 ml Guallarauco,Desayuno y Snacks,Snacks,bebida_fuera_de_bebidas,Bebidas,Jugos,Media
2026-06-01T22:39:45,scraper_lider,Jugo Manzana Caja 1 L Bless,Desayuno y Snacks,Snacks,bebida_fuera_de_bebidas,Bebidas,Jugos,Media
2026-06-01T22:39:45,scraper_lider,Jugo Element Bless Damasco Manzana Caja,Desayuno y Snacks,Snacks,bebida_fuera_de_bebidas,Bebidas,Jugos,Media
2026-06-01T22:39:45,scraper_lider,Bebida De Té Blanco Arándano 100% Natural 650 ml Arizona,Desayuno y Snacks,Snacks,bebida_fuera_de_bebidas,Bebidas,Bebidas,Media
2026-06-01T22:39:45,scraper_lider,Bebida Papaya Pack Lata,Desayuno y Snacks,Snacks,bebida_fuera_de_bebidas,Bebidas,Bebidas,Media
2026-06-01T22:39:45,scraper_lider,Jugo Naranja Mango 1.5 Litros 1500 ml Guallarauco,Desayuno y Snacks,Snacks,bebida_fuera_de_bebidas,Bebidas,Jugos,Media
2026-06-01T22:39:45,scraper_lider,Bebida Naranja Pack Lata 6 Un Fanta,Desayuno y Snacks,Snacks,bebida_fuera_de_bebidas,Bebidas,Bebidas,Media
2026-06-01T22:39:45,scraper_lider,Bebida Papaya Botella,Desayuno y Snacks,Snacks,bebida_fuera_de_bebidas,Bebidas,Bebidas,Media
2026-06-01T22:39:45,scraper_lider,Nectar Tetra Pack Durazno 0.2 L Watts,Desayuno y Snacks,Snacks,bebida_fuera_de_bebidas,Bebidas,Jugos,Media
2026-06-01T22:39:45,scraper_lider,"Jugo Naranja Exprimido Caja 1,5 L Watts",Desayuno y Snacks,Snacks,bebida_fuera_de_bebidas,Bebidas,Jugos,Media
2026-06-01T22:39:45,scraper_lider,Bebida Papaya Original Botella,Desayuno y Snacks,Snacks,bebida_fuera_de_bebidas,Bebidas,Bebidas,Media
2026-06-01T22:39:45,scraper_lider,Jugo En Polvo Sabor Huesillo Sobre 7 Livean,Desayuno y Snacks,Snacks,bebida_fuera_de_bebidas,Bebidas,Jugos,Media
2026-06-01T22:39:45,scraper_lider,Néctar Guallarauco Mango Maracuyá Botella,Desayuno y Snacks,Snacks,bebida_fuera_de_bebidas,Bebidas,Jugos,Media
2026-06-01T22:39:45,scraper_lider,"Jugo De Naranja 1,3 L Lider",Desayuno y Snacks,Snacks,bebida_fuera_de_bebidas,Bebidas,Jugos,Media
2026-06-01T22:39:45,scraper_lider,Bebida Original Pack Lata 6 Un Limón Soda,Desayuno y Snacks,Snacks,bebida_fuera_de_bebidas,Bebidas,Bebidas,Media
2026-06-01T22:39:45,scraper_lider,Jugo En Polvo Piña Sobre 20 g Sprim,Desayuno y Snacks,Snacks,bebida_fuera_de_bebidas,Bebidas,Jugos,Media
2026-06-01T22:39:45,scraper_lider,Jugo De Ciruela Botella 1 L Afe,Desayuno y Snacks,Snacks,bebida_fuera_de_bebidas,Bebidas,Jugos,Media
2026-06-01T22:39:45,scraper_lider,Bebida Energética Tropical Botella 720 ml Mr. Big,Desayuno y Snacks,Snacks,bebida_fuera_de_bebidas,Bebidas,Bebidas Energeticas,Media
2026-06-01T22:39:45,scraper_lider,Kombucha Arándano 500 ml Kombuchacha,Desayuno y Snacks,Snacks,bebida_fuera_de_bebidas,Bebidas,Jugos,Media
2026-06-01T22:39:45,scraper_lider,Bebida Coco Original Botella 1 L Amane,Desayuno y Snacks,Snacks,bebida_fuera_de_bebidas,Bebidas,Bebidas,Media
2026-06-01T22:39:45,scraper_lider,Bebida Coco Sin Azúcar Botella 1 L Amane,Desayuno y Snacks,Snacks,bebida_fuera_de_bebidas,Bebidas,Bebidas,Media
2026-06-01T22:39:45,scraper_lider,Bebida Piña Original Botella 3 L Kem,Desayuno y Snacks,Snacks,bebida_fuera_de_bebidas,Bebidas,Bebidas,Media
2026-06-01T22:39:46,scraper_lider,Bebida Sabor Piña Botella 2500 ml Kem,Desayuno y Snacks,Snacks,bebida_fuera_de_bebidas,Bebidas,Bebidas,Media
2026-06-01T22:39:46,scraper_lider,Bebida Original Botella 600 ml Pepsi,Desayuno y Snacks,Snacks,bebida_fuera_de_bebidas,Bebidas,Bebidas,Media
2026-06-01T22:39:46,scraper_lider,Jugo En Polvo Sabor Naranja Sobre 20 g Sprim,Desayuno y Snacks,Snacks,bebida_fuera_de_bebidas,Bebidas,Jugos,Media
2026-06-01T22:39:46,scraper_lider,Jugo En Polvo Sabor Mango Sobre 15 g Zuko,Desayuno y Snacks,Snacks,bebida_fuera_de_bebidas,Bebidas,Jugos,Media
2026-06-01T22:39:46,scraper_lider,Jugo En Polvo Con Colágeno Granada Sobre 7 g Livean,Desayuno y Snacks,Snacks,bebida_fuera_de_bebidas,Bebidas,Jugos,Media
2026-06-01T22:39:46,scraper_lider,Jugo Colación Sabor Naranja Caja 200 cc Watts,Desayuno y Snacks,Snacks,bebida_fuera_de_bebidas,Bebidas,Jugos,Media
2026-06-01T22:39:46,scraper_lider,Néctar Frugo Frutilla,Desayuno y Snacks,Snacks,bebida_fuera_de_bebidas,Bebidas,Jugos,Media
2026-06-01T22:39:46,scraper_lider,Néctar Frugo Berries,Desayuno y Snacks,Snacks,bebida_fuera_de_bebidas,Bebidas,Jugos,Media
2026-06-01T22:39:46,scraper_lider,Néctar Caja Durazno 200 ml Del Valle,Desayuno y Snacks,Snacks,bebida_fuera_de_bebidas,Bebidas,Jugos,Media
2026-06-01T22:39:46,scraper_lider,Jugo De Manzana 1 L Citric,Desayuno y Snacks,Snacks,bebida_fuera_de_bebidas,Bebidas,Jugos,Media
2026-06-01T22:39:46,scraper_lider,"Bebida Original Botella 1,5 L Coca-Cola",Desayuno y Snacks,Snacks,bebida_fuera_de_bebidas,Bebidas,Bebidas,Media
2026-06-01T22:39:46,scraper_lider,Bebida Light Pack Lata 6 Un Coca-Cola,Desayuno y Snacks,Snacks,bebida_fuera_de_bebidas,Bebidas,Bebidas,Media
2026-06-01T22:39:46,scraper_lider,Bebida Sin Azúcar Pack Lata 6 Un Coca-Cola,Desayuno y Snacks,Snacks,bebida_fuera_de_bebidas,Bebidas,Bebidas,Media
2026-06-01T22:39:46,scraper_lider,Bebida Frutal Zero Botella 600 ml Bilz,Desayuno y Snacks,Snacks,bebida_fuera_de_bebidas,Bebidas,Bebidas,Media
2026-06-01T22:39:46,scraper_lider,Bebida Isotónica Frutas Tropicales Botella 500 ml Gatorade,Desayuno y Snacks,Snacks,mascota_fuera_de_mascotas,Mascotas,Alimento Gatos,Alta
2026-06-01T22:39:46,scraper_lider,Néctar Sabor Piña Caja 1 L Vivo,Desayuno y Snacks,Snacks,bebida_fuera_de_bebidas,Bebidas,Jugos,Media
2026-06-01T22:39:46,scraper_lider,Néctar Sabor Durazno Caja 1 L Vivo,Desayuno y Snacks,Snacks,bebida_fuera_de_bebidas,Bebidas,Jugos,Media
2026-06-01T22:39:46,scraper_lider,Jugo En Polvo Con Colágeno Limón Menta Sobre 7 g Livean,Desayuno y Snacks,Snacks,bebida_fuera_de_bebidas,Bebidas,Jugos,Media
2026-06-01T22:39:46,scraper_lider,Agua Saborizada Frutos Rojos Botella 1.5 L Benedictino,Desayuno y Snacks,Snacks,bebida_fuera_de_bebidas,Bebidas,Aguas,Media
2026-06-01T22:39:46,scraper_lider,Néctar Sabor Naranja Caja 200 ml Del Valle,Desayuno y Snacks,Snacks,bebida_fuera_de_bebidas,Bebidas,Jugos,Media
2026-06-01T22:39:46,scraper_lider,Jugo Naranja Sin Pulpa Tretra Pak 960 ml Jumex,Desayuno y Snacks,Snacks,bebida_fuera_de_bebidas,Bebidas,Jugos,Media
2026-06-01T22:39:46,scraper_lider,Néctar Sabor Mango Lata 335 ml Jumex,Desayuno y Snacks,Snacks,bebida_fuera_de_bebidas,Bebidas,Jugos,Media
2026-06-01T22:39:46,scraper_lider,Néctar Durazno Frutas+vitamin Lata 340 ml Del Valle,Desayuno y Snacks,Snacks,bebida_fuera_de_bebidas,Bebidas,Jugos,Media
2026-06-01T22:39:46,scraper_lider,"Bebida Naranja Original Botella 1,5 L Fanta",Desayuno y Snacks,Snacks,bebida_fuera_de_bebidas,Bebidas,Bebidas,Media
2026-06-01T22:39:46,scraper_lider,Bebida Sin Azúcar Botella Retornable 3 L Coca-Cola,Desayuno y Snacks,Snacks,bebida_fuera_de_bebidas,Bebidas,Bebidas,Media
2026-06-01T22:39:46,scraper_lider,Bebida Sin Azúcar Botella Retornable 2 L Coca-Cola,Desayuno y Snacks,Snacks,bebida_fuera_de_bebidas,Bebidas,Bebidas,Media
2026-06-01T22:39:46,scraper_lider,Bebida Frutal Zero Botella 3 L Bilz,Desayuno y Snacks,Snacks,bebida_fuera_de_bebidas,Bebidas,Bebidas,Media
2026-06-01T22:39:46,scraper_lider,"Néctar Sabor Naranja Botella 1,5 L Livean",Desayuno y Snacks,Snacks,bebida_fuera_de_bebidas,Bebidas,Jugos,Media
2026-06-01T22:39:46,scraper_lider,"Néctar Sabor Piña Botella 1,5 L Livean",Desayuno y Snacks,Snacks,bebida_fuera_de_bebidas,Bebidas,Jugos,Media
2026-06-01T22:39:46,scraper_lider,Jugo Natural Arándano 1 L Watts,Desayuno y Snacks,Snacks,bebida_fuera_de_bebidas,Bebidas,Jugos,Media
2026-06-01T22:39:46,scraper_lider,Jugo Mango Naranja 1 L Sofruco,Desayuno y Snacks,Snacks,bebida_fuera_de_bebidas,Bebidas,Jugos,Media
2026-06-01T22:39:46,scraper_lider,Bebida Original Limonada Botella 475 cc Love Lemon,Desayuno y Snacks,Snacks,bebida_fuera_de_bebidas,Bebidas,Bebidas,Media
2026-06-01T22:39:46,scraper_lider,Bebida Original Limonada Botella 2 L Love Lemon,Desayuno y Snacks,Snacks,bebida_fuera_de_bebidas,Bebidas,Bebidas,Media
2026-06-01T22:39:46,scraper_lider,"Bebida Isotonica Tropical 1,5 L Hydroshock",Desayuno y Snacks,Snacks,bebida_fuera_de_bebidas,Bebidas,Bebidas,Media
2026-06-01T22:39:46,scraper_lider,Bebida Energética Lata Fruit Punch 473 ml Score,Desayuno y Snacks,Snacks,bebida_fuera_de_bebidas,Bebidas,Bebidas Energeticas,Media
2026-06-01T22:39:46,scraper_lider,Bebida Energética Original Lata 473 ml Monster,Desayuno y Snacks,Snacks,bebida_fuera_de_bebidas,Bebidas,Bebidas Energeticas,Media
2026-06-01T22:39:46,scraper_lider,Bebida Aloe Vera Durazno Botella 1 L Amane,Desayuno y Snacks,Snacks,bebida_fuera_de_bebidas,Bebidas,Bebidas,Media
2026-06-01T22:39:46,scraper_lider,Bebida Aloe Vera Granada Botella 1 L Amane,Desayuno y Snacks,Snacks,bebida_fuera_de_bebidas,Bebidas,Bebidas,Media
2026-06-01T22:39:46,scraper_lider,Bebida Aloe Vera Zero Botella 1 L Amane,Desayuno y Snacks,Snacks,bebida_fuera_de_bebidas,Bebidas,Bebidas,Media
2026-06-01T22:39:46,scraper_lider,"Jugo De Naranja 100% Exprimido 1,5 L Citric",Desayuno y Snacks,Snacks,bebida_fuera_de_bebidas,Bebidas,Jugos,Media
2026-06-01T22:39:46,scraper_lider,"Bebida Original Botella 2,5 L Coca-Cola",Desayuno y Snacks,Snacks,bebida_fuera_de_bebidas,Bebidas,Bebidas,Media
2026-06-01T22:39:46,scraper_lider,"Bebida Original Botella 1,5 L Inca Kola",Desayuno y Snacks,Snacks,bebida_fuera_de_bebidas,Bebidas,Bebidas,Media
2026-06-01T22:39:46,scraper_lider,"Bebida Ginger Ale Original Botella 1,5 L Schweppes",Desayuno y Snacks,Snacks,bebida_fuera_de_bebidas,Bebidas,Bebidas,Media
2026-06-01T22:39:46,scraper_lider,Bebida Ginger Ale Original Botella 3 L Canada Dry,Desayuno y Snacks,Snacks,bebida_fuera_de_bebidas,Bebidas,Bebidas,Media
2026-06-01T22:39:46,scraper_lider,"Bebida Sabor Cola Botella Retornable 2,5 L Pepsi",Desayuno y Snacks,Snacks,bebida_fuera_de_bebidas,Bebidas,Bebidas,Media
2026-06-01T22:39:46,scraper_lider,Agua Mineral Sin Gas Botella 1 L Cachantun,Desayuno y Snacks,Snacks,bebida_fuera_de_bebidas,Bebidas,Aguas,Media
2026-06-01T22:39:46,scraper_lider,"Néctar De Naranja Botella 1,5 L Watts",Desayuno y Snacks,Snacks,bebida_fuera_de_bebidas,Bebidas,Jugos,Media
2026-06-01T22:39:46,scraper_lider,"Néctar De Durazno Botella 1,5 L Watts",Desayuno y Snacks,Snacks,bebida_fuera_de_bebidas,Bebidas,Jugos,Media
2026-06-01T22:39:46,scraper_lider,Jugo Natural Fresco Piña 1 L Watts,Desayuno y Snacks,Snacks,bebida_fuera_de_bebidas,Bebidas,Jugos,Media
2026-06-01T22:39:46,scraper_lider,"Agua Saborizada Pera Sin Gas Botella 1,5 L Benedictino",Desayuno y Snacks,Snacks,bebida_fuera_de_bebidas,Bebidas,Aguas,Media
2026-06-01T22:39:46,scraper_lider,Bebida Limonada Menta Y Jengibre Botella 475 cc Love Lemon,Desayuno y Snacks,Snacks,bebida_fuera_de_bebidas,Bebidas,Bebidas,Media
2026-06-01T22:39:46,scraper_lider,Jugo Prensado Zanahoria Betarraga 1 lt Bless,Desayuno y Snacks,Snacks,bebida_fuera_de_bebidas,Bebidas,Jugos,Media
2026-06-01T22:39:46,scraper_lider,Jugo Prensado Pepino Manzana 1000 ml Bless,Desayuno y Snacks,Snacks,bebida_fuera_de_bebidas,Bebidas,Jugos,Media
2026-06-01T22:39:46,scraper_lider,Jugo Mango Naranja Manzana 1000 ml Bless,Desayuno y Snacks,Snacks,bebida_fuera_de_bebidas,Bebidas,Jugos,Media
2026-06-01T22:39:46,scraper_lider,Bebida Kombucha Mix De Berries 355 ml Dr Kombú,Desayuno y Snacks,Snacks,bebida_fuera_de_bebidas,Bebidas,Jugos,Media
2026-06-01T22:39:46,scraper_lider,Bebida Energética Ultra Sin Azúcar Lata 473 ml Monster,Desayuno y Snacks,Snacks,bebida_fuera_de_bebidas,Bebidas,Bebidas Energeticas,Media
2026-06-01T22:39:46,scraper_lider,Bebida Energética Mango Loco Lata 473 ml Monster,Desayuno y Snacks,Snacks,bebida_fuera_de_bebidas,Bebidas,Bebidas Energeticas,Media
2026-06-01T22:39:46,scraper_lider,Bebida Energética Aussie Lemonade Lata 473 ml Monster,Desayuno y Snacks,Snacks,bebida_fuera_de_bebidas,Bebidas,Bebidas Energeticas,Media
2026-06-01T22:39:46,scraper_lider,Agua Saborizada Energy Cítrico Tropical Botella 500 ml Vitamin Water,Desayuno y Snacks,Snacks,bebida_fuera_de_bebidas,Bebidas,Aguas,Media
2026-06-01T22:39:46,scraper_lider,"Bebida Limón Sin Azúcar Botella 1,5 L Sprite",Desayuno y Snacks,Snacks,bebida_fuera_de_bebidas,Bebidas,Bebidas,Media
2026-06-01T22:39:46,scraper_lider,"Bebida Sabor Limón Botella 2,5 L Limón Soda",Desayuno y Snacks,Snacks,bebida_fuera_de_bebidas,Bebidas,Bebidas,Media
2026-06-01T22:39:46,scraper_lider,"Agua Mineral Con Gas Botella 2,5 L Cachantun",Desayuno y Snacks,Snacks,bebida_fuera_de_bebidas,Bebidas,Aguas,Media
2026-06-01T22:39:46,scraper_lider,"Agua Mineral Sin Gas Botella 2,5 L Cachantun",Desayuno y Snacks,Snacks,bebida_fuera_de_bebidas,Bebidas,Aguas,Media
2026-06-01T22:39:46,scraper_lider,Bebida Ginger Ale Original Botella 600 ml Canada Dry,Desayuno y Snacks,Snacks,bebida_fuera_de_bebidas,Bebidas,Bebidas,Media
2026-06-01T22:39:46,scraper_lider,Jugo En Polvo Sabor Mandarina Sobre 7 g Vivo,Desayuno y Snacks,Snacks,bebida_fuera_de_bebidas,Bebidas,Jugos,Media
2026-06-01T22:39:46,scraper_lider,"Néctar Frambuesa Caja 1,6 L Watt's",Desayuno y Snacks,Snacks,bebida_fuera_de_bebidas,Bebidas,Jugos,Media
2026-06-01T22:39:46,scraper_lider,Jugo Natural Pomelo 1 L Sofruco,Desayuno y Snacks,Snacks,bebida_fuera_de_bebidas,Bebidas,Jugos,Media
2026-06-01T22:39:46,scraper_lider,Bebida Light Limonada 475 Cc Botella 475 cc Love Lemon,Desayuno y Snacks,Snacks,bebida_fuera_de_bebidas,Bebidas,Bebidas,Media
2026-06-01T22:39:46,scraper_lider,Jugo Refrigerado Manzana Jengibre Cúrcuma Orgánico Botella 1 Ama Time,Desayuno y Snacks,Snacks,bebida_fuera_de_bebidas,Bebidas,Jugos,Media
2026-06-01T22:39:46,scraper_lider,Bebida Kombucha Manzana Jengibre Lata 355 ml Dr Kombú,Desayuno y Snacks,Snacks,bebida_fuera_de_bebidas,Bebidas,Jugos,Media
2026-06-01T22:39:46,scraper_lider,Bebida Energética Ultra Paradise Sin Azúcar Lata 473 ml Monster,Desayuno y Snacks,Snacks,bebida_fuera_de_bebidas,Bebidas,Bebidas Energeticas,Media
2026-06-01T22:39:46,scraper_lider,Bebida Té Helado Negro Sabor Limón Lata 650 ml Arizona,Desayuno y Snacks,Snacks,bebida_fuera_de_bebidas,Bebidas,Bebidas,Media
2026-06-01T22:39:46,scraper_lider,Bebida Té Helado Negro Sabor Frambuesa Lata 650 ml Arizona,Desayuno y Snacks,Snacks,bebida_fuera_de_bebidas,Bebidas,Bebidas,Media
2026-06-01T22:39:46,scraper_lider,Bebida Energética Energy Peachy Keen Botella 473 ml Monster,Desayuno y Snacks,Snacks,bebida_fuera_de_bebidas,Bebidas,Bebidas Energeticas,Media
2026-06-01T22:39:46,scraper_lider,"Bebida Sin Azúcar Botella 1,5 L Inca Kola",Desayuno y Snacks,Snacks,bebida_fuera_de_bebidas,Bebidas,Bebidas,Media
2026-06-01T22:39:46,scraper_lider,Bebida Ginger Ale Zero Botella 3 L Nordic Mist,Desayuno y Snacks,Snacks,bebida_fuera_de_bebidas,Bebidas,Bebidas,Media
2026-06-01T22:39:46,scraper_lider,Bebida Original Botella 3 L Coca-Cola,Desayuno y Snacks,Snacks,bebida_fuera_de_bebidas,Bebidas,Bebidas,Media
2026-06-01T22:39:46,scraper_lider,"Néctar Sabor Tutti Frutilla Botella 1,5 L Watts",Desayuno y Snacks,Snacks,bebida_fuera_de_bebidas,Bebidas,Jugos,Media
2026-06-01T22:39:46,scraper_lider,Bebida Isotónica Frutas Tropicales Botella 1 L Gatorade,Desayuno y Snacks,Snacks,mascota_fuera_de_mascotas,Mascotas,Alimento Gatos,Alta
2026-06-01T22:39:46,scraper_lider,Bebida Isotónica Cool Blue Botella 1 L Gatorade,Desayuno y Snacks,Snacks,mascota_fuera_de_mascotas,Mascotas,Alimento Gatos,Alta
2026-06-01T22:39:46,scraper_lider,Néctar De Piña Light 0% Azúcar Añadida Botella 1500 cc Watts,Desayuno y Snacks,Snacks,bebida_fuera_de_bebidas,Bebidas,Jugos,Media
2026-06-01T22:39:46,scraper_lider,"Bebida Zero Sabor Cola Botella Retornable 2,5 L Pepsi",Desayuno y Snacks,Snacks,bebida_fuera_de_bebidas,Bebidas,Bebidas,Media
2026-06-01T22:39:46,scraper_lider,Néctar De Maracuyá 0% Azúcar Añadida Botella 1.5 L Watts,Desayuno y Snacks,Snacks,bebida_fuera_de_bebidas,Bebidas,Jugos,Media
2026-06-01T22:39:46,scraper_lider,"Néctar Mango Maracuya Caja 1,6 L Watt's",Desayuno y Snacks,Snacks,bebida_fuera_de_bebidas,Bebidas,Jugos,Media
2026-06-01T22:39:46,scraper_lider,"Jugo Fresco Naranja 100% Caja 1,6 L Watt's",Desayuno y Snacks,Snacks,bebida_fuera_de_bebidas,Bebidas,Jugos,Media
2026-06-01T22:39:47,scraper_lider,"Néctar Piña Coco 1,6 L Watt's",Desayuno y Snacks,Snacks,bebida_fuera_de_bebidas,Bebidas,Jugos,Media
2026-06-01T22:39:47,scraper_lider,Agua Mineral Vital Sin Gas Botella,Desayuno y Snacks,Snacks,bebida_fuera_de_bebidas,Bebidas,Aguas,Media
2026-06-01T22:39:47,scraper_lider,"Bebida Isotónica Roja 1,1 L Powerade",Desayuno y Snacks,Snacks,bebida_fuera_de_bebidas,Bebidas,Bebidas,Media
2026-06-01T22:39:47,scraper_lider,Jugo Natural Naranja 1 L Fundo Sofruco,Desayuno y Snacks,Snacks,bebida_fuera_de_bebidas,Bebidas,Jugos,Media
2026-06-01T22:39:47,scraper_lider,Jugo Natural Mandarina 1 L Fundo Sofruco,Desayuno y Snacks,Snacks,bebida_fuera_de_bebidas,Bebidas,Jugos,Media
2026-06-01T22:39:47,scraper_lider,Jugo Refrigerado Manzana Mango Zanahoria Betarraga Orgánico Botella 1 Ama Time,Desayuno y Snacks,Snacks,bebida_fuera_de_bebidas,Bebidas,Jugos,Media
2026-06-01T22:39:47,scraper_lider,Bebida Energética Sin Azúcar Pack 4 Latas 250 ml Red Bull,Desayuno y Snacks,Snacks,bebida_fuera_de_bebidas,Bebidas,Bebidas Energeticas,Media
2026-06-01T22:39:47,scraper_lider,Bebida Isotónica Lata Boost De Hidratación 4 Un Extra Life,Desayuno y Snacks,Snacks,bebida_fuera_de_bebidas,Bebidas,Bebidas,Media
2026-06-01T22:39:47,scraper_lider,Bebida Sin Azúcar Botella 3 L Coca-Cola,Desayuno y Snacks,Snacks,bebida_fuera_de_bebidas,Bebidas,Bebidas,Media
2026-06-01T22:39:47,scraper_lider,Bebida Naranja Original Botella 3 L Crush,Desayuno y Snacks,Snacks,bebida_fuera_de_bebidas,Bebidas,Bebidas,Media
2026-06-01T22:39:47,scraper_lider,Bebida Isotónica Frutas Tropicales Botella 750 ml Gatorade,Desayuno y Snacks,Snacks,mascota_fuera_de_mascotas,Mascotas,Alimento Gatos,Alta
2026-06-01T22:39:47,scraper_lider,Bebida Zero Pack Lata 6 Un Pepsi Zero,Desayuno y Snacks,Snacks,bebida_fuera_de_bebidas,Bebidas,Bebidas,Media
2026-06-01T22:39:47,scraper_lider,Bebida Isotónica Blue Berry Zero Botella 1 L Gatorade,Desayuno y Snacks,Snacks,mascota_fuera_de_mascotas,Mascotas,Alimento Gatos,Alta
2026-06-01T22:39:47,scraper_lider,Jugo En Polvo Naranja Sobre 8 g Vivo,Desayuno y Snacks,Snacks,bebida_fuera_de_bebidas,Bebidas,Jugos,Media
2026-06-01T22:39:47,scraper_lider,Jugo En Polvo Piña Sobre 7 g Vivo,Desayuno y Snacks,Snacks,bebida_fuera_de_bebidas,Bebidas,Jugos,Media
2026-06-01T22:39:47,scraper_lider,Jugo En Polvo Manzana Sobre 7 g Vivo,Desayuno y Snacks,Snacks,bebida_fuera_de_bebidas,Bebidas,Jugos,Media
2026-06-01T22:39:47,scraper_lider,Jugo En Polvo Sabor Frutilla Sobre 7 g Vivo,Desayuno y Snacks,Snacks,bebida_fuera_de_bebidas,Bebidas,Jugos,Media
2026-06-01T22:39:47,scraper_lider,Jugo En Polvo Sabor Maracuyá Sobre 7 g Vivo,Desayuno y Snacks,Snacks,bebida_fuera_de_bebidas,Bebidas,Jugos,Media
2026-06-01T22:39:47,scraper_lider,Jugo En Polvo Sabor Frutilla Sobre 20 g Sprim,Desayuno y Snacks,Snacks,bebida_fuera_de_bebidas,Bebidas,Jugos,Media
2026-06-01T22:39:47,scraper_lider,Jugo Tetra Pack En Polvo Flipy 20 g Sprim,Desayuno y Snacks,Snacks,bebida_fuera_de_bebidas,Bebidas,Jugos,Media
2026-06-01T22:39:47,scraper_lider,"Bebida Isotónica Frozen Blast Botella 1,1 L Powerade",Desayuno y Snacks,Snacks,bebida_fuera_de_bebidas,Bebidas,Bebidas,Media
2026-06-01T22:39:47,scraper_lider,"Bebida Isotónica Naranja Botella 1,1 L Powerade",Desayuno y Snacks,Snacks,bebida_fuera_de_bebidas,Bebidas,Bebidas,Media
2026-06-01T22:39:47,scraper_lider,Jugo Manzana Baja Acidez Botella 1890 ml Great Value,Desayuno y Snacks,Snacks,bebida_fuera_de_bebidas,Bebidas,Jugos,Media
2026-06-01T22:39:47,scraper_lider,Bebida Naranja Zero Botella 3 L Crush,Desayuno y Snacks,Snacks,bebida_fuera_de_bebidas,Bebidas,Bebidas,Media
2026-06-01T22:39:47,scraper_lider,Agua Saborizada Granada Sin Gas Botella 600 ml Mas,Desayuno y Snacks,Snacks,bebida_fuera_de_bebidas,Bebidas,Aguas,Media
2026-06-01T22:39:47,scraper_lider,Agua Saborizada Limonada Jengibre Sin Gas Botella 600 ml Mas,Desayuno y Snacks,Snacks,bebida_fuera_de_bebidas,Bebidas,Aguas,Media
2026-06-01T22:39:47,scraper_lider,Jugo En Polvo Libre De Azúcar Lima Limón Sobre 8 g Vivo,Desayuno y Snacks,Snacks,bebida_fuera_de_bebidas,Bebidas,Jugos,Media
2026-06-01T22:39:47,scraper_lider,Jugo En Polvo Libre De Azúcar Sabor Papaya Sobre 8 g Vivo,Desayuno y Snacks,Snacks,bebida_fuera_de_bebidas,Bebidas,Jugos,Media
2026-06-01T22:39:47,scraper_lider,Jugo En Polvo Libre De Azúcar Pera De Agua Sobre 8 g Vivo,Desayuno y Snacks,Snacks,bebida_fuera_de_bebidas,Bebidas,Aguas,Media
2026-06-01T22:39:47,scraper_lider,Jugo En Polvo Sabor Melón Tuna Sobre 7 g Vivo,Desayuno y Snacks,Snacks,bebida_fuera_de_bebidas,Bebidas,Jugos,Media
2026-06-01T22:39:47,scraper_lider,Jugo En Polvo Libre De Azúcar Sabor Durazno 7 G Sobre 1 Un Livean,Desayuno y Snacks,Snacks,bebida_fuera_de_bebidas,Bebidas,Jugos,Media
2026-06-01T22:39:47,scraper_lider,Jugo En Polvo Libre De Azúcar Sabor Piña 7 G Sobre 1 Un Livean,Desayuno y Snacks,Snacks,bebida_fuera_de_bebidas,Bebidas,Jugos,Media
2026-06-01T22:39:47,scraper_lider,Jugo En Polvo Libre De Azúcar Sabor Mango Sobre 7 g Livean,Desayuno y Snacks,Snacks,bebida_fuera_de_bebidas,Bebidas,Jugos,Media
2026-06-01T22:39:47,scraper_lider,Jugo En Polvo Libre De Azúcar Sabor Berries Sobre 7 g Livean,Desayuno y Snacks,Snacks,bebida_fuera_de_bebidas,Bebidas,Jugos,Media
2026-06-01T22:39:47,scraper_lider,Jugo En Polvo Libre De Azúcar Sabor Melón Tuna Sobre 1 Un Livean,Desayuno y Snacks,Snacks,bebida_fuera_de_bebidas,Bebidas,Jugos,Media
2026-06-01T22:39:47,scraper_lider,Jugo En Polvo Libre De Azúcar Sabor Limonada 7 G Sobre 1 Un Livean,Desayuno y Snacks,Snacks,bebida_fuera_de_bebidas,Bebidas,Jugos,Media
2026-06-01T22:39:47,scraper_lider,Néctar Sabor Damasco Caja 200 ml Soprole,Desayuno y Snacks,Snacks,bebida_fuera_de_bebidas,Bebidas,Jugos,Media
2026-06-01T22:39:47,scraper_lider,Néctar Sabor Mango Botella 1 L Guallarauco,Desayuno y Snacks,Snacks,bebida_fuera_de_bebidas,Bebidas,Jugos,Media
2026-06-01T22:39:47,scraper_lider,Néctar Sabores Mango Piña Naranja Botella 1 L Guallarauco,Desayuno y Snacks,Snacks,bebida_fuera_de_bebidas,Bebidas,Jugos,Media
2026-06-01T22:39:47,scraper_lider,Bebida Energética Acaí Lata 250 ml Red bull,Desayuno y Snacks,Snacks,bebida_fuera_de_bebidas,Bebidas,Bebidas Energeticas,Media
2026-06-01T22:39:47,scraper_lider,Bebida Botella Sin Azúcar 591 ml Coca-Cola,Desayuno y Snacks,Snacks,bebida_fuera_de_bebidas,Bebidas,Bebidas,Media
2026-06-01T22:39:48,scraper_lider,Bebida Light Botella 2 L Coca-Cola,Desayuno y Snacks,Snacks,bebida_fuera_de_bebidas,Bebidas,Bebidas,Media
2026-06-01T22:39:48,scraper_lider,Bebida Botella Sin Azúcar 2.5 L Sprite,Desayuno y Snacks,Snacks,bebida_fuera_de_bebidas,Bebidas,Bebidas,Media
2026-06-01T22:39:48,scraper_lider,"Agua Saborizada Citrus Con Gas Botella 1,6 L Mas",Desayuno y Snacks,Snacks,bebida_fuera_de_bebidas,Bebidas,Aguas,Media
2026-06-01T22:39:48,scraper_lider,Bebida Limón Sin Azúcar Botella 3 L Seven Up,Desayuno y Snacks,Snacks,bebida_fuera_de_bebidas,Bebidas,Bebidas,Media
2026-06-01T22:39:48,scraper_lider,"Agua Saborizada Limonada Jengibre Sin Gas Botella 1,6 L Mas",Desayuno y Snacks,Snacks,bebida_fuera_de_bebidas,Bebidas,Aguas,Media
2026-06-01T22:39:48,scraper_lider,"Agua Saborizada Piña Sin Gas Botella 1,6 L Mas",Desayuno y Snacks,Snacks,bebida_fuera_de_bebidas,Bebidas,Aguas,Media
2026-06-01T22:39:48,scraper_lider,"Agua Mineral Strong Botella 1,6 L Cachantun",Desayuno y Snacks,Snacks,bebida_fuera_de_bebidas,Bebidas,Aguas,Media
2026-06-01T22:39:48,scraper_lider,"Agua Tónica Original Botella 1,5 L Canada Dry",Desayuno y Snacks,Snacks,bebida_fuera_de_bebidas,Bebidas,Aguas,Media
2026-06-01T22:39:48,scraper_lider,Jugo Naranja Manzana Caja 200 ml Watt'S,Desayuno y Snacks,Snacks,bebida_fuera_de_bebidas,Bebidas,Jugos,Media
2026-06-01T22:39:48,scraper_lider,"Agua Mineral Con Gas Botella 1,6 L Vital",Desayuno y Snacks,Snacks,bebida_fuera_de_bebidas,Bebidas,Aguas,Media
2026-06-01T22:39:48,scraper_lider,"Agua Mineral Sin Gas Botella 1,6 L Vital",Desayuno y Snacks,Snacks,bebida_fuera_de_bebidas,Bebidas,Aguas,Media
2026-06-01T22:39:48,scraper_lider,"Néctar Naranja Botella 1,75 L Del Valle",Desayuno y Snacks,Snacks,bebida_fuera_de_bebidas,Bebidas,Jugos,Media
2026-06-01T22:39:48,scraper_lider,"Néctar Piña Botella 1,75 L Del Valle",Desayuno y Snacks,Snacks,bebida_fuera_de_bebidas,Bebidas,Jugos,Media
2026-06-01T22:39:48,scraper_lider,"Néctar Tetra Pack Durazno 1,75 L Del Valle",Desayuno y Snacks,Snacks,bebida_fuera_de_bebidas,Bebidas,Jugos,Media
2026-06-01T22:39:48,scraper_lider,Jugo Naranja Plátano Botella 2 L Love Orange,Desayuno y Snacks,Snacks,bebida_fuera_de_bebidas,Bebidas,Jugos,Media
2026-06-01T22:39:48,scraper_lider,Kombucha Cero Sabor Arándano 355 ml Kombuchacha,Desayuno y Snacks,Snacks,bebida_fuera_de_bebidas,Bebidas,Jugos,Media
2026-06-01T22:39:48,scraper_lider,Kombucha Cero Sabor Cedrón 355 ml Kombuchacha,Desayuno y Snacks,Snacks,bebida_fuera_de_bebidas,Bebidas,Jugos,Media
2026-06-01T22:39:48,scraper_lider,Bebida Energética Sabor Arándanos Lata 250 ml Red Bull,Desayuno y Snacks,Snacks,bebida_fuera_de_bebidas,Bebidas,Bebidas Energeticas,Media
2026-06-01T22:39:48,scraper_lider,Bebida Energética Sandía Lata 250 ml Red Bull,Desayuno y Snacks,Snacks,bebida_fuera_de_bebidas,Bebidas,Bebidas Energeticas,Media
2026-06-01T22:39:48,scraper_lider,Bebida Hidratante Electrolit Sabor Maracuyá,Desayuno y Snacks,Snacks,bebida_fuera_de_bebidas,Bebidas,Bebidas,Media
2026-06-01T22:39:48,scraper_lider,"Bebida Energética Xtreme Sin Azúcar Botella 1,5 L Kem",Desayuno y Snacks,Snacks,bebida_fuera_de_bebidas,Bebidas,Bebidas Energeticas,Media
2026-06-01T22:39:48,scraper_lider,"Agua Mineral Light Gas Botella 1,6 L Cachantun",Desayuno y Snacks,Snacks,bebida_fuera_de_bebidas,Bebidas,Aguas,Media
2026-06-01T22:39:48,scraper_lider,"Néctar Multi-frutilla 0% Azúcar Añadida Botella 1,75 L Del Valle",Desayuno y Snacks,Snacks,bebida_fuera_de_bebidas,Bebidas,Jugos,Media
2026-06-01T22:39:48,scraper_lider,Bebida Energética Lata Panther 473 ml Mr. Big,Desayuno y Snacks,Snacks,bebida_fuera_de_bebidas,Bebidas,Bebidas Energeticas,Media
2026-06-01T22:39:48,scraper_lider,Bebida Energética Lata Energy Drink 473 ml Mr. Big,Desayuno y Snacks,Snacks,bebida_fuera_de_bebidas,Bebidas,Bebidas Energeticas,Media
2026-06-01T22:39:48,scraper_lider,Jugo Naranja Natural One 900 ml Quillayes,Desayuno y Snacks,Snacks,bebida_fuera_de_bebidas,Bebidas,Jugos,Media
2026-06-01T22:39:48,scraper_lider,Bebida Energética Sin Azúcar Lata 250 ml Red Bull,Desayuno y Snacks,Snacks,bebida_fuera_de_bebidas,Bebidas,Bebidas Energeticas,Media
2026-06-01T22:39:48,scraper_lider,Bebida Energética Sabor Fruta Del Dragón Lata 250 ml Red Bull,Desayuno y Snacks,Snacks,bebida_fuera_de_bebidas,Bebidas,Bebidas Energeticas,Media
2026-06-01T22:39:48,scraper_lider,Kombucha Fruta Prensada En Frío Mix Berries 475 ml Dr Kombu,Desayuno y Snacks,Snacks,bebida_fuera_de_bebidas,Bebidas,Jugos,Media
2026-06-01T22:39:48,scraper_lider,Bebida Isotónica Cool Blue Botella 750 cc Gatorade,Desayuno y Snacks,Snacks,mascota_fuera_de_mascotas,Mascotas,Alimento Gatos,Alta
2026-06-01T22:39:48,scraper_lider,Jugo En Polvo Libre De Azúcar Sabor Granada Sobre 7 g Vivo,Desayuno y Snacks,Snacks,bebida_fuera_de_bebidas,Bebidas,Jugos,Media
2026-06-01T22:39:48,scraper_lider,Bebida Isotónica Sour Botella 850 ml Powerade,Desayuno y Snacks,Snacks,bebida_fuera_de_bebidas,Bebidas,Bebidas,Media
2026-06-01T22:39:48,scraper_lider,Bebida Isotónica Zero Frozen Blast 850 ml Powerade,Desayuno y Snacks,Snacks,bebida_fuera_de_bebidas,Bebidas,Bebidas,Media
2026-06-01T22:39:48,scraper_lider,Bebida Isotónica Frozen Blast Botella 850 ml Powerade,Desayuno y Snacks,Snacks,bebida_fuera_de_bebidas,Bebidas,Bebidas,Media
2026-06-01T22:39:48,scraper_lider,Bebida Hidratante Arándano Pomelo Botella 630 ml Suerox,Desayuno y Snacks,Snacks,bebida_fuera_de_bebidas,Bebidas,Bebidas,Media
2026-06-01T22:39:48,scraper_lider,Bebida Hidratante Naranja Botella 630 ml Suerox,Desayuno y Snacks,Snacks,bebida_fuera_de_bebidas,Bebidas,Bebidas,Media
2026-06-01T22:39:48,scraper_lider,Bebida Hidratante Frutilla Botella 630 ml Suerox,Desayuno y Snacks,Snacks,bebida_fuera_de_bebidas,Bebidas,Bebidas,Media
2026-06-01T22:39:48,scraper_lider,Bebida Hidratante Piña Botella 630 ml Suerox,Desayuno y Snacks,Snacks,bebida_fuera_de_bebidas,Bebidas,Bebidas,Media
2026-06-01T22:39:48,scraper_lider,Bebida Hidratante Frutos Rojos Botella 630 ml Suerox,Desayuno y Snacks,Snacks,bebida_fuera_de_bebidas,Bebidas,Bebidas,Media
2026-06-01T22:39:48,scraper_lider,Bebida Energética Original Lata 355 ml Red Bull,Desayuno y Snacks,Snacks,bebida_fuera_de_bebidas,Bebidas,Bebidas Energeticas,Media
2026-06-01T22:39:48,scraper_lider,Bebida Energética Sin Azúcar Lata 355 ml Red Bull,Desayuno y Snacks,Snacks,bebida_fuera_de_bebidas,Bebidas,Bebidas Energeticas,Media
2026-06-01T22:39:48,scraper_lider,"Bebida Energética Original Botella 2,5 L Mr. Big",Desayuno y Snacks,Snacks,bebida_fuera_de_bebidas,Bebidas,Bebidas Energeticas,Media
2026-06-01T22:39:48,scraper_lider,Bebida Hidratante 8 Iones Sabor Manzana Botella 630 ml Suerox,Desayuno y Snacks,Snacks,bebida_fuera_de_bebidas,Bebidas,Bebidas,Media
2026-06-01T22:39:48,scraper_lider,Bebida Isotónica Durazno Mango Hidratacion Superior 630 ml Suerox,Desayuno y Snacks,Snacks,bebida_fuera_de_bebidas,Bebidas,Bebidas,Media
2026-06-01T22:39:49,scraper_lider,Sazonador Cerdo Gatos 70 g Catgo,Desayuno y Snacks,Snacks,mascota_fuera_de_mascotas,Mascotas,Alimento Gatos,Alta
2026-06-01T22:39:49,scraper_lider,Huesito Para Perro Extra Calcio 40 g Goofy,Desayuno y Snacks,Snacks,mascota_fuera_de_mascotas,Mascotas,Alimento Perros,Alta
2026-06-01T22:39:49,scraper_lider,Galleta Perro Cachoro Leche g g Pet Food,Desayuno y Snacks,Snacks,mascota_fuera_de_mascotas,Mascotas,Alimento Perros,Alta
2026-06-01T22:39:49,scraper_lider,Puré Cremoso Gato Adulto Sabor Atún Sachet 56 g Churu,Desayuno y Snacks,Snacks,mascota_fuera_de_mascotas,Mascotas,Alimento Gatos,Alta
2026-06-01T22:39:49,scraper_lider,Galleta Mini Vino Bolsa 40 g McKay,Desayuno y Snacks,Snacks,bebida_fuera_de_bebidas,Bebidas,Vinos,Media
2026-06-01T22:39:49,scraper_lider,Femúr Para Perro De Vacuno Gigante Bolsa 2 kg Stay Happy,Desayuno y Snacks,Snacks,mascota_fuera_de_mascotas,Mascotas,Alimento Perros,Alta
2026-06-01T22:39:49,scraper_lider,Sanck Para Perro Pulmón De Vacuno Bolsa 50 g Stay Happy,Desayuno y Snacks,Snacks,mascota_fuera_de_mascotas,Mascotas,Alimento Perros,Alta
2026-06-01T22:39:49,scraper_lider,Galleta Perro Adulto Grill g ml Pet Food,Desayuno y Snacks,Snacks,mascota_fuera_de_mascotas,Mascotas,Alimento Perros,Alta
2026-06-01T22:39:49,scraper_lider,Puré Cremoso Gato Adulto Sabor Atún Y Salmón Sachet 56 g Churu,Desayuno y Snacks,Snacks,mascota_fuera_de_mascotas,Mascotas,Alimento Gatos,Alta
2026-06-01T22:39:49,scraper_lider,Galletas Perro Adulto Seco Sabor Ternera Caja 460 g Pet Food,Desayuno y Snacks,Snacks,mascota_fuera_de_mascotas,Mascotas,Alimento Perros,Alta
2026-06-01T22:39:49,scraper_lider,Puré Cremoso Gato Adulto Sabor Atún Y Salmón Sachet 70 g Buddy Pet,Desayuno y Snacks,Snacks,mascota_fuera_de_mascotas,Mascotas,Alimento Gatos,Alta
2026-06-01T22:39:49,scraper_lider,Galletas Perro Adulto Sabor Carne Bolsa 500 g Champion Dog,Desayuno y Snacks,Snacks,mascota_fuera_de_mascotas,Mascotas,Alimento Perros,Alta
2026-06-01T22:39:49,scraper_lider,Galletas Perro Adulto Sabor Clásicas Biscrok Multi Bolsa 500 g Pedigree,Desayuno y Snacks,Snacks,mascota_fuera_de_mascotas,Mascotas,Alimento Perros,Alta
2026-06-01T22:39:49,scraper_lider,Galletas Perro Adulto Sabor Carne Bolsa 500 g Master Dog,Desayuno y Snacks,Snacks,mascota_fuera_de_mascotas,Mascotas,Alimento Perros,Alta
2026-06-01T22:39:49,scraper_lider,Galleta Perro Adulto Raza Pequeña Pollo g g Pet Food,Desayuno y Snacks,Snacks,mascota_fuera_de_mascotas,Mascotas,Alimento Perros,Alta
2026-06-01T22:39:49,scraper_lider,Puré Cremoso Perro Adulto Sabor Pollo Sachet 14 g Churu,Desayuno y Snacks,Snacks,mascota_fuera_de_mascotas,Mascotas,Alimento Perros,Alta
2026-06-01T22:39:49,scraper_lider,Puré Cremoso Perro Adulto Sabor Pollo Y Vegetales Sachet 14 g Churu,Desayuno y Snacks,Snacks,mascota_fuera_de_mascotas,Mascotas,Alimento Perros,Alta
2026-06-01T22:39:49,scraper_lider,Galletas Perro Adulto Maní Envueltas En Pollo Bolsa 100 g Buddy Pet,Desayuno y Snacks,Snacks,mascota_fuera_de_mascotas,Mascotas,Alimento Perros,Alta
2026-06-01T22:39:49,scraper_lider,Puré Cremoso Gato Adulto Sabor Atún Sachet 70 g Buddy Pet,Desayuno y Snacks,Snacks,mascota_fuera_de_mascotas,Mascotas,Alimento Gatos,Alta
2026-06-01T22:39:49,scraper_lider,Puré Cremoso Gato Adulto Sabor Salmón Sachet 70 g Buddy Pet,Desayuno y Snacks,Snacks,mascota_fuera_de_mascotas,Mascotas,Alimento Gatos,Alta
2026-06-01T22:39:49,scraper_lider,Galletas Gato Adulto Catnip Y Atún Bolsa 65 g Buddy Pet,Desayuno y Snacks,Snacks,mascota_fuera_de_mascotas,Mascotas,Alimento Gatos,Alta
2026-06-01T22:39:49,scraper_lider,Galletas Gato Adulto Catnip Y Pollo Bolsa 65 g Buddy Pet,Desayuno y Snacks,Snacks,mascota_fuera_de_mascotas,Mascotas,Alimento Gatos,Alta
2026-06-01T22:39:49,scraper_lider,Galletas Cachorro Raza Grande Sabor Leche Bolsa 500 g Master Dog,Desayuno y Snacks,Snacks,mascota_fuera_de_mascotas,Mascotas,Alimento Perros,Alta
2026-06-01T22:39:49,scraper_lider,Alimento Seco Perro Senior Raza Mediana Y Grande Sabor Carne Bolsa 300 g Master Dog,Desayuno y Snacks,Snacks,mascota_fuera_de_mascotas,Mascotas,Alimento Perros,Alta
2026-06-01T22:39:49,scraper_lider,Galletas Perro Adulto Raza Pequeña Sabor Carne Bolsa 500 g Master Dog,Desayuno y Snacks,Snacks,mascota_fuera_de_mascotas,Mascotas,Alimento Perros,Alta
2026-06-01T22:39:51,scraper_lider,Mermelada Frambuesa Stevia Tagatosa 230 g Stevsweet,Desayuno y Snacks,Mermeladas,mascota_fuera_de_mascotas,Mascotas,Alimento Gatos,Alta
2026-06-01T22:39:52,scraper_lider,Endulzante Polvo Tagatosa Bolsa 250 Daily,Desayuno y Snacks,Mermeladas,mascota_fuera_de_mascotas,Mascotas,Alimento Gatos,Alta
2026-06-01T22:39:53,scraper_lider,Endulzante Líquido Tagatosa Botella 270 ml Lider,Desayuno y Snacks,Mermeladas,mascota_fuera_de_mascotas,Mascotas,Alimento Gatos,Alta
2026-06-01T22:39:53,scraper_lider,Endulzante Líquido Tagatosa Botella 270 Daily,Desayuno y Snacks,Mermeladas,mascota_fuera_de_mascotas,Mascotas,Alimento Gatos,Alta
2026-06-01T22:39:56,scraper_lider,Bebida Isotónica Frutas Tropicales Botella 1 L Gatorade,Bebidas,Bebidas,mascota_fuera_de_mascotas,Mascotas,Alimento Gatos,Alta
2026-06-01T22:39:56,scraper_lider,Bebida Isotónica Cool Blue Botella 1 L Gatorade,Bebidas,Bebidas,mascota_fuera_de_mascotas,Mascotas,Alimento Gatos,Alta
2026-06-01T22:39:56,scraper_lider,Bebida Isotónica Frutas Tropicales Botella 750 ml Gatorade,Bebidas,Bebidas,mascota_fuera_de_mascotas,Mascotas,Alimento Gatos,Alta
2026-06-01T22:39:58,scraper_lider,Cóctel De Vino Gato Selección Dulce Tinto 9° Botella,Bebidas,Vinos,mascota_fuera_de_mascotas,Mascotas,Alimento Gatos,Alta
2026-06-01T22:39:58,scraper_lider,Vino Rosé Selección Dulce 8° Botella 1500 ml Gato,Bebidas,Vinos,mascota_fuera_de_mascotas,Mascotas,Alimento Gatos,Alta
2026-06-01T22:40:11,scraper_lider,Shampoo Para Perro Antiparasitario Botella 300 ml Sinpul,Higiene Personal,Shampoo,mascota_fuera_de_mascotas,Mascotas,Alimento Perros,Alta
2026-06-01T22:40:11,scraper_lider,Shampoo Para Perro Balsamico Uso Frecuente Botella 390 ml Canish,Higiene Personal,Shampoo,mascota_fuera_de_mascotas,Mascotas,Alimento Perros,Alta
2026-06-01T22:40:11,scraper_lider,Shampoo Para Perro Balsámico Aroma Vainilla Botella 1000 ml Buddy Pet,Higiene Personal,Shampoo,mascota_fuera_de_mascotas,Mascotas,Alimento Perros,Alta
2026-06-01T22:40:11,scraper_lider,Shampoo Para Perro Repelente Pulgas Aroma Eucalipto Botella 1000 ml Buddy Pet,Higiene Personal,Shampoo,mascota_fuera_de_mascotas,Mascotas,Alimento Perros,Alta
2026-06-01T22:40:11,scraper_lider,Shampoo Para Perro Espuma Seca Aroma Granada Lata 230 ml Buddy Pet,Higiene Personal,Shampoo,mascota_fuera_de_mascotas,Mascotas,Alimento Perros,Alta
2026-06-01T22:40:11,scraper_lider,Shampoo Para Gato Seco Repelente Pulgas Aroma Eucaliptus Lata 100 g Buddy Pet,Higiene Personal,Shampoo,mascota_fuera_de_mascotas,Mascotas,Alimento Gatos,Alta
2026-06-01T22:40:11,scraper_lider,Shampoo Para Perro Pelaje Claro Con Aloe Vera Aroma Frambuesa Y Papaya Botella 300 ml Buddy Pet,Higiene Personal,Shampoo,mascota_fuera_de_mascotas,Mascotas,Alimento Perros,Alta
2026-06-01T22:40:11,scraper_lider,Shampoo Para Perro Seco Aroma Eucaliptus Lata 100 g Buddy Pet,Higiene Personal,Shampoo,mascota_fuera_de_mascotas,Mascotas,Alimento Perros,Alta
2026-06-01T22:40:11,scraper_lider,Shampoo Para Perro 2 En 1 Con Balsamo Aroma Vainilla Botella 300 ml Buddy Pet,Higiene Personal,Shampoo,mascota_fuera_de_mascotas,Mascotas,Alimento Perros,Alta
2026-06-01T22:40:11,scraper_lider,Shampoo Para Perro Repelente Con Aloe Vera Aroma Eucaliptus Botella 300 ml Buddy Pet,Higiene Personal,Shampoo,mascota_fuera_de_mascotas,Mascotas,Alimento Perros,Alta
2026-06-01T22:40:18,scraper_lider,Bebida Papaya Botella,Bebe,Alimentos Bebe,bebida_en_bebe,Bebidas,Bebidas,Alta
2026-06-01T22:40:18,scraper_lider,Bebida Papaya Original Botella,Bebe,Alimentos Bebe,bebida_en_bebe,Bebidas,Bebidas,Alta
2026-06-01T22:40:18,scraper_lider,Bebida Papaya Pack Lata,Bebe,Alimentos Bebe,bebida_en_bebe,Bebidas,Bebidas,Alta
2026-06-01T22:40:18,scraper_lider,Bebida 500 ml Orasi,Bebe,Alimentos Bebe,bebida_en_bebe,Bebidas,Bebidas,Alta
2026-06-01T22:40:18,scraper_lider,Bebida Naranja Pack Lata 6 Un Fanta,Bebe,Alimentos Bebe,bebida_en_bebe,Bebidas,Bebidas,Alta
2026-06-01T22:40:18,scraper_lider,Bebida Papaya Original Botella,Bebe,Alimentos Bebe,bebida_en_bebe,Bebidas,Bebidas,Alta
2026-06-01T22:40:18,scraper_lider,Bebida Papaya Zero Botella,Bebe,Alimentos Bebe,bebida_en_bebe,Bebidas,Bebidas,Alta
2026-06-01T22:40:18,scraper_lider,Bebida Original Pack Lata 6 Un Limón Soda,Bebe,Alimentos Bebe,bebida_en_bebe,Bebidas,Bebidas,Alta
2026-06-01T22:40:18,scraper_lider,Bebida Original Botella 600 ml Pepsi,Bebe,Alimentos Bebe,bebida_en_bebe,Bebidas,Bebidas,Alta
2026-06-01T22:40:18,scraper_lider,Bebida Light Pack Lata 6 Un Coca-Cola,Bebe,Alimentos Bebe,bebida_en_bebe,Bebidas,Bebidas,Alta
2026-06-01T22:40:18,scraper_lider,Bebida Sin Azúcar Pack Lata 6 Un Coca-Cola,Bebe,Alimentos Bebe,bebida_en_bebe,Bebidas,Bebidas,Alta
2026-06-01T22:40:18,scraper_lider,Bebida Hidratante Electrolit Sabor Maracuyá,Bebe,Alimentos Bebe,bebida_en_bebe,Bebidas,Bebidas,Alta
2026-06-01T22:40:18,scraper_lider,Bebida Sabor Papaya Botella,Bebe,Alimentos Bebe,bebida_en_bebe,Bebidas,Bebidas,Alta
2026-06-01T22:40:18,scraper_lider,Bebida Papaya Zero Botella,Bebe,Alimentos Bebe,bebida_en_bebe,Bebidas,Bebidas,Alta
2026-06-01T22:40:18,scraper_lider,Bebida Limón Pack Lata 6 Un Sprite,Bebe,Alimentos Bebe,bebida_en_bebe,Bebidas,Bebidas,Alta
2026-06-01T22:40:18,scraper_lider,Bebida Zero Pack Lata 6 Un Pepsi Zero,Bebe,Alimentos Bebe,bebida_en_bebe,Bebidas,Bebidas,Alta
2026-06-01T22:40:18,scraper_lider,Bebida Piña Original Botella 3 L Kem,Bebe,Alimentos Bebe,bebida_en_bebe,Bebidas,Bebidas,Alta
2026-06-01T22:40:18,scraper_lider,Bebida Sabor Piña Botella 2500 ml Kem,Bebe,Alimentos Bebe,bebida_en_bebe,Bebidas,Bebidas,Alta
2026-06-01T22:40:18,scraper_lider,Bebida Frutal Zero Botella 600 ml Bilz,Bebe,Alimentos Bebe,bebida_en_bebe,Bebidas,Bebidas,Alta
2026-06-01T22:40:18,scraper_lider,Bebida Frutal Zero Botella 3 L Bilz,Bebe,Alimentos Bebe,bebida_en_bebe,Bebidas,Bebidas,Alta
2026-06-01T22:40:18,scraper_lider,"Bebida Isotonica Tropical 1,5 L Hydroshock",Bebe,Alimentos Bebe,bebida_en_bebe,Bebidas,Bebidas,Alta
2026-06-01T22:40:18,scraper_lider,Bebida Botella Sin Azúcar 2.5 L Sprite,Bebe,Alimentos Bebe,bebida_en_bebe,Bebidas,Bebidas,Alta
2026-06-01T22:40:18,scraper_lider,Bebida Energética Original Lata 473 ml Monster,Bebe,Alimentos Bebe,bebida_en_bebe,Bebidas,Bebidas Energeticas,Alta
2026-06-01T22:40:18,scraper_lider,Bebida Frutal Pack Lata 6 Un Bilz,Bebe,Alimentos Bebe,bebida_en_bebe,Bebidas,Bebidas,Alta
2026-06-01T22:40:18,scraper_lider,Bebida Original Botella 3 L Coca-Cola,Bebe,Alimentos Bebe,bebida_en_bebe,Bebidas,Bebidas,Alta
2026-06-01T22:40:18,scraper_lider,"Bebida Isotónica Roja 1,1 L Powerade",Bebe,Alimentos Bebe,bebida_en_bebe,Bebidas,Bebidas,Alta
2026-06-01T22:40:18,scraper_lider,Bebida Ginger Ale Pack Lata 6 Un Schweppes,Bebe,Alimentos Bebe,bebida_en_bebe,Bebidas,Bebidas,Alta
2026-06-01T22:40:18,scraper_lider,Bebida Energética Tropical Botella 720 ml Mr. Big,Bebe,Alimentos Bebe,bebida_en_bebe,Bebidas,Bebidas Energeticas,Alta
2026-06-01T22:40:18,scraper_lider,Bebida Sin Azúcar Botella 3 L Coca-Cola,Bebe,Alimentos Bebe,bebida_en_bebe,Bebidas,Bebidas,Alta
2026-06-01T22:40:18,scraper_lider,Bebida Naranja Original Botella 3 L Crush,Bebe,Alimentos Bebe,bebida_en_bebe,Bebidas,Bebidas,Alta
2026-06-01T22:40:18,scraper_lider,Bebida Isotónica 630 ml Suerox,Bebe,Alimentos Bebe,bebida_en_bebe,Bebidas,Bebidas,Alta
2026-06-01T22:40:18,scraper_lider,"Bebida Original Botella 1,5 L Coca-Cola",Bebe,Alimentos Bebe,bebida_en_bebe,Bebidas,Bebidas,Alta
2026-06-01T22:40:18,scraper_lider,Bebida Naranja Zero Botella 3 L Crush,Bebe,Alimentos Bebe,bebida_en_bebe,Bebidas,Bebidas,Alta
2026-06-01T22:40:18,scraper_lider,Bebida Zero Botella 600 ml Pepsi,Bebe,Alimentos Bebe,bebida_en_bebe,Bebidas,Bebidas,Alta
2026-06-01T22:40:18,scraper_lider,Bebida De Té Blanco Arándano 100% Natural 650 ml Arizona,Bebe,Alimentos Bebe,bebida_en_bebe,Bebidas,Bebidas,Alta
2026-06-01T22:40:18,scraper_lider,"Bebida Naranja Original Botella 1,5 L Fanta",Bebe,Alimentos Bebe,bebida_en_bebe,Bebidas,Bebidas,Alta
2026-06-01T22:40:18,scraper_lider,Bebida Sin Azúcar Botella Retornable 3 L Coca-Cola,Bebe,Alimentos Bebe,bebida_en_bebe,Bebidas,Bebidas,Alta
2026-06-01T22:40:18,scraper_lider,Bebida Sin Azúcar Botella Retornable 2 L Coca-Cola,Bebe,Alimentos Bebe,bebida_en_bebe,Bebidas,Bebidas,Alta
2026-06-01T22:40:18,scraper_lider,Bebida Energética Lata Fruit Punch 473 ml Score,Bebe,Alimentos Bebe,bebida_en_bebe,Bebidas,Bebidas Energeticas,Alta
2026-06-01T22:40:18,scraper_lider,Bebida Light Pack Lata 6 Un Coca-Cola,Bebe,Alimentos Bebe,bebida_en_bebe,Bebidas,Bebidas,Alta
2026-06-01T22:40:18,scraper_lider,"Bebida Original Botella 2,5 L Coca-Cola",Bebe,Alimentos Bebe,bebida_en_bebe,Bebidas,Bebidas,Alta
2026-06-01T22:40:18,scraper_lider,"Bebida Original Botella 1,5 L Inca Kola",Bebe,Alimentos Bebe,bebida_en_bebe,Bebidas,Bebidas,Alta
2026-06-01T22:40:18,scraper_lider,Bebida Kombucha Mix De Berries 355 ml Dr Kombú,Bebe,Alimentos Bebe,bebida_en_bebe,Bebidas,Jugos,Alta
2026-06-01T22:40:18,scraper_lider,Bebida Botella Sin Azúcar 591 ml Coca-Cola,Bebe,Alimentos Bebe,bebida_en_bebe,Bebidas,Bebidas,Alta
2026-06-01T22:40:18,scraper_lider,Bebida Light Botella 2 L Coca-Cola,Bebe,Alimentos Bebe,bebida_en_bebe,Bebidas,Bebidas,Alta
2026-06-01T22:40:18,scraper_lider,Bebida Energética Ultra Sin Azúcar Lata 473 ml Monster,Bebe,Alimentos Bebe,bebida_en_bebe,Bebidas,Bebidas Energeticas,Alta
2026-06-01T22:40:18,scraper_lider,Bebida Energética Mango Loco Lata 473 ml Monster,Bebe,Alimentos Bebe,bebida_en_bebe,Bebidas,Bebidas Energeticas,Alta
2026-06-01T22:40:18,scraper_lider,Bebida Energética Aussie Lemonade Lata 473 ml Monster,Bebe,Alimentos Bebe,bebida_en_bebe,Bebidas,Bebidas Energeticas,Alta
2026-06-01T22:40:18,scraper_lider,"Bebida Limón Sin Azúcar Botella 1,5 L Sprite",Bebe,Alimentos Bebe,bebida_en_bebe,Bebidas,Bebidas,Alta
2026-06-01T22:40:18,scraper_lider,"Bebida Sin Azúcar Botella 1,5 L Inca Kola",Bebe,Alimentos Bebe,bebida_en_bebe,Bebidas,Bebidas,Alta
2026-06-01T22:40:18,scraper_lider,Bebida Isotónica Frutas Tropicales Botella 1 L Gatorade,Bebe,Alimentos Bebe,bebida_en_bebe,Bebidas,Bebidas,Alta
2026-06-01T22:40:18,scraper_lider,Bebida Isotónica Cool Blue Botella 1 L Gatorade,Bebe,Alimentos Bebe,bebida_en_bebe,Bebidas,Bebidas,Alta
2026-06-01T22:40:18,scraper_lider,Bebida Isotónica Sour Botella 850 ml Powerade,Bebe,Alimentos Bebe,bebida_en_bebe,Bebidas,Bebidas,Alta
2026-06-01T22:40:18,scraper_lider,Bebida Hidratante Naranja Botella 630 ml Suerox,Bebe,Alimentos Bebe,bebida_en_bebe,Bebidas,Bebidas,Alta
2026-06-01T22:40:18,scraper_lider,Bebida Hidratante Frutilla Botella 630 ml Suerox,Bebe,Alimentos Bebe,bebida_en_bebe,Bebidas,Bebidas,Alta
2026-06-01T22:40:18,scraper_lider,Bebida Hidratante Piña Botella 630 ml Suerox,Bebe,Alimentos Bebe,bebida_en_bebe,Bebidas,Bebidas,Alta
2026-06-01T22:40:18,scraper_lider,Bebida Isotónica Lata Boost De Hidratación 4 Un Extra Life,Bebe,Alimentos Bebe,bebida_en_bebe,Bebidas,Bebidas,Alta
2026-06-01T22:40:18,scraper_lider,Bebida Isotónica Frutas Tropicales Botella 750 ml Gatorade,Bebe,Alimentos Bebe,bebida_en_bebe,Bebidas,Bebidas,Alta
2026-06-01T22:40:18,scraper_lider,"Bebida Isotónica Naranja Botella 1,1 L Powerade",Bebe,Alimentos Bebe,bebida_en_bebe,Bebidas,Bebidas,Alta
2026-06-01T22:40:18,scraper_lider,Bebida Original Botella 1500 ml Pepsi,Bebe,Alimentos Bebe,bebida_en_bebe,Bebidas,Bebidas,Alta
2026-06-01T22:40:18,scraper_lider,Bebida Original Botella 3 L Pepsi,Bebe,Alimentos Bebe,bebida_en_bebe,Bebidas,Bebidas,Alta
2026-06-01T22:40:18,scraper_lider,"Bebida Pomelo Botella 1,5 L Fanta",Bebe,Alimentos Bebe,bebida_en_bebe,Bebidas,Bebidas,Alta
2026-06-01T22:40:18,scraper_lider,Bebida Frutal Original Botella 3 L Bilz,Bebe,Alimentos Bebe,bebida_en_bebe,Bebidas,Bebidas,Alta
2026-06-01T22:40:18,scraper_lider,"Bebida Ginger Ale Original Botella 1,5 L Schweppes",Bebe,Alimentos Bebe,bebida_en_bebe,Bebidas,Bebidas,Alta
2026-06-01T22:40:18,scraper_lider,Bebida Ginger Ale Original Botella 3 L Canada Dry,Bebe,Alimentos Bebe,bebida_en_bebe,Bebidas,Bebidas,Alta
2026-06-01T22:40:18,scraper_lider,"Bebida Sabor Cola Botella Retornable 2,5 L Pepsi",Bebe,Alimentos Bebe,bebida_en_bebe,Bebidas,Bebidas,Alta
2026-06-01T22:40:18,scraper_lider,Bebida Zero Botella 3 L Pepsi,Bebe,Alimentos Bebe,bebida_en_bebe,Bebidas,Bebidas,Alta
2026-06-01T22:40:18,scraper_lider,Bebida Original Pack Lata 350 ml Coca-Cola,Bebe,Alimentos Bebe,bebida_en_bebe,Bebidas,Bebidas,Alta
2026-06-01T22:40:18,scraper_lider,Bebida Ginger Ale Sin Azúcar Pack Lata 6 Un Schweppes,Bebe,Alimentos Bebe,bebida_en_bebe,Bebidas,Bebidas,Alta
2026-06-01T22:40:18,scraper_lider,Bebida Original Botella 3 L Inca Kola,Bebe,Alimentos Bebe,bebida_en_bebe,Bebidas,Bebidas,Alta
2026-06-01T22:40:18,scraper_lider,Bebida Naranja Original Botella 591 ml Fanta,Bebe,Alimentos Bebe,bebida_en_bebe,Bebidas,Bebidas,Alta
2026-06-01T22:40:18,scraper_lider,Bebida Limón Botella 3 L Limón Soda,Bebe,Alimentos Bebe,bebida_en_bebe,Bebidas,Bebidas,Alta
2026-06-01T22:40:18,scraper_lider,Bebida Zero Piña Botella 600 ml Kem,Bebe,Alimentos Bebe,bebida_en_bebe,Bebidas,Bebidas,Alta
2026-06-01T22:40:18,scraper_lider,Bebida Piña Original Botella 600 cc Kem,Bebe,Alimentos Bebe,bebida_en_bebe,Bebidas,Bebidas,Alta
2026-06-01T22:40:18,scraper_lider,Bebida Naranja Original Botella 600 cc Crush,Bebe,Alimentos Bebe,bebida_en_bebe,Bebidas,Bebidas,Alta
2026-06-01T22:40:18,scraper_lider,Bebida Frutal Original Botella 600 cc Bilz,Bebe,Alimentos Bebe,bebida_en_bebe,Bebidas,Bebidas,Alta
2026-06-01T22:40:18,scraper_lider,Bebida Energética Acaí Lata 250 ml Red bull,Bebe,Alimentos Bebe,bebida_en_bebe,Bebidas,Bebidas Energeticas,Alta
2026-06-01T22:40:18,scraper_lider,Bebida Limón Sin Azúcar Botella 3 L Seven Up,Bebe,Alimentos Bebe,bebida_en_bebe,Bebidas,Bebidas,Alta
2026-06-01T22:40:18,scraper_lider,"Bebida Sabor Limón Botella 2,5 L Limón Soda",Bebe,Alimentos Bebe,bebida_en_bebe,Bebidas,Bebidas,Alta
2026-06-01T22:40:18,scraper_lider,Bebida Ginger Ale Original Botella 600 ml Canada Dry,Bebe,Alimentos Bebe,bebida_en_bebe,Bebidas,Bebidas,Alta
2026-06-01T22:40:18,scraper_lider,Bebida Kombucha Manzana Jengibre Lata 355 ml Dr Kombú,Bebe,Alimentos Bebe,bebida_en_bebe,Bebidas,Jugos,Alta
2026-06-01T22:40:18,scraper_lider,Bebida Piña Zero Botella 3 L Kem,Bebe,Alimentos Bebe,bebida_en_bebe,Bebidas,Bebidas,Alta
2026-06-01T22:40:18,scraper_lider,Bebida Energética Ultra Paradise Sin Azúcar Lata 473 ml Monster,Bebe,Alimentos Bebe,bebida_en_bebe,Bebidas,Bebidas Energeticas,Alta
2026-06-01T22:40:18,scraper_lider,Bebida Energética Energy Peachy Keen Botella 473 ml Monster,Bebe,Alimentos Bebe,bebida_en_bebe,Bebidas,Bebidas Energeticas,Alta
2026-06-01T22:40:18,scraper_lider,Bebida Ginger Ale Zero Botella 3 L Nordic Mist,Bebe,Alimentos Bebe,bebida_en_bebe,Bebidas,Bebidas,Alta
2026-06-01T22:40:18,scraper_lider,Bebida Energética Sin Azúcar Pack 4 Latas 250 ml Red Bull,Bebe,Alimentos Bebe,bebida_en_bebe,Bebidas,Bebidas Energeticas,Alta
2026-06-01T22:40:18,scraper_lider,Bebida Energética Sandía Lata 250 ml Red Bull,Bebe,Alimentos Bebe,bebida_en_bebe,Bebidas,Bebidas Energeticas,Alta
2026-06-01T22:40:18,scraper_lider,Bebida Energética Lata Panther 473 ml Mr. Big,Bebe,Alimentos Bebe,bebida_en_bebe,Bebidas,Bebidas Energeticas,Alta
2026-06-01T22:40:18,scraper_lider,Bebida Energética Sin Azúcar Lata 250 ml Red Bull,Bebe,Alimentos Bebe,bebida_en_bebe,Bebidas,Bebidas Energeticas,Alta
2026-06-01T22:40:18,scraper_lider,Bebida Limón Original Botella Retornable 3 L Sprite,Bebe,Alimentos Bebe,bebida_en_bebe,Bebidas,Bebidas,Alta
2026-06-01T22:40:18,scraper_lider,Bebida Isotónica Blue Berry Zero Botella 1 L Gatorade,Bebe,Alimentos Bebe,bebida_en_bebe,Bebidas,Bebidas,Alta
2026-06-01T22:40:18,scraper_lider,"Bebida Isotónica Frozen Blast Botella 1,1 L Powerade",Bebe,Alimentos Bebe,bebida_en_bebe,Bebidas,Bebidas,Alta
2026-06-01T22:40:18,scraper_lider,Bebida Hidratante Electrolit Sabor Blue Raspberry,Bebe,Alimentos Bebe,bebida_en_bebe,Bebidas,Bebidas,Alta
2026-06-01T22:40:18,scraper_lider,Bebida Isotónica Cool Blue Botella 750 cc Gatorade,Bebe,Alimentos Bebe,bebida_en_bebe,Bebidas,Bebidas,Alta
2026-06-01T22:40:18,scraper_lider,Bebida Isotónica Zero Frozen Blast 850 ml Powerade,Bebe,Alimentos Bebe,bebida_en_bebe,Bebidas,Bebidas,Alta
2026-06-01T22:40:18,scraper_lider,Bebida Isotónica Frozen Blast Botella 850 ml Powerade,Bebe,Alimentos Bebe,bebida_en_bebe,Bebidas,Bebidas,Alta
2026-06-01T22:40:19,scraper_lider,Bebida Hidratante Arándano Pomelo Botella 630 ml Suerox,Bebe,Alimentos Bebe,bebida_en_bebe,Bebidas,Bebidas,Alta
2026-06-01T22:40:19,scraper_lider,Bebida Hidratante Frutos Rojos Botella 630 ml Suerox,Bebe,Alimentos Bebe,bebida_en_bebe,Bebidas,Bebidas,Alta
2026-06-01T22:40:19,scraper_lider,Bebida Energética Original Lata 355 ml Red Bull,Bebe,Alimentos Bebe,bebida_en_bebe,Bebidas,Bebidas Energeticas,Alta
2026-06-01T22:40:19,scraper_lider,Bebida Energética Sin Azúcar Lata 355 ml Red Bull,Bebe,Alimentos Bebe,bebida_en_bebe,Bebidas,Bebidas Energeticas,Alta
2026-06-01T22:40:19,scraper_lider,Bebida Energética Original Lata 473 ml Score,Bebe,Alimentos Bebe,bebida_en_bebe,Bebidas,Bebidas Energeticas,Alta
2026-06-01T22:40:19,scraper_lider,Bebida Isotónica Sabor Sandia 625 ml Fastlyte,Bebe,Alimentos Bebe,bebida_en_bebe,Bebidas,Bebidas,Alta
2026-06-01T22:40:19,scraper_lider,Bebida Isotónica Blue Botella 500 ml Isopro,Bebe,Alimentos Bebe,bebida_en_bebe,Bebidas,Bebidas,Alta
2026-06-01T22:40:19,scraper_lider,Bebida Isotónica Red Botella 500 ml Isopro,Bebe,Alimentos Bebe,bebida_en_bebe,Bebidas,Bebidas,Alta
2026-06-01T22:40:19,scraper_lider,Bebida Ginger Ale Pack Lata 6 Un Canada Dry,Bebe,Alimentos Bebe,bebida_en_bebe,Bebidas,Bebidas,Alta
2026-06-01T22:40:19,scraper_lider,Bebida Hidratante Frutos Tropicales Botella 1 L Ironade,Bebe,Alimentos Bebe,bebida_en_bebe,Bebidas,Bebidas,Alta
2026-06-01T22:40:19,scraper_lider,Bebida Naranja Original Botella Retornable 2 L Fanta,Bebe,Alimentos Bebe,bebida_en_bebe,Bebidas,Bebidas,Alta
2026-06-01T22:40:19,scraper_lider,Bebida Limón Original Botella Retornable 2 L Sprite,Bebe,Alimentos Bebe,bebida_en_bebe,Bebidas,Bebidas,Alta
2026-06-01T22:40:19,scraper_lider,Bebida Limón Sin Azúcar Botella Retornable 2 L Sprite,Bebe,Alimentos Bebe,bebida_en_bebe,Bebidas,Bebidas,Alta
2026-06-01T22:40:19,scraper_lider,Bebida Naranja Original Botella Retornable 3 L Fanta,Bebe,Alimentos Bebe,bebida_en_bebe,Bebidas,Bebidas,Alta
2026-06-01T22:40:19,scraper_lider,Bebida Té Helado Negro Sabor Limón Lata 650 ml Arizona,Bebe,Alimentos Bebe,bebida_en_bebe,Bebidas,Bebidas,Alta
2026-06-01T22:40:19,scraper_lider,Bebida Té Helado Negro Sabor Frambuesa Lata 650 ml Arizona,Bebe,Alimentos Bebe,bebida_en_bebe,Bebidas,Bebidas,Alta
2026-06-01T22:40:19,scraper_lider,"Bebida Zero Sabor Cola Botella Retornable 2,5 L Pepsi",Bebe,Alimentos Bebe,bebida_en_bebe,Bebidas,Bebidas,Alta
2026-06-01T22:40:19,scraper_lider,Bebida Original Botella 2 L Coca-Cola,Bebe,Alimentos Bebe,bebida_en_bebe,Bebidas,Bebidas,Alta
2026-06-01T22:40:19,scraper_lider,"Bebida Naranja Botella 2,5 L Fanta",Bebe,Alimentos Bebe,bebida_en_bebe,Bebidas,Bebidas,Alta
2026-06-01T22:40:19,scraper_lider,Bebida Naranja Zero Botella 1500 cc Crush,Bebe,Alimentos Bebe,bebida_en_bebe,Bebidas,Bebidas,Alta
2026-06-01T22:40:19,scraper_lider,Bebida Energética Lata Guarana Gorilla 473 ml Score,Bebe,Alimentos Bebe,bebida_en_bebe,Bebidas,Bebidas Energeticas,Alta
2026-06-01T22:40:19,scraper_lider,Bebida Original Botella Retornable 2 L Coca-Cola,Bebe,Alimentos Bebe,bebida_en_bebe,Bebidas,Bebidas,Alta
2026-06-01T22:40:19,scraper_lider,"Bebida Limón Original Botella 1,5 L Sprite",Bebe,Alimentos Bebe,bebida_en_bebe,Bebidas,Bebidas,Alta
2026-06-01T22:40:19,scraper_lider,Bebida Original Botella Retornable 2 L Inca Kola,Bebe,Alimentos Bebe,bebida_en_bebe,Bebidas,Bebidas,Alta
2026-06-01T22:40:19,scraper_lider,Bebida Original Botella Retornable 3 L Coca-Cola,Bebe,Alimentos Bebe,bebida_en_bebe,Bebidas,Bebidas,Alta
2026-06-01T22:40:19,scraper_lider,Bebida Enérgetica Bubble Gum Lata 473 ml Score,Bebe,Alimentos Bebe,bebida_en_bebe,Bebidas,Bebidas Energeticas,Alta
2026-06-01T22:40:19,scraper_lider,Bebida Energética Sabor Arándanos Lata 250 ml Red Bull,Bebe,Alimentos Bebe,bebida_en_bebe,Bebidas,Bebidas Energeticas,Alta
2026-06-01T22:40:19,scraper_lider,"Bebida Energética Xtreme Sin Azúcar Botella 1,5 L Kem",Bebe,Alimentos Bebe,bebida_en_bebe,Bebidas,Bebidas Energeticas,Alta
2026-06-01T22:40:19,scraper_lider,Bebida Energética Lata Energy Drink 473 ml Mr. Big,Bebe,Alimentos Bebe,bebida_en_bebe,Bebidas,Bebidas Energeticas,Alta
2026-06-01T22:40:19,scraper_lider,Bebida Original Limón Botella 600 ml Limón Soda,Bebe,Alimentos Bebe,bebida_en_bebe,Bebidas,Bebidas,Alta
2026-06-01T22:40:19,scraper_lider,"Bebida Sabor Frutal Botella Retornable 2,5 L Bilz",Bebe,Alimentos Bebe,bebida_en_bebe,Bebidas,Bebidas,Alta
2026-06-01T22:40:19,scraper_lider,Bebida Naranja Sin Azúcar Botella 591 ml Fanta,Bebe,Alimentos Bebe,bebida_en_bebe,Bebidas,Bebidas,Alta
2026-06-01T22:40:19,scraper_lider,"Bebida Zero Botella 1,5 L Pepsi",Bebe,Alimentos Bebe,bebida_en_bebe,Bebidas,Bebidas,Alta
2026-06-01T22:40:19,scraper_lider,Bebida Limón Zero Botella 3 L Limón Soda,Bebe,Alimentos Bebe,bebida_en_bebe,Bebidas,Bebidas,Alta
2026-06-01T22:40:19,scraper_lider,"Bebida Light Botella 2,5 L Coca-Cola",Bebe,Alimentos Bebe,bebida_en_bebe,Bebidas,Bebidas,Alta
2026-06-01T22:40:19,scraper_lider,"Bebida Light Botella 1,5 L Coca-Cola",Bebe,Alimentos Bebe,bebida_en_bebe,Bebidas,Bebidas,Alta
2026-06-01T22:40:19,scraper_lider,"Bebida Sin Azúcar Botella 1,5 L Coca-Cola",Bebe,Alimentos Bebe,bebida_en_bebe,Bebidas,Bebidas,Alta
2026-06-01T22:40:19,scraper_lider,"Bebida Sin Azúcar Botella 2,5 L Coca-Cola",Bebe,Alimentos Bebe,bebida_en_bebe,Bebidas,Bebidas,Alta
2026-06-01T22:40:19,scraper_lider,Bebida Energética Original Botella 720 ml Mr. Big,Bebe,Alimentos Bebe,bebida_en_bebe,Bebidas,Bebidas Energeticas,Alta
2026-06-01T22:40:19,scraper_lider,Bebida Hidratante Arándano-pomelo Botella 1 L Suerox,Bebe,Alimentos Bebe,bebida_en_bebe,Bebidas,Bebidas,Alta
2026-06-01T22:40:19,scraper_lider,Bebida Energética Sin Azúcar Lata 473 ml Red Bull,Bebe,Alimentos Bebe,bebida_en_bebe,Bebidas,Bebidas Energeticas,Alta
2026-06-01T22:40:19,scraper_lider,Bebida Energetica Mango Lata 473 ml Score,Bebe,Alimentos Bebe,bebida_en_bebe,Bebidas,Bebidas Energeticas,Alta
2026-06-01T22:40:19,scraper_lider,Bebida Isotónica Rojo Botella 850 cc Powerade,Bebe,Alimentos Bebe,bebida_en_bebe,Bebidas,Bebidas,Alta
2026-06-01T22:40:19,scraper_lider,Bebida Isotónica Naranja Botella 850 ml Powerade,Bebe,Alimentos Bebe,bebida_en_bebe,Bebidas,Bebidas,Alta
2026-06-01T22:40:19,scraper_lider,"Bebida Energética Original Botella 2,5 L Mr. Big",Bebe,Alimentos Bebe,bebida_en_bebe,Bebidas,Bebidas Energeticas,Alta
2026-06-01T22:40:19,scraper_lider,Bebida Isotónica Durazno Mango Hidratacion Superior 630 ml Suerox,Bebe,Alimentos Bebe,bebida_en_bebe,Bebidas,Bebidas,Alta
2026-06-01T22:40:19,scraper_lider,Bebida Sabor Cola Original Pack 6 Lata 6 Un Pepsi,Bebe,Alimentos Bebe,bebida_en_bebe,Bebidas,Bebidas,Alta
2026-06-01T22:40:19,scraper_lider,Bebida Isotónica Frozen Blast Botella 600 ml Powerade,Bebe,Alimentos Bebe,bebida_en_bebe,Bebidas,Bebidas,Alta
2026-06-01T22:40:20,scraper_lider,Bebida Hidratante Frutilla Botella 625 ml Electrolit,Bebe,Alimentos Bebe,bebida_en_bebe,Bebidas,Bebidas,Alta
2026-06-01T22:40:20,scraper_lider,Bebida Botella Sabor Original Limón 591 ml Sprite,Bebe,Alimentos Bebe,bebida_en_bebe,Bebidas,Bebidas,Alta
2026-06-01T22:40:20,scraper_lider,Bebida Limón Original Botella 3 L Seven Up,Bebe,Alimentos Bebe,bebida_en_bebe,Bebidas,Bebidas,Alta
2026-06-01T22:40:20,scraper_lider,"Bebida Energética Xtreme Botella 1,5 L Kem",Bebe,Alimentos Bebe,bebida_en_bebe,Bebidas,Bebidas Energeticas,Alta
2026-06-01T22:40:20,scraper_lider,Bebida Ginger Ale Zero Pack Lata 6 Un Canada Dry,Bebe,Alimentos Bebe,bebida_en_bebe,Bebidas,Bebidas,Alta
2026-06-01T22:40:20,scraper_lider,"Bebida Sabor Frutal Botella 1,5 L Bilz",Bebe,Alimentos Bebe,bebida_en_bebe,Bebidas,Bebidas,Alta
2026-06-01T22:40:20,scraper_lider,"Bebida Naranja Original Botella 1,5 L Crush",Bebe,Alimentos Bebe,bebida_en_bebe,Bebidas,Bebidas,Alta
2026-06-01T22:40:20,scraper_lider,"Bebida Piña Original Botella 1,5 L Kem",Bebe,Alimentos Bebe,bebida_en_bebe,Bebidas,Bebidas,Alta
2026-06-01T22:40:20,scraper_lider,"Bebida Naranja Original Botella Retornable 2,5 L Crush",Bebe,Alimentos Bebe,bebida_en_bebe,Bebidas,Bebidas,Alta
2026-06-01T22:40:20,scraper_lider,Bebida Energética Sabor Fruta Del Dragón Lata 250 ml Red Bull,Bebe,Alimentos Bebe,bebida_en_bebe,Bebidas,Bebidas Energeticas,Alta
2026-06-01T22:40:20,scraper_lider,Bebida Botella Sabor Original 591 ml Coca-Cola,Bebe,Alimentos Bebe,bebida_en_bebe,Bebidas,Bebidas,Alta
2026-06-01T22:40:20,scraper_lider,"Bebida Piña Zero Botella 1,5 L Kem",Bebe,Alimentos Bebe,bebida_en_bebe,Bebidas,Bebidas,Alta
2026-06-01T22:40:20,scraper_lider,"Bebida Limón Botella 1,5 L Limón Soda",Bebe,Alimentos Bebe,bebida_en_bebe,Bebidas,Bebidas,Alta
2026-06-01T22:40:20,scraper_lider,"Bebida Ginger Ale Sin Azúcar Botella 1,5 L Schweppes",Bebe,Alimentos Bebe,bebida_en_bebe,Bebidas,Bebidas,Alta
2026-06-01T22:40:20,scraper_lider,Bebida Energética Drink Pack 4 Latas 250 ml Red Bull,Bebe,Alimentos Bebe,bebida_en_bebe,Bebidas,Bebidas Energeticas,Alta
2026-06-01T22:40:20,scraper_lider,Bebida Hidratante 8 Iones Sabor Manzana Botella 630 ml Suerox,Bebe,Alimentos Bebe,bebida_en_bebe,Bebidas,Bebidas,Alta
2026-06-01T22:40:20,scraper_lider,Bebida Energética Original Lata 250 ml Red Bull,Bebe,Alimentos Bebe,bebida_en_bebe,Bebidas,Bebidas Energeticas,Alta
2026-06-01T22:40:20,scraper_lider,Bebida Isotónica Frozen Blast Zero Botella 600 ml Powerade,Bebe,Alimentos Bebe,bebida_en_bebe,Bebidas,Bebidas,Alta
2026-06-01T22:40:20,scraper_lider,"Bebida Isotónica Zero Frozen Blast 1,1 L Powerade",Bebe,Alimentos Bebe,bebida_en_bebe,Bebidas,Bebidas,Alta
2026-06-01T22:40:20,scraper_lider,"Bebida Isotónica Zero Lima Limón 1,1 L Powerade",Bebe,Alimentos Bebe,bebida_en_bebe,Bebidas,Bebidas,Alta
2026-06-01T22:40:20,scraper_lider,Bebida Energética Sabor Piña Ultra Gold Lata 473 ml Monster,Bebe,Alimentos Bebe,bebida_en_bebe,Bebidas,Bebidas Energeticas,Alta
2026-06-01T22:40:20,scraper_lider,"Bebida Original Limón Botella 1,5 L Seven Up",Bebe,Alimentos Bebe,bebida_en_bebe,Bebidas,Bebidas,Alta
2026-06-01T22:40:20,scraper_lider,Bebida Energética Zero Azúcar Lata 250 ml Red Bull,Bebe,Alimentos Bebe,bebida_en_bebe,Bebidas,Bebidas Energeticas,Alta
2026-06-01T22:40:20,scraper_lider,"Bebida Limón Zero Botella 1,5 L Limón Soda",Bebe,Alimentos Bebe,bebida_en_bebe,Bebidas,Bebidas,Alta
2026-06-01T22:40:20,scraper_lider,"Bebida Ginger Ale Light Botella 1,5 L Canada Dry",Bebe,Alimentos Bebe,bebida_en_bebe,Bebidas,Bebidas,Alta
2026-06-01T22:40:20,scraper_lider,Bebida Energética The Yellow Pack 4 Un Lata 250 ml Red Bull,Bebe,Alimentos Bebe,bebida_en_bebe,Bebidas,Bebidas Energeticas,Alta
2026-06-01T22:40:20,scraper_lider,Bebida Energética Gorilla Zero Azúcar Lata 473 ml Score,Bebe,Alimentos Bebe,bebida_en_bebe,Bebidas,Bebidas Energeticas,Alta
2026-06-01T22:40:20,scraper_lider,"Bebida Ginger Ale Original Botella 1,5 L Canada Dry",Bebe,Alimentos Bebe,bebida_en_bebe,Bebidas,Bebidas,Alta
2026-06-01T22:40:20,scraper_lider,"Bebida Ginger Ale Zero Botella 1,5 L Canada Dry",Bebe,Alimentos Bebe,bebida_en_bebe,Bebidas,Bebidas,Alta
2026-06-01T22:40:20,scraper_lider,Bebida Vegetal Notmilk Chocolate 1 L NotCo,Bebe,Alimentos Bebe,bebida_en_bebe,Bebidas,Bebidas,Alta
2026-06-01T22:40:20,scraper_lider,Bebida Vegetal Proteína 1 L Nature's Heart,Bebe,Alimentos Bebe,bebida_en_bebe,Bebidas,Bebidas,Alta
2026-06-01T22:40:20,scraper_lider,Bebida Vegetal De Avellana Sabor Chocolate Caja 1 L Vivicosí,Bebe,Alimentos Bebe,bebida_en_bebe,Bebidas,Bebidas,Alta
2026-06-01T22:40:20,scraper_lider,Bebida Vegetal Almendras Sabor Original 1 L Vilay,Bebe,Alimentos Bebe,bebida_en_bebe,Bebidas,Bebidas,Alta
2026-06-01T22:40:20,scraper_lider,Bebida De Coco Original 1 L Vilay,Bebe,Alimentos Bebe,bebida_en_bebe,Bebidas,Bebidas,Alta
2026-06-01T22:40:20,scraper_lider,Bebida Vegetal Chocolate 1 L Vilay,Bebe,Alimentos Bebe,bebida_en_bebe,Bebidas,Bebidas,Alta
2026-06-01T22:40:20,scraper_lider,Bebida Barista Almendra 1 L Orasi,Bebe,Alimentos Bebe,bebida_en_bebe,Bebidas,Bebidas,Alta
2026-06-01T22:40:20,scraper_lider,Bebida Vegetal Soya Natural Caja 1 L Loncoleche,Bebe,Alimentos Bebe,bebida_en_bebe,Bebidas,Bebidas,Alta
2026-06-01T22:40:20,scraper_lider,Bebida Vegetal Café Caramelo Protein Sin Azúcar 250 ml NotCo,Bebe,Alimentos Bebe,bebida_en_bebe,Bebidas,Bebidas,Alta
2026-06-01T22:40:20,scraper_lider,Bebida De Almendras Sabor Chocolate 1 L Vilay,Bebe,Alimentos Bebe,bebida_en_bebe,Bebidas,Bebidas,Alta
2026-06-01T22:40:20,scraper_lider,Bebida De Almendras Sabor Vainilla 1 L Vilay,Bebe,Alimentos Bebe,bebida_en_bebe,Bebidas,Bebidas,Alta
2026-06-01T22:40:20,scraper_lider,Bebida Vegetal Arroz Chocolate 1 L Vilay,Bebe,Alimentos Bebe,bebida_en_bebe,Bebidas,Bebidas,Alta
2026-06-01T22:40:20,scraper_lider,Bebida Vegetal Sin Azúcar Coco 1 L Vilay,Bebe,Alimentos Bebe,bebida_en_bebe,Bebidas,Bebidas,Alta
2026-06-01T22:40:20,scraper_lider,Bebida De Almendras Sabor Original 200 ml Vilay,Bebe,Alimentos Bebe,bebida_en_bebe,Bebidas,Bebidas,Alta
2026-06-01T22:40:20,scraper_lider,Bebida De Almendras Sabor Vainilla 200 ml Vilay,Bebe,Alimentos Bebe,bebida_en_bebe,Bebidas,Bebidas,Alta
2026-06-01T22:40:20,scraper_lider,Bebida De Arroz Sabor Chocolate 200 ml Vilay,Bebe,Alimentos Bebe,bebida_en_bebe,Bebidas,Bebidas,Alta
2026-06-01T22:40:20,scraper_lider,Bebida Vegetal Barista Almendra 1 L Vilay,Bebe,Alimentos Bebe,bebida_en_bebe,Bebidas,Bebidas,Alta
2026-06-01T22:40:20,scraper_lider,Bebida Vegetal Barista Soya 1 L Orasi,Bebe,Alimentos Bebe,bebida_en_bebe,Bebidas,Bebidas,Alta
2026-06-01T22:40:20,scraper_lider,Bebida Vegetal Almendra Sin Azucar 1 L Orasi,Bebe,Alimentos Bebe,bebida_en_bebe,Bebidas,Bebidas,Alta
2026-06-01T22:40:20,scraper_lider,Bebida Vegetal Soya 1 L Orasí,Bebe,Alimentos Bebe,bebida_en_bebe,Bebidas,Bebidas,Alta
2026-06-01T22:40:20,scraper_lider,Bebida Vegetal Arroz 1 l Orasí,Bebe,Alimentos Bebe,bebida_en_bebe,Bebidas,Bebidas,Alta
2026-06-01T22:40:20,scraper_lider,Bebida Vegetal Notshake Protein Chocolate 250 ml Notco,Bebe,Alimentos Bebe,bebida_en_bebe,Bebidas,Bebidas,Alta
2026-06-01T22:40:20,scraper_lider,Bebida Vegetal Almendras Sin Azúcar 946 ml Great Value,Bebe,Alimentos Bebe,bebida_en_bebe,Bebidas,Bebidas,Alta
2026-06-01T22:40:20,scraper_lider,Bebida Vegetal Almendras 6x1 1 L Loncoleche,Bebe,Alimentos Bebe,bebida_en_bebe,Bebidas,Bebidas,Alta
2026-06-01T22:40:20,scraper_lider,Bebida Vegetal Almendras Sabor Original Sin Azúcar 1 L Vilay,Bebe,Alimentos Bebe,bebida_en_bebe,Bebidas,Bebidas,Alta
2026-06-01T22:40:20,scraper_lider,Bebida Coco Original Botella 1 L Amane,Bebe,Alimentos Bebe,bebida_en_bebe,Bebidas,Bebidas,Alta
2026-06-01T22:40:20,scraper_lider,Bebida Coco Sin Azúcar Botella 1 L Amane,Bebe,Alimentos Bebe,bebida_en_bebe,Bebidas,Bebidas,Alta
2026-06-01T22:40:20,scraper_lider,Bebida Isotónica Frutas Tropicales Botella 500 ml Gatorade,Bebe,Alimentos Bebe,bebida_en_bebe,Bebidas,Bebidas,Alta
2026-06-01T22:40:20,scraper_lider,Bebida Original Limonada Botella 475 cc Love Lemon,Bebe,Alimentos Bebe,bebida_en_bebe,Bebidas,Bebidas,Alta
2026-06-01T22:40:20,scraper_lider,Bebida Original Limonada Botella 2 L Love Lemon,Bebe,Alimentos Bebe,bebida_en_bebe,Bebidas,Bebidas,Alta
2026-06-01T22:40:20,scraper_lider,Bebida Aloe Vera Durazno Botella 1 L Amane,Bebe,Alimentos Bebe,bebida_en_bebe,Bebidas,Bebidas,Alta
2026-06-01T22:40:20,scraper_lider,Bebida Aloe Vera Granada Botella 1 L Amane,Bebe,Alimentos Bebe,bebida_en_bebe,Bebidas,Bebidas,Alta
2026-06-01T22:40:20,scraper_lider,Bebida Aloe Vera Zero Botella 1 L Amane,Bebe,Alimentos Bebe,bebida_en_bebe,Bebidas,Bebidas,Alta
2026-06-01T22:40:20,scraper_lider,Bebida Vegetal Notmilk Original 1 L NotCo,Bebe,Alimentos Bebe,bebida_en_bebe,Bebidas,Bebidas,Alta
2026-06-01T22:40:20,scraper_lider,Bebida Limonada Menta Y Jengibre Botella 475 cc Love Lemon,Bebe,Alimentos Bebe,bebida_en_bebe,Bebidas,Bebidas,Alta
2026-06-01T22:40:20,scraper_lider,Bebida Light Limonada 475 Cc Botella 475 cc Love Lemon,Bebe,Alimentos Bebe,bebida_en_bebe,Bebidas,Bebidas,Alta
2026-06-01T22:40:20,scraper_lider,Bebida Isotónica Cool Blue Botella 500 ml Gatorade,Bebe,Alimentos Bebe,bebida_en_bebe,Bebidas,Bebidas,Alta
2026-06-01T22:40:20,scraper_lider,Bebida Vegetal Notmilk Zero 1 L NotCo,Bebe,Alimentos Bebe,bebida_en_bebe,Bebidas,Bebidas,Alta
2026-06-01T22:40:20,scraper_lider,Bebida Vegetal Original 1 L Nature's Heart,Bebe,Alimentos Bebe,bebida_en_bebe,Bebidas,Bebidas,Alta
2026-06-01T22:40:20,scraper_lider,Bebida Limonada Pink 475 Cc Botella 475 cc Love Lemon,Bebe,Alimentos Bebe,bebida_en_bebe,Bebidas,Bebidas,Alta
2026-06-01T22:40:20,scraper_lider,Bebida Vegetal Notmilk Low Fat 1 L NotCo,Bebe,Alimentos Bebe,bebida_en_bebe,Bebidas,Bebidas,Alta
2026-06-01T22:40:20,scraper_lider,Shampoo Para Bebé Noche 444 ml Parent's Choice,Bebe,Alimentos Bebe,higiene_fuera_de_higiene,Higiene Personal,Shampoo,Alta
2026-06-01T22:40:20,scraper_lider,Shampoo De Bebe Para Antes De Dormir 400 ml Parent's Choice,Bebe,Alimentos Bebe,higiene_fuera_de_higiene,Higiene Personal,Shampoo,Alta
2026-06-01T22:40:20,scraper_lider,Jabón Y Shampoo Liquido Para Bebé 400 ml Parent's Choice,Bebe,Alimentos Bebe,higiene_fuera_de_higiene,Higiene Personal,Shampoo,Alta
2026-06-01T22:40:20,scraper_lider,Jabón Y Shampoo Líquido De Bebe Para Antes De Dormir 800 ml Parent's Choice,Bebe,Alimentos Bebe,higiene_fuera_de_higiene,Higiene Personal,Shampoo,Alta
2026-06-01T22:40:20,scraper_lider,Shampoo Para Bebé Sin Lagrimas 400 ml Parent's Choice,Bebe,Alimentos Bebe,higiene_fuera_de_higiene,Higiene Personal,Shampoo,Alta
2026-06-01T22:40:20,scraper_lider,Jabón Y Shampoo Líquido Para Bebé 1 L Parent's Choice,Bebe,Alimentos Bebe,higiene_fuera_de_higiene,Higiene Personal,Shampoo,Alta
2026-06-01T22:40:20,scraper_lider,Jabón De Glicerina Bebé 750 ml Babyland,Bebe,Alimentos Bebe,higiene_fuera_de_higiene,Higiene Personal,Jabon,Alta
2026-06-01T22:40:20,scraper_lider,Shampoo Dermatológico Para Bebé Manzanilla Botella 400 ml Babylee,Bebe,Alimentos Bebe,higiene_fuera_de_higiene,Higiene Personal,Shampoo,Alta
2026-06-01T22:40:20,scraper_lider,Shampoo Para Bebé Ph Balanceado 400 ml Johnson's Baby,Bebe,Alimentos Bebe,higiene_fuera_de_higiene,Higiene Personal,Shampoo,Alta
2026-06-01T22:40:21,scraper_lider,Acondicionador Para Bebé Ph Balanceado 400 ml Johnson's Baby,Bebe,Alimentos Bebe,higiene_fuera_de_higiene,Higiene Personal,Acondicionador,Alta
2026-06-01T22:40:21,scraper_lider,Shampoo Para Bebé Cabello Claro X 400 Ml 400 ml Johnson's Baby,Bebe,Alimentos Bebe,higiene_fuera_de_higiene,Higiene Personal,Shampoo,Alta
2026-06-01T22:40:21,scraper_lider,Bebida Leche Láctea Yogu Yogu Chirimoya Caja,Bebe,Alimentos Bebe,bebida_en_bebe,Bebidas,Bebidas,Alta
2026-06-01T22:40:21,scraper_lider,Bebida Natural Tarro 170 gr Coronado,Bebe,Alimentos Bebe,bebida_en_bebe,Bebidas,Bebidas,Alta
2026-06-01T22:40:21,scraper_lider,Bebida Láctea Probiótico Uno Sabor Frutilla Pack 6 Caja 6 Un Soprole,Bebe,Alimentos Bebe,bebida_en_bebe,Bebidas,Bebidas,Alta
2026-06-01T22:40:21,scraper_lider,Bebida De Coco Lata 400 cc Deyco,Bebe,Alimentos Bebe,bebida_en_bebe,Bebidas,Bebidas,Alta
2026-06-01T22:40:21,scraper_lider,Bebida Leche Láctea Yogu Yogu Damasco Caja,Bebe,Alimentos Bebe,bebida_en_bebe,Bebidas,Bebidas,Alta
2026-06-01T22:40:21,scraper_lider,Bebida Leche Láctea Yogu Yogu Frutilla Caja,Bebe,Alimentos Bebe,bebida_en_bebe,Bebidas,Bebidas,Alta
2026-06-01T22:40:21,scraper_lider,Bebida Leche Láctea Yogu Yogu Mora Caja,Bebe,Alimentos Bebe,bebida_en_bebe,Bebidas,Bebidas,Alta
2026-06-01T22:40:21,scraper_lider,Bebida Leche Láctea Yogu Yogu Piña Caja,Bebe,Alimentos Bebe,bebida_en_bebe,Bebidas,Bebidas,Alta
2026-06-01T22:40:21,scraper_lider,Bebida Leche Láctea Trencito Chocolate Caja,Bebe,Alimentos Bebe,bebida_en_bebe,Bebidas,Bebidas,Alta
2026-06-01T22:40:21,scraper_lider,Bebida Láctea Sabor Frutilla 200 ml Surlat,Bebe,Alimentos Bebe,bebida_en_bebe,Bebidas,Bebidas,Alta
2026-06-01T22:40:21,scraper_lider,Bebida Láctea Sabor Chocolate 200 ml Surlat,Bebe,Alimentos Bebe,bebida_en_bebe,Bebidas,Bebidas,Alta
2026-06-01T22:40:21,scraper_lider,Bebida Láctea Sabor Vainilla 200 ml Surlat,Bebe,Alimentos Bebe,bebida_en_bebe,Bebidas,Bebidas,Alta
2026-06-01T22:40:21,scraper_lider,Bebida Láctea Probiótico Defensas Con Bombilla Sabor Multifruta Caja 6 Un Soprole UNO,Bebe,Alimentos Bebe,bebida_en_bebe,Bebidas,Bebidas,Alta
2026-06-01T22:40:21,scraper_lider,Bebida A Base De Cebada Ecco Instantáneo Tarro,Bebe,Alimentos Bebe,bebida_en_bebe,Bebidas,Bebidas,Alta
2026-06-01T22:40:21,scraper_lider,Bebida Vegetal Notmilk Chocolate Tetra Pak 200 ml NotCo,Bebe,Alimentos Bebe,bebida_en_bebe,Bebidas,Bebidas,Alta
2026-06-01T22:40:21,scraper_lider,Bebida De Coco Lata 400 ml Aroy-D,Bebe,Alimentos Bebe,bebida_en_bebe,Bebidas,Bebidas,Alta
2026-06-01T22:40:21,scraper_lider,Bebida Láctea Sin Lactosa Chocolate 200 ml Milo,Bebe,Alimentos Bebe,bebida_en_bebe,Bebidas,Bebidas,Alta
2026-06-01T22:40:21,scraper_lider,Bebida Láctea Descremada Probiotico Sabor Damasco 108 ml Calan,Bebe,Alimentos Bebe,bebida_en_bebe,Bebidas,Bebidas,Alta
2026-06-01T22:40:21,scraper_lider,Bebida Láctea Sabor Mora 1 L Yogu Yogu,Bebe,Alimentos Bebe,bebida_en_bebe,Bebidas,Bebidas,Alta
2026-06-01T22:40:21,scraper_lider,Bebida Láctea Probiótico Uno Sabor Frutilla Pack 12 Caja 80 ml Soprole,Bebe,Alimentos Bebe,bebida_en_bebe,Bebidas,Bebidas,Alta
2026-06-01T22:40:21,scraper_lider,Bebida Láctea Sin Lactosa Con Probióticos Sabor Frutilla 320 g Surlat,Bebe,Alimentos Bebe,bebida_en_bebe,Bebidas,Bebidas,Alta
2026-06-01T22:40:21,scraper_lider,Bebida Láctea Sin Lactosa Con Probióticos Sabor Manzana. 320 ml Surlat,Bebe,Alimentos Bebe,bebida_en_bebe,Bebidas,Bebidas,Alta
2026-06-01T22:40:21,scraper_lider,Bebida Vegetal Notmilk Protein Con 7gr Proteína 750 ml NotCo,Bebe,Alimentos Bebe,bebida_en_bebe,Bebidas,Bebidas,Alta
2026-06-01T22:40:21,scraper_lider,Bebida Sin Azúcar Con Whisky 7° Lata 350 ml Jack Daniel's,Bebe,Alimentos Bebe,bebida_en_bebe,Bebidas,Bebidas,Alta
2026-06-01T22:40:21,scraper_lider,Bebida Láctea Probiótico Sabor Frambuesa Multipack Botella 80ml Chamyto,Bebe,Alimentos Bebe,bebida_en_bebe,Bebidas,Bebidas,Alta
2026-06-01T22:40:21,scraper_lider,Bebida Láctea Probiótico Original Multipack Botella 6 Un x 80 ml Chamyto,Bebe,Alimentos Bebe,bebida_en_bebe,Bebidas,Bebidas,Alta
2026-06-01T22:40:21,scraper_lider,Bebida Láctea Probiótico Sabor Manzana Multipack Botella 80ml Chamyto,Bebe,Alimentos Bebe,bebida_en_bebe,Bebidas,Bebidas,Alta
2026-06-01T22:40:21,scraper_lider,Bebida Láctea Probiótico Sabor Frutilla Multipack Botella 80ml Chamyto,Bebe,Alimentos Bebe,bebida_en_bebe,Bebidas,Bebidas,Alta
2026-06-01T22:40:21,scraper_lider,Bebida Láctea Probiótico Sabor Multifruta Pack Botella 6 Botellas 90 cc c/u Calán,Bebe,Alimentos Bebe,bebida_en_bebe,Bebidas,Bebidas,Alta
2026-06-01T22:40:21,scraper_lider,Bebida Láctea Probiótico Uno Multifruta Pack 12 Botella 80 ml c/u Soprole,Bebe,Alimentos Bebe,bebida_en_bebe,Bebidas,Bebidas,Alta
2026-06-01T22:40:21,scraper_lider,Bebida Láctea Probiótico Uno Sabor Frutilla Pack 12 Botella 80 ml c/u Soprole,Bebe,Alimentos Bebe,bebida_en_bebe,Bebidas,Bebidas,Alta
2026-06-01T22:40:21,scraper_lider,Bebida Láctea Probiótico Sabor Frutilla Pack Botella 6 Botellas 90 cc c/u Calán,Bebe,Alimentos Bebe,bebida_en_bebe,Bebidas,Bebidas,Alta
2026-06-01T22:40:21,scraper_lider,Pepsi Botella Zero 2500 ml Pepsi zero,Bebe,Alimentos Bebe,bebida_en_bebe,Bebidas,Bebidas,Alta
2026-06-01T22:40:21,scraper_lider,"Agua Tónica Original Botella 1,5 L Canada Dry",Bebe,Alimentos Bebe,bebida_en_bebe,Bebidas,Aguas,Alta
2026-06-01T22:40:21,scraper_lider,Jugo En Polvo Libre De Azúcar Sabor Granada Sobre 7 g Vivo,Bebe,Alimentos Bebe,bebida_en_bebe,Bebidas,Jugos,Alta
2026-06-01T22:40:21,scraper_lider,Acondicionador Kids Con Argán Con Válvula ml ML Simond's,Bebe,Alimentos Bebe,higiene_fuera_de_higiene,Higiene Personal,Acondicionador,Alta
2026-06-01T22:40:21,scraper_lider,Shampoo Neutro Para Bebés. 400 ml Simond’s,Bebe,Alimentos Bebe,higiene_fuera_de_higiene,Higiene Personal,Shampoo,Alta
2026-06-01T22:40:21,scraper_lider,Acondicionador Brillitos 1 Un Babyland,Bebe,Alimentos Bebe,higiene_fuera_de_higiene,Higiene Personal,Acondicionador,Alta
2026-06-01T22:40:21,scraper_lider,Crema Facial Hidrata Protege 1 Un Mustela,Bebe,Alimentos Bebe,higiene_fuera_de_higiene,Higiene Personal,Cuidado Facial,Alta
2026-06-01T22:40:21,scraper_lider,Jabón Micelar Botella 1 Un Simond’s,Bebe,Alimentos Bebe,higiene_fuera_de_higiene,Higiene Personal,Cuidado Facial,Alta
2026-06-01T22:40:21,scraper_lider,Jabón De Glicerina Hipoalergénico 750 ml Babyland,Bebe,Alimentos Bebe,higiene_fuera_de_higiene,Higiene Personal,Jabon,Alta
2026-06-01T22:40:21,scraper_lider,Shampoo Neutro Botella 1 Un Babyland,Bebe,Alimentos Bebe,higiene_fuera_de_higiene,Higiene Personal,Shampoo,Alta
2026-06-01T22:40:21,scraper_lider,Acondicionador Manzanilla Cabellos Claros 410 ml Babyland,Bebe,Alimentos Bebe,higiene_fuera_de_higiene,Higiene Personal,Acondicionador,Alta
2026-06-01T22:40:21,scraper_lider,Jabón Líquido Blanco Botella 1 L Simond’s,Bebe,Alimentos Bebe,higiene_fuera_de_higiene,Higiene Personal,Jabon,Alta
2026-06-01T22:40:21,scraper_lider,Jabón Líquido Hipoalergénico 1 L Simond’s,Bebe,Alimentos Bebe,higiene_fuera_de_higiene,Higiene Personal,Jabon,Alta
2026-06-01T22:40:21,scraper_lider,Shampoo Kids Rulos 410 ml Babyland,Bebe,Alimentos Bebe,higiene_fuera_de_higiene,Higiene Personal,Shampoo,Alta
2026-06-01T22:40:22,scraper_lider,Shampoo Kids Boom Frutal 410 ml Babyland,Bebe,Alimentos Bebe,higiene_fuera_de_higiene,Higiene Personal,Shampoo,Alta
2026-06-01T22:40:22,scraper_lider,Acondicionador Kids Rulos 410 ml Babyland,Bebe,Alimentos Bebe,higiene_fuera_de_higiene,Higiene Personal,Acondicionador,Alta
2026-06-01T22:40:22,scraper_lider,Acondicionador Baby Tapa Flip Top 400 ml Ammens,Bebe,Alimentos Bebe,higiene_fuera_de_higiene,Higiene Personal,Acondicionador,Alta
2026-06-01T22:40:22,scraper_lider,Shampoo Original 750 ml Johnson's Baby,Bebe,Alimentos Bebe,higiene_fuera_de_higiene,Higiene Personal,Shampoo,Alta
2026-06-01T22:40:22,scraper_lider,Jabón Líquido Extra Suave Baby Line Doy Pack 750 ml Ballerina,Bebe,Alimentos Bebe,higiene_fuera_de_higiene,Higiene Personal,Jabon,Alta
2026-06-01T22:40:22,scraper_lider,Jabón De Afrecho Cremoso Nutritivo Botella 340 ml Simond’s,Bebe,Alimentos Bebe,higiene_fuera_de_higiene,Higiene Personal,Jabon,Alta
2026-06-01T22:40:22,scraper_lider,Shampoo Hipoalergénico Botella 610 ml Simond’s,Bebe,Alimentos Bebe,higiene_fuera_de_higiene,Higiene Personal,Shampoo,Alta
2026-06-01T22:40:22,scraper_lider,Shampoo Evita Lagrimas 750 ml Simond’s,Bebe,Alimentos Bebe,higiene_fuera_de_higiene,Higiene Personal,Shampoo,Alta
2026-06-01T22:40:22,scraper_lider,Shampoo Caramel Smile Kids 400 ml Simond’s,Bebe,Alimentos Bebe,higiene_fuera_de_higiene,Higiene Personal,Shampoo,Alta
2026-06-01T22:40:22,scraper_lider,Shampoo Baby Manzanilla 750 ml Johnson's Baby,Bebe,Alimentos Bebe,higiene_fuera_de_higiene,Higiene Personal,Shampoo,Alta
2026-06-01T22:40:22,scraper_lider,Shampoo Gotas De Brillo 750 ml Johnson's Baby,Bebe,Alimentos Bebe,higiene_fuera_de_higiene,Higiene Personal,Shampoo,Alta
2026-06-01T22:40:22,scraper_lider,Acondicionador Gotas De Brillo 400 ml Johnson's Baby,Bebe,Alimentos Bebe,higiene_fuera_de_higiene,Higiene Personal,Acondicionador,Alta
2026-06-01T22:40:22,scraper_lider,Acondicionador Hidratación Intensa 400 ml Johnson's Baby,Bebe,Alimentos Bebe,higiene_fuera_de_higiene,Higiene Personal,Acondicionador,Alta
2026-06-01T22:40:22,scraper_lider,Acondicionador Para Niños Baby Care Botella 610 ml Simond’s,Bebe,Alimentos Bebe,higiene_fuera_de_higiene,Higiene Personal,Acondicionador,Alta
2026-06-01T22:40:22,scraper_lider,Shampoo Aroma Manzanilla Camomilla Botella 610 ml Simond’s,Bebe,Alimentos Bebe,higiene_fuera_de_higiene,Higiene Personal,Shampoo,Alta
2026-06-01T22:40:22,scraper_lider,Acondicionador Baby Evita Lagrimas Con Válvula ml ml Simond's,Bebe,Alimentos Bebe,higiene_fuera_de_higiene,Higiene Personal,Acondicionador,Alta
2026-06-01T22:40:22,scraper_lider,Vino Tinto Cabernet Sauvignon Hard Fire 16° Botella 750 ml Diablo,Bebe,Alimentos Bebe,bebida_en_bebe,Bebidas,Vinos,Alta
2026-06-01T22:40:22,scraper_lider,Shampoo Para Niños Smile Kids Aroma Manzanilla Botella 400 ml Simond’s,Bebe,Alimentos Bebe,higiene_fuera_de_higiene,Higiene Personal,Shampoo,Alta
2026-06-01T22:40:22,scraper_lider,Jabón En Barra Bebé Bolsa 170 g Popeye,Bebe,Alimentos Bebe,higiene_fuera_de_higiene,Higiene Personal,Jabon,Alta
2026-06-01T22:40:22,scraper_lider,Shampoo Suave 1 Un Mustela,Bebe,Alimentos Bebe,higiene_fuera_de_higiene,Higiene Personal,Shampoo,Alta
2026-06-01T22:40:22,scraper_lider,Shampoo Brillitos De Argán Botella 1 Un Babyland,Bebe,Alimentos Bebe,higiene_fuera_de_higiene,Higiene Personal,Shampoo,Alta
2026-06-01T22:40:22,scraper_lider,Shampoo Brillitos Mágicos 400 ml Babylee,Bebe,Alimentos Bebe,higiene_fuera_de_higiene,Higiene Personal,Shampoo,Alta
2026-06-01T22:40:22,scraper_lider,Acondicionador Brillitos Mágicos Botella 400 ml Babylee,Bebe,Alimentos Bebe,higiene_fuera_de_higiene,Higiene Personal,Acondicionador,Alta
2026-06-01T22:40:22,scraper_lider,Jabón Líquido Neutro Hipoalergénico Doypack 650 ml Babylee,Bebe,Alimentos Bebe,higiene_fuera_de_higiene,Higiene Personal,Jabon,Alta
2026-06-01T22:40:22,scraper_lider,Acondicionador Manzanilla 400 ml Simond’s,Bebe,Alimentos Bebe,higiene_fuera_de_higiene,Higiene Personal,Acondicionador,Alta
2026-06-01T22:40:22,scraper_lider,Shampoo Baby Flip Top 400 ml Ammens,Bebe,Alimentos Bebe,higiene_fuera_de_higiene,Higiene Personal,Shampoo,Alta
2026-06-01T22:40:22,scraper_lider,Acondicionador Manzanilla Hipoalergénico Botella 400 ml Babylee,Bebe,Alimentos Bebe,higiene_fuera_de_higiene,Higiene Personal,Acondicionador,Alta
2026-06-01T22:40:22,scraper_lider,Shampoo Manzanilla Doypack 750 ml Babylee,Bebe,Alimentos Bebe,higiene_fuera_de_higiene,Higiene Personal,Shampoo,Alta
2026-06-01T22:40:22,scraper_lider,Acondicionador Manzanilla Doypack 750 ml Babylee,Bebe,Alimentos Bebe,higiene_fuera_de_higiene,Higiene Personal,Acondicionador,Alta
2026-06-01T22:40:22,scraper_lider,Shampoo Manzanilla Camomilla Botella 410 ml Babyland,Bebe,Alimentos Bebe,higiene_fuera_de_higiene,Higiene Personal,Shampoo,Alta
2026-06-01T22:40:22,scraper_lider,Shampoo Manzanilla Camomilla Botella 700 ml Babyland,Bebe,Alimentos Bebe,higiene_fuera_de_higiene,Higiene Personal,Shampoo,Alta
2026-06-01T22:40:22,scraper_lider,Shampoo Baby Neutro Botella 410 ml Babyland,Bebe,Alimentos Bebe,higiene_fuera_de_higiene,Higiene Personal,Shampoo,Alta
2026-06-01T22:40:22,scraper_lider,Shampoo Manzanilla Camomilla Botella 400 ml Simond’s,Bebe,Alimentos Bebe,higiene_fuera_de_higiene,Higiene Personal,Shampoo,Alta
2026-06-01T22:40:22,scraper_lider,Shampoo Brillitos De Argán Botella 400 ml Simond’s,Bebe,Alimentos Bebe,higiene_fuera_de_higiene,Higiene Personal,Shampoo,Alta
2026-06-01T22:40:22,scraper_lider,Jabón De Glicerina Baby Care Botella 340 ml Simond’s,Bebe,Alimentos Bebe,higiene_fuera_de_higiene,Higiene Personal,Jabon,Alta
2026-06-01T22:40:22,scraper_lider,Acondicionador Extra Suave Botella 400 ml Simond’s,Bebe,Alimentos Bebe,higiene_fuera_de_higiene,Higiene Personal,Acondicionador,Alta
2026-06-01T22:40:22,scraper_lider,Shampoo Coco Vainilla Botella 400 ml Simond’s,Bebe,Alimentos Bebe,higiene_fuera_de_higiene,Higiene Personal,Shampoo,Alta
2026-06-01T22:40:22,scraper_lider,Shampoo Brillitos Argán Con Válvula 750 ml Simond's,Bebe,Alimentos Bebe,higiene_fuera_de_higiene,Higiene Personal,Shampoo,Alta
2026-06-01T22:40:22,scraper_lider,Shampoo Kids Dulce Bubble Gum 410 ml Babyland,Bebe,Alimentos Bebe,higiene_fuera_de_higiene,Higiene Personal,Shampoo,Alta
2026-06-01T22:40:23,scraper_lider,Acondicionador Kids Dulce Bubble Gum 410 ml Babyland,Bebe,Alimentos Bebe,higiene_fuera_de_higiene,Higiene Personal,Acondicionador,Alta
2026-06-01T22:40:23,scraper_lider,Shampoo Para Niños Gotas De Brillo 400 ml Johnson's Baby,Bebe,Alimentos Bebe,higiene_fuera_de_higiene,Higiene Personal,Shampoo,Alta
2026-06-01T22:40:23,scraper_lider,Shampoo Baby Plus 2 En 1 Botella 400 ml Simond’s,Bebe,Alimentos Bebe,higiene_fuera_de_higiene,Higiene Personal,Shampoo,Alta
2026-06-01T22:40:23,scraper_lider,Acondicionador Natural Para Niños Manzanilla Botella 610 ml Simond’s,Bebe,Alimentos Bebe,higiene_fuera_de_higiene,Higiene Personal,Acondicionador,Alta
2026-06-01T22:40:23,scraper_lider,Shampoo Para Niños Hidratación Intensa X 400 Ml 400 ml Johnson's Baby,Bebe,Alimentos Bebe,higiene_fuera_de_higiene,Higiene Personal,Shampoo,Alta
2026-06-01T22:40:23,scraper_lider,Shampoo Fragancia Prolongada Botella 1 Un Babylee,Bebe,Alimentos Bebe,higiene_fuera_de_higiene,Higiene Personal,Shampoo,Alta
2026-06-01T22:40:23,scraper_lider,Acondicionador Fragancia Prolongada 1 Un Babylee,Bebe,Alimentos Bebe,higiene_fuera_de_higiene,Higiene Personal,Acondicionador,Alta
2026-06-01T22:40:23,scraper_lider,Jabón Líquido Hipoalergénico Doypack 650 ml Ballerina,Bebe,Alimentos Bebe,higiene_fuera_de_higiene,Higiene Personal,Jabon,Alta
2026-06-01T22:40:23,scraper_lider,Desinfectante Antibacterial Lavanda Y Bebé Pack 2 Aerosol Lata,Bebe,Alimentos Bebe,limpieza_en_bebe,Limpieza,Limpiadores,Alta
2026-06-01T22:40:23,scraper_lider,Detergente Líquido Hipoalergénico Bebé Doypack 3 l Popeye,Bebe,Alimentos Bebe,limpieza_en_bebe,Limpieza,Limpiadores,Alta
2026-06-01T22:40:23,scraper_lider,Detergente Líquido Hipoalergénico Bebé Doypack 1l Popeye,Bebe,Alimentos Bebe,limpieza_en_bebe,Limpieza,Limpiadores,Alta
2026-06-01T22:40:23,scraper_lider,Shampoo Rizos Obedientes Botella 400 ml Babylee,Bebe,Alimentos Bebe,higiene_fuera_de_higiene,Higiene Personal,Shampoo,Alta
2026-06-01T22:40:23,scraper_lider,Acondicionador Rizos Obedientes 400 ml Babylee,Bebe,Alimentos Bebe,higiene_fuera_de_higiene,Higiene Personal,Acondicionador,Alta
2026-06-01T22:40:23,scraper_lider,Acondicionador Brillitos De Argán 400 ml Simond’s,Bebe,Alimentos Bebe,higiene_fuera_de_higiene,Higiene Personal,Acondicionador,Alta
2026-06-01T22:40:23,scraper_lider,Acondicionador Para Niños Fuerza Y Vitamina 400 ml Johnson's Baby,Bebe,Alimentos Bebe,higiene_fuera_de_higiene,Higiene Personal,Acondicionador,Alta
2026-06-01T22:40:23,scraper_lider,Shampoo Fuerza Y Vitamina 400 ml Johnson's Baby,Bebe,Alimentos Bebe,higiene_fuera_de_higiene,Higiene Personal,Shampoo,Alta
2026-06-01T22:40:24,scraper_lider,Jabón En Barra Hipoalergénico Bebé Bolsa 2un Pack 340 g Popeye,Bebe,Alimentos Bebe,higiene_fuera_de_higiene,Higiene Personal,Jabon,Alta
2026-06-01T22:40:24,scraper_lider,Detergente Líquido Hipoalergénico Bebé Botella 3 l Popeye,Bebe,Alimentos Bebe,limpieza_en_bebe,Limpieza,Limpiadores,Alta
2026-06-01T22:40:24,scraper_lider,Desinfectante De Ambientes Y Elimina Olores Bebé En Aerosol Lata 360 ml Lysoform,Bebe,Alimentos Bebe,limpieza_en_bebe,Limpieza,Limpiadores,Alta
2026-06-01T22:40:24,scraper_lider,"Jugo De Manzana 1,3 L Lider",Bebe,Alimentos Bebe,bebida_en_bebe,Bebidas,Jugos,Alta
2026-06-01T22:40:24,scraper_lider,Jugo Mandarina 1000 ml Bless,Bebe,Alimentos Bebe,bebida_en_bebe,Bebidas,Jugos,Alta
2026-06-01T22:40:24,scraper_lider,"Jugo De Mix Tropical 1,3 L Lider",Bebe,Alimentos Bebe,bebida_en_bebe,Bebidas,Jugos,Alta
2026-06-01T22:40:24,scraper_lider,Nectar Tetra Pack Manzana 0.2 L Watts,Bebe,Alimentos Bebe,bebida_en_bebe,Bebidas,Jugos,Alta
2026-06-01T22:40:24,scraper_lider,Jugo Tomate 340 ml Campbells,Bebe,Alimentos Bebe,bebida_en_bebe,Bebidas,Jugos,Alta
2026-06-01T22:40:24,scraper_lider,Néctar Lata Manzana 335 ml Jumex,Bebe,Alimentos Bebe,bebida_en_bebe,Bebidas,Jugos,Alta
2026-06-01T22:40:24,scraper_lider,Kombucha Cedrón 500 ml Kombuchacha,Bebe,Alimentos Bebe,bebida_en_bebe,Bebidas,Jugos,Alta
2026-06-01T22:40:24,scraper_lider,Néctar Frugo Piña,Bebe,Alimentos Bebe,bebida_en_bebe,Bebidas,Jugos,Alta
2026-06-01T22:40:24,scraper_lider,Néctar Frugo Naranja,Bebe,Alimentos Bebe,bebida_en_bebe,Bebidas,Jugos,Alta
2026-06-01T22:40:24,scraper_lider,Néctar Frugo Maracuyá,Bebe,Alimentos Bebe,bebida_en_bebe,Bebidas,Jugos,Alta
2026-06-01T22:40:24,scraper_lider,Néctar Caja Piña 200 ml Del Valle,Bebe,Alimentos Bebe,bebida_en_bebe,Bebidas,Jugos,Alta
2026-06-01T22:40:24,scraper_lider,Jugo Colación Sabor Manzana Caja 200 ml Afe,Bebe,Alimentos Bebe,bebida_en_bebe,Bebidas,Jugos,Alta
2026-06-01T22:40:24,scraper_lider,Jugo Colación Sabor Pera Caja 200 ml Afe,Bebe,Alimentos Bebe,bebida_en_bebe,Bebidas,Jugos,Alta
2026-06-01T22:40:24,scraper_lider,Kombucha Orgánica Jengibre 500 ml Kombuchacha,Bebe,Alimentos Bebe,bebida_en_bebe,Bebidas,Jugos,Alta
2026-06-01T22:40:24,scraper_lider,Jugo Verde Tretra Pak 960 ml Jumex,Bebe,Alimentos Bebe,bebida_en_bebe,Bebidas,Jugos,Alta
2026-06-01T22:40:24,scraper_lider,Papas Fritas Lay's Corte Liso,Bebe,Alimentos Bebe,snack_en_bebe,Desayuno y Snacks,Snacks,Alta
2026-06-01T22:40:24,scraper_lider,Jugo En Polvo Sabor Limón Dulce Sobre 15 g Zuko,Bebe,Alimentos Bebe,bebida_en_bebe,Bebidas,Jugos,Alta
2026-06-01T22:40:24,scraper_lider,"Néctar Durazno Botella 1,5 Lt Livean",Bebe,Alimentos Bebe,bebida_en_bebe,Bebidas,Jugos,Alta
2026-06-01T22:40:24,scraper_lider,Agua Saborizada Manzana Botella 500 ml Benedictino,Bebe,Alimentos Bebe,bebida_en_bebe,Bebidas,Aguas,Alta
2026-06-01T22:40:24,scraper_lider,Puri Crunchy Mani 25 Gr,Bebe,Alimentos Bebe,snack_en_bebe,Desayuno y Snacks,Snacks,Alta
2026-06-01T22:40:24,scraper_lider,Jugo Pera Manzana Caja 200 ml Bless,Bebe,Alimentos Bebe,bebida_en_bebe,Bebidas,Jugos,Alta
2026-06-01T22:40:24,scraper_lider,Jugo Damasco Manzana Caja 200 g Bless,Bebe,Alimentos Bebe,bebida_en_bebe,Bebidas,Jugos,Alta
2026-06-01T22:40:24,scraper_lider,Néctar Sabor Piña Lata 335 ml Jumex,Bebe,Alimentos Bebe,bebida_en_bebe,Bebidas,Jugos,Alta
2026-06-01T22:40:24,scraper_lider,Agua Mineral Con Gas Botella 600 ml Cachantun,Bebe,Alimentos Bebe,bebida_en_bebe,Bebidas,Aguas,Alta
2026-06-01T22:40:24,scraper_lider,Agua Mineral Sin Gas Botella 600 ml Cachantun,Bebe,Alimentos Bebe,bebida_en_bebe,Bebidas,Aguas,Alta
2026-06-01T22:40:24,scraper_lider,Suflés Gatolate Chocolate 100 g Evercrisp,Bebe,Alimentos Bebe,mascota_fuera_de_mascotas,Mascotas,Alimento Gatos,Alta
2026-06-01T22:40:24,scraper_lider,"Néctar Sabor Manzana Botella 1,5 L Livean",Bebe,Alimentos Bebe,bebida_en_bebe,Bebidas,Jugos,Alta
2026-06-01T22:40:24,scraper_lider,Jugo Natural Naranja 1 L Watts,Bebe,Alimentos Bebe,bebida_en_bebe,Bebidas,Jugos,Alta
2026-06-01T22:40:24,scraper_lider,Popcorn Sabor Queso 40 g Purisnacks,Bebe,Alimentos Bebe,snack_en_bebe,Desayuno y Snacks,Snacks,Alta
2026-06-01T22:40:24,scraper_lider,Jugo Naranja 1.5 Litros 1500 ml Guallarauco,Bebe,Alimentos Bebe,bebida_en_bebe,Bebidas,Jugos,Alta
2026-06-01T22:40:24,scraper_lider,Jugo Mango 1.5 Litros 1500 ml Guallarauco,Bebe,Alimentos Bebe,bebida_en_bebe,Bebidas,Jugos,Alta
2026-06-01T22:40:24,scraper_lider,Jugo Manzana Caja 1 L Bless,Bebe,Alimentos Bebe,bebida_en_bebe,Bebidas,Jugos,Alta
2026-06-01T22:40:24,scraper_lider,Jugo Element Bless Damasco Manzana Caja,Bebe,Alimentos Bebe,bebida_en_bebe,Bebidas,Jugos,Alta
2026-06-01T22:40:24,scraper_lider,Néctar Sabor Coco Piña Lata 335 ml Jumex,Bebe,Alimentos Bebe,bebida_en_bebe,Bebidas,Jugos,Alta
2026-06-01T22:40:24,scraper_lider,Néctar Tetra Pack Light Sabor Mango 1500 ml Watts,Bebe,Alimentos Bebe,bebida_en_bebe,Bebidas,Jugos,Alta
2026-06-01T22:40:24,scraper_lider,Agua Mineral Light Gas Botella 600 ml Cachantun,Bebe,Alimentos Bebe,bebida_en_bebe,Bebidas,Aguas,Alta
2026-06-01T22:40:24,scraper_lider,"Néctar Piña Botella 1,5 L Watts",Bebe,Alimentos Bebe,bebida_en_bebe,Bebidas,Jugos,Alta
2026-06-01T22:40:24,scraper_lider,Papas Fritas Caseras Ciboulette 140 g Marco Polo,Bebe,Alimentos Bebe,snack_en_bebe,Desayuno y Snacks,Snacks,Alta
2026-06-01T22:40:24,scraper_lider,Néctar Selección Mango Maracuyá 1 L Watts,Bebe,Alimentos Bebe,bebida_en_bebe,Bebidas,Jugos,Alta
2026-06-01T22:40:24,scraper_lider,Mani Cáscara Sembrasol 350 Grs,Bebe,Alimentos Bebe,snack_en_bebe,Desayuno y Snacks,Snacks,Alta
2026-06-01T22:40:24,scraper_lider,Suflés Garbanzos Con Pasta Maní 140 g Puripop,Bebe,Alimentos Bebe,snack_en_bebe,Desayuno y Snacks,Snacks,Alta
2026-06-01T22:40:24,scraper_lider,Jugo Natural Naranja Maracuya 1 L Bless,Bebe,Alimentos Bebe,bebida_en_bebe,Bebidas,Jugos,Alta
2026-06-01T22:40:24,scraper_lider,Jugo Naranja 100% Natural 1 L Bless,Bebe,Alimentos Bebe,bebida_en_bebe,Bebidas,Jugos,Alta
2026-06-01T22:40:24,scraper_lider,Jugo Naranja Mango 1.5 Litros 1500 ml Guallarauco,Bebe,Alimentos Bebe,bebida_en_bebe,Bebidas,Jugos,Alta
2026-06-01T22:40:24,scraper_lider,Maní Salado 400 g Lider,Bebe,Alimentos Bebe,snack_en_bebe,Desayuno y Snacks,Snacks,Alta
2026-06-01T22:40:24,scraper_lider,Maní Tostado Sin Sal 700 g Lider,Bebe,Alimentos Bebe,snack_en_bebe,Desayuno y Snacks,Snacks,Alta
2026-06-01T22:40:24,scraper_lider,"Néctar Durazno Sin Azúcar Botella 1,5 L Watts",Bebe,Alimentos Bebe,bebida_en_bebe,Bebidas,Jugos,Alta
2026-06-01T22:40:24,scraper_lider,Papas Fritas Ketchup 36 g Marco Polo,Bebe,Alimentos Bebe,snack_en_bebe,Desayuno y Snacks,Snacks,Alta
2026-06-01T22:40:24,scraper_lider,Néctar Durazno Caja 115 ml Watts,Bebe,Alimentos Bebe,bebida_en_bebe,Bebidas,Jugos,Alta
2026-06-01T22:40:24,scraper_lider,Néctar Manzana Caja 115 ml Watts,Bebe,Alimentos Bebe,bebida_en_bebe,Bebidas,Jugos,Alta
2026-06-01T22:40:24,scraper_lider,"Agua Saborizada Limonada Jengibre Sin Gas Botella 1,5 L Benedictino",Bebe,Alimentos Bebe,bebida_en_bebe,Bebidas,Aguas,Alta
2026-06-01T22:40:24,scraper_lider,"Agua Saborizada Pomelo Menta Sin Gas Botella 1,5 L Benedictino",Bebe,Alimentos Bebe,bebida_en_bebe,Bebidas,Aguas,Alta
2026-06-01T22:40:24,scraper_lider,Maní Tostado Sin Sal 400 g Sembrasol,Bebe,Alimentos Bebe,snack_en_bebe,Desayuno y Snacks,Snacks,Alta
2026-06-01T22:40:24,scraper_lider,Maní Tostado Sin Sal 150 g Sembrasol,Bebe,Alimentos Bebe,snack_en_bebe,Desayuno y Snacks,Snacks,Alta
2026-06-01T22:40:24,scraper_lider,Papas Fritas Chiloe 150 Tika,Bebe,Alimentos Bebe,snack_en_bebe,Desayuno y Snacks,Snacks,Alta
2026-06-01T22:40:25,scraper_lider,Jugo Rrfrigerado Manzana Mango Piña Orgánico Botella 1 Ama Time,Bebe,Alimentos Bebe,bebida_en_bebe,Bebidas,Jugos,Alta
2026-06-01T22:40:25,scraper_lider,Papas Fritas Chiloé Sal Himalaya 140 g Wania,Bebe,Alimentos Bebe,snack_en_bebe,Desayuno y Snacks,Snacks,Alta
2026-06-01T22:40:25,scraper_lider,Jabón Líquido Spiderman 400 ml Gelatti,Bebe,Alimentos Bebe,higiene_fuera_de_higiene,Higiene Personal,Jabon,Alta
2026-06-01T22:40:25,scraper_lider,Jugo 100% De Naranja Don Simon,Bebe,Alimentos Bebe,bebida_en_bebe,Bebidas,Jugos,Alta
2026-06-01T22:40:25,scraper_lider,Maní Japonés 350 g De La Rosa,Bebe,Alimentos Bebe,snack_en_bebe,Desayuno y Snacks,Snacks,Alta
2026-06-01T22:40:25,scraper_lider,Papas Fritas Merkén 140 g Flip,Bebe,Alimentos Bebe,snack_en_bebe,Desayuno y Snacks,Snacks,Alta
2026-06-01T22:40:25,scraper_lider,Papas Fritas Lay's Sabor Ketchup 170 g Lays,Bebe,Alimentos Bebe,snack_en_bebe,Desayuno y Snacks,Snacks,Alta
2026-06-01T22:40:25,scraper_lider,Papas Fritas Corte Americano 190 g Kapy,Bebe,Alimentos Bebe,snack_en_bebe,Desayuno y Snacks,Snacks,Alta
2026-06-01T22:40:25,scraper_lider,Maní Crocante Con Jamón Ahumado 100 g Millantú,Bebe,Alimentos Bebe,snack_en_bebe,Desayuno y Snacks,Snacks,Alta
2026-06-01T22:40:25,scraper_lider,Jabón Espuma Barbie 300 ml Gelatti Kids,Bebe,Alimentos Bebe,higiene_fuera_de_higiene,Higiene Personal,Jabon,Alta
2026-06-01T22:40:25,scraper_lider,Nectar Tetra Pack Durazno 0.2 L Watts,Bebe,Alimentos Bebe,bebida_en_bebe,Bebidas,Jugos,Alta
2026-06-01T22:40:25,scraper_lider,"Jugo Naranja Exprimido Caja 1,5 L Watts",Bebe,Alimentos Bebe,bebida_en_bebe,Bebidas,Jugos,Alta
2026-06-01T22:40:25,scraper_lider,Jugo En Polvo Sabor Huesillo Sobre 7 Livean,Bebe,Alimentos Bebe,bebida_en_bebe,Bebidas,Jugos,Alta
2026-06-01T22:40:25,scraper_lider,Néctar Guallarauco Mango Maracuyá Botella,Bebe,Alimentos Bebe,bebida_en_bebe,Bebidas,Jugos,Alta
2026-06-01T22:40:25,scraper_lider,Papas Fritas De Crema Ciboulette 140 g Flip,Bebe,Alimentos Bebe,snack_en_bebe,Desayuno y Snacks,Snacks,Alta
2026-06-01T22:40:25,scraper_lider,"Néctar Tutifrutilla Light 0% Azúcar Añadida Botella 1,5 L Watts",Bebe,Alimentos Bebe,bebida_en_bebe,Bebidas,Jugos,Alta
2026-06-01T22:40:25,scraper_lider,"Néctar Naranja Light 0% Azúcar Añadida Botella 1,5 L Watts",Bebe,Alimentos Bebe,bebida_en_bebe,Bebidas,Jugos,Alta
2026-06-01T22:40:25,scraper_lider,Jugo En Polvo Libre De Azúcar Durazno Huesillo 8g Sobre Vivo,Bebe,Alimentos Bebe,bebida_en_bebe,Bebidas,Jugos,Alta
2026-06-01T22:40:26,scraper_lider,Snack Mix 45 g Marco Polo,Bebe,Alimentos Bebe,snack_en_bebe,Desayuno y Snacks,Snacks,Alta
2026-06-01T22:40:26,scraper_lider,Néctar De Manzana Caja 190 ml Vivo,Bebe,Alimentos Bebe,bebida_en_bebe,Bebidas,Jugos,Alta
2026-06-01T22:40:26,scraper_lider,Jugo En Polvo Sabor Durazno Sobre 20 g Sprim,Bebe,Alimentos Bebe,bebida_en_bebe,Bebidas,Jugos,Alta
2026-06-01T22:40:26,scraper_lider,Jugo En Polvo Frambuesa Sobre 20 g Sprim,Bebe,Alimentos Bebe,bebida_en_bebe,Bebidas,Jugos,Alta
2026-06-01T22:40:26,scraper_lider,Jugo En Polvo Melón Tuna Sobre 20 g Sprim,Bebe,Alimentos Bebe,bebida_en_bebe,Bebidas,Jugos,Alta
2026-06-01T22:40:26,scraper_lider,Jugo En Polvo Go Blue Sobre 60 g Zuko,Bebe,Alimentos Bebe,bebida_en_bebe,Bebidas,Jugos,Alta
2026-06-01T22:40:26,scraper_lider,Jugo En Polvo Light Blue Sobre 8 g Go!,Bebe,Alimentos Bebe,bebida_en_bebe,Bebidas,Jugos,Alta
2026-06-01T22:40:26,scraper_lider,"Agua Purificada Sin Gas Botella 2,5 L Bendictino",Bebe,Alimentos Bebe,bebida_en_bebe,Bebidas,Aguas,Alta
2026-06-01T22:40:26,scraper_lider,Maní Salado 150 g Lider,Bebe,Alimentos Bebe,snack_en_bebe,Desayuno y Snacks,Snacks,Alta
2026-06-01T22:40:26,scraper_lider,Papas Fritas Nativas Sal De Mar 150 g Tika,Bebe,Alimentos Bebe,snack_en_bebe,Desayuno y Snacks,Snacks,Alta
2026-06-01T22:40:26,scraper_lider,Papas Fritas Nativas Merkén Ahumado 150 g Tika,Bebe,Alimentos Bebe,snack_en_bebe,Desayuno y Snacks,Snacks,Alta
2026-06-01T22:40:26,scraper_lider,Papas Fritas Nativas Crema Ciboulette 150 g Tika,Bebe,Alimentos Bebe,snack_en_bebe,Desayuno y Snacks,Snacks,Alta
2026-06-01T22:40:26,scraper_lider,Maní Japonés 200 g Lider,Bebe,Alimentos Bebe,snack_en_bebe,Desayuno y Snacks,Snacks,Alta
2026-06-01T22:40:26,scraper_lider,"Jugo De Naranja 1,3 L Lider",Bebe,Alimentos Bebe,bebida_en_bebe,Bebidas,Jugos,Alta
2026-06-01T22:40:26,scraper_lider,Jugo En Polvo Piña Sobre 20 g Sprim,Bebe,Alimentos Bebe,bebida_en_bebe,Bebidas,Jugos,Alta
2026-06-01T22:40:26,scraper_lider,Jugo De Ciruela Botella 1 L Afe,Bebe,Alimentos Bebe,bebida_en_bebe,Bebidas,Jugos,Alta
2026-06-01T22:40:26,scraper_lider,Kombucha Arándano 500 ml Kombuchacha,Bebe,Alimentos Bebe,bebida_en_bebe,Bebidas,Jugos,Alta
2026-06-01T22:40:26,scraper_lider,Papas Fritas Lay's Tipo Americano,Bebe,Alimentos Bebe,snack_en_bebe,Desayuno y Snacks,Snacks,Alta
2026-06-01T22:40:26,scraper_lider,Jugo En Polvo Sabor Naranja Sobre 20 g Sprim,Bebe,Alimentos Bebe,bebida_en_bebe,Bebidas,Jugos,Alta
2026-06-01T22:40:26,scraper_lider,Jugo En Polvo Sabor Mango Sobre 15 g Zuko,Bebe,Alimentos Bebe,bebida_en_bebe,Bebidas,Jugos,Alta
2026-06-01T22:40:26,scraper_lider,Jugo En Polvo Con Colágeno Granada Sobre 7 g Livean,Bebe,Alimentos Bebe,bebida_en_bebe,Bebidas,Jugos,Alta
2026-06-01T22:40:26,scraper_lider,Jugo Colación Sabor Naranja Caja 200 cc Watts,Bebe,Alimentos Bebe,bebida_en_bebe,Bebidas,Jugos,Alta
2026-06-01T22:40:26,scraper_lider,Néctar Frugo Frutilla,Bebe,Alimentos Bebe,bebida_en_bebe,Bebidas,Jugos,Alta
2026-06-01T22:40:26,scraper_lider,Néctar Frugo Berries,Bebe,Alimentos Bebe,bebida_en_bebe,Bebidas,Jugos,Alta
2026-06-01T22:40:26,scraper_lider,Néctar Caja Durazno 200 ml Del Valle,Bebe,Alimentos Bebe,bebida_en_bebe,Bebidas,Jugos,Alta
2026-06-01T22:40:26,scraper_lider,"Agua Saborizada Pera Sin Gas Botella 1,6 L Mas",Bebe,Alimentos Bebe,bebida_en_bebe,Bebidas,Aguas,Alta
2026-06-01T22:40:26,scraper_lider,Agua Saborizada Pera Sin Gas Botella 600 ml Mas,Bebe,Alimentos Bebe,bebida_en_bebe,Bebidas,Aguas,Alta
2026-06-01T22:40:26,scraper_lider,Agua Saborizada Piña Sin Gas Botella 600 ml Mas,Bebe,Alimentos Bebe,bebida_en_bebe,Bebidas,Aguas,Alta
2026-06-01T22:40:26,scraper_lider,Papas Fritas Inferno Spicy Pepperoni 180 g Marco Polo,Bebe,Alimentos Bebe,snack_en_bebe,Desayuno y Snacks,Snacks,Alta
2026-06-01T22:40:26,scraper_lider,Papas Fritas Limón 140 g Marco Polo,Bebe,Alimentos Bebe,snack_en_bebe,Desayuno y Snacks,Snacks,Alta
2026-06-01T22:40:26,scraper_lider,Papas Fritas Tarro Wavy Sal De Mar 110 g Kryzpo,Bebe,Alimentos Bebe,snack_en_bebe,Desayuno y Snacks,Snacks,Alta
2026-06-01T22:40:26,scraper_lider,Papas Fritas Sabor Original Lata 37 g Kryzpo,Bebe,Alimentos Bebe,snack_en_bebe,Desayuno y Snacks,Snacks,Alta
2026-06-01T22:40:26,scraper_lider,Jugo En Polvo Go Para Deportistas Sabor Naranja Sobre 60 g Zuko,Bebe,Alimentos Bebe,bebida_en_bebe,Bebidas,Jugos,Alta
2026-06-01T22:40:26,scraper_lider,Jugo En Polvo Libre De Azúcar Sabor Naranja 7 G Sobre 1 Un Livean,Bebe,Alimentos Bebe,bebida_en_bebe,Bebidas,Jugos,Alta
2026-06-01T22:40:26,scraper_lider,Jugo En Polvo Libre De Azúcar Manzana Verde 7g Sobre 1 Un Livean,Bebe,Alimentos Bebe,bebida_en_bebe,Bebidas,Jugos,Alta
2026-06-01T22:40:26,scraper_lider,Jugo En Polvo Libre De Azúcar Sabor Frutilla Sobre 7 g Livean,Bebe,Alimentos Bebe,bebida_en_bebe,Bebidas,Jugos,Alta
2026-06-01T22:40:26,scraper_lider,Jugo En Polvo Libre De Azúcar Pera De Agua 7g Sobre 1 Un Livean,Bebe,Alimentos Bebe,bebida_en_bebe,Bebidas,Aguas,Alta
2026-06-01T22:40:26,scraper_lider,Jugo En Polvo Libre De Azúcar Sabor Papaya 7g Sobre 1 Un Livean,Bebe,Alimentos Bebe,bebida_en_bebe,Bebidas,Jugos,Alta
2026-06-01T22:40:26,scraper_lider,"Néctar Durazno Botella 1,75 L Del Valle",Bebe,Alimentos Bebe,bebida_en_bebe,Bebidas,Jugos,Alta
2026-06-01T22:40:26,scraper_lider,Néctar Sabor Piña Caja 200 ml Soprole,Bebe,Alimentos Bebe,bebida_en_bebe,Bebidas,Jugos,Alta
2026-06-01T22:40:26,scraper_lider,Néctar Sabor Naranja Caja 200 ml Soprole,Bebe,Alimentos Bebe,bebida_en_bebe,Bebidas,Jugos,Alta
2026-06-01T22:40:26,scraper_lider,Néctar Sabor Durazno Caja 200 ml Soprole,Bebe,Alimentos Bebe,bebida_en_bebe,Bebidas,Jugos,Alta
2026-06-01T22:40:26,scraper_lider,Néctar Sabor Manzana Caja 200 ml Soprole,Bebe,Alimentos Bebe,bebida_en_bebe,Bebidas,Jugos,Alta
2026-06-01T22:40:26,scraper_lider,Maní Japones Clásico 80 g Kazai,Bebe,Alimentos Bebe,snack_en_bebe,Desayuno y Snacks,Snacks,Alta
2026-06-01T22:40:26,scraper_lider,Jugo De Manzana 1 L Citric,Bebe,Alimentos Bebe,bebida_en_bebe,Bebidas,Jugos,Alta
2026-06-01T22:40:26,scraper_lider,Galletas Saladas Snack 6 Un Bolsa 137 g Crackelet,Bebe,Alimentos Bebe,snack_en_bebe,Desayuno y Snacks,Snacks,Alta
2026-06-01T22:40:26,scraper_lider,Néctar Sabor Piña Caja 1 L Vivo,Bebe,Alimentos Bebe,bebida_en_bebe,Bebidas,Jugos,Alta
2026-06-01T22:40:26,scraper_lider,Néctar Sabor Durazno Caja 1 L Vivo,Bebe,Alimentos Bebe,bebida_en_bebe,Bebidas,Jugos,Alta
2026-06-01T22:40:26,scraper_lider,Jugo En Polvo Con Colágeno Limón Menta Sobre 7 g Livean,Bebe,Alimentos Bebe,bebida_en_bebe,Bebidas,Jugos,Alta
2026-06-01T22:40:26,scraper_lider,Agua Saborizada Frutos Rojos Botella 1.5 L Benedictino,Bebe,Alimentos Bebe,bebida_en_bebe,Bebidas,Aguas,Alta
2026-06-01T22:40:26,scraper_lider,Néctar Sabor Naranja Caja 200 ml Del Valle,Bebe,Alimentos Bebe,bebida_en_bebe,Bebidas,Jugos,Alta
2026-06-01T22:40:26,scraper_lider,Suflito Protein Sticks Maní 140 g Tribu,Bebe,Alimentos Bebe,snack_en_bebe,Desayuno y Snacks,Snacks,Alta
2026-06-01T22:40:26,scraper_lider,"Agua Saborizada Manzana Sin Gas Botella 1,6 L Mas",Bebe,Alimentos Bebe,bebida_en_bebe,Bebidas,Aguas,Alta
2026-06-01T22:40:26,scraper_lider,"Agua Saborizada Granada Sin Gas Botella 1,6 L Mas",Bebe,Alimentos Bebe,bebida_en_bebe,Bebidas,Aguas,Alta
2026-06-01T22:40:26,scraper_lider,"Agua Mineral Sin Gas Botella 1,6 L Cachantun",Bebe,Alimentos Bebe,bebida_en_bebe,Bebidas,Aguas,Alta
2026-06-01T22:40:26,scraper_lider,Papas Fritas Corte Americano 170 g Marco Polo,Bebe,Alimentos Bebe,snack_en_bebe,Desayuno y Snacks,Snacks,Alta
2026-06-01T22:40:26,scraper_lider,"Néctar Tetra Pack Naranja 1,75 L Del Valle",Bebe,Alimentos Bebe,bebida_en_bebe,Bebidas,Jugos,Alta
2026-06-01T22:40:27,scraper_lider,Snack Mix Go 700 g Frutisa,Bebe,Alimentos Bebe,snack_en_bebe,Desayuno y Snacks,Snacks,Alta
2026-06-01T22:40:27,scraper_lider,Jugo Naranjada Original Botella 2 L Love Orange,Bebe,Alimentos Bebe,bebida_en_bebe,Bebidas,Jugos,Alta
2026-06-01T22:40:27,scraper_lider,Jugo Naranja Sin Pulpa Tretra Pak 960 ml Jumex,Bebe,Alimentos Bebe,bebida_en_bebe,Bebidas,Jugos,Alta
2026-06-01T22:40:27,scraper_lider,Néctar Sabor Mango Lata 335 ml Jumex,Bebe,Alimentos Bebe,bebida_en_bebe,Bebidas,Jugos,Alta
2026-06-01T22:40:27,scraper_lider,Néctar Durazno Frutas+vitamin Lata 340 ml Del Valle,Bebe,Alimentos Bebe,bebida_en_bebe,Bebidas,Jugos,Alta
2026-06-01T22:40:27,scraper_lider,"Néctar Sabor Naranja Botella 1,5 L Livean",Bebe,Alimentos Bebe,bebida_en_bebe,Bebidas,Jugos,Alta
2026-06-01T22:40:27,scraper_lider,"Néctar Sabor Piña Botella 1,5 L Livean",Bebe,Alimentos Bebe,bebida_en_bebe,Bebidas,Jugos,Alta
2026-06-01T22:40:27,scraper_lider,Jugo Natural Arándano 1 L Watts,Bebe,Alimentos Bebe,bebida_en_bebe,Bebidas,Jugos,Alta
2026-06-01T22:40:27,scraper_lider,Jugo Mango Naranja 1 L Sofruco,Bebe,Alimentos Bebe,bebida_en_bebe,Bebidas,Jugos,Alta
2026-06-01T22:40:27,scraper_lider,Maní Japonés Bolsa 200 g De La Rosa,Bebe,Alimentos Bebe,snack_en_bebe,Desayuno y Snacks,Snacks,Alta
2026-06-01T22:40:27,scraper_lider,"Jugo De Naranja 100% Exprimido 1,5 L Citric",Bebe,Alimentos Bebe,bebida_en_bebe,Bebidas,Jugos,Alta
2026-06-01T22:40:27,scraper_lider,Agua Mineral Sin Gas Botella 1 L Cachantun,Bebe,Alimentos Bebe,bebida_en_bebe,Bebidas,Aguas,Alta
2026-06-01T22:40:27,scraper_lider,"Néctar De Naranja Botella 1,5 L Watts",Bebe,Alimentos Bebe,bebida_en_bebe,Bebidas,Jugos,Alta
2026-06-01T22:40:27,scraper_lider,"Néctar De Durazno Botella 1,5 L Watts",Bebe,Alimentos Bebe,bebida_en_bebe,Bebidas,Jugos,Alta
2026-06-01T22:40:27,scraper_lider,Jugo Natural Fresco Piña 1 L Watts,Bebe,Alimentos Bebe,bebida_en_bebe,Bebidas,Jugos,Alta
2026-06-01T22:40:27,scraper_lider,"Agua Saborizada Pera Sin Gas Botella 1,5 L Benedictino",Bebe,Alimentos Bebe,bebida_en_bebe,Bebidas,Aguas,Alta
2026-06-01T22:40:27,scraper_lider,Jugo Prensado Zanahoria Betarraga 1 lt Bless,Bebe,Alimentos Bebe,bebida_en_bebe,Bebidas,Jugos,Alta
2026-06-01T22:40:27,scraper_lider,Jugo Prensado Pepino Manzana 1000 ml Bless,Bebe,Alimentos Bebe,bebida_en_bebe,Bebidas,Jugos,Alta
2026-06-01T22:40:27,scraper_lider,Jugo Mango Naranja Manzana 1000 ml Bless,Bebe,Alimentos Bebe,bebida_en_bebe,Bebidas,Jugos,Alta
2026-06-01T22:40:27,scraper_lider,Maní Salado 140 g Evercrisp,Bebe,Alimentos Bebe,snack_en_bebe,Desayuno y Snacks,Snacks,Alta
2026-06-01T22:40:27,scraper_lider,Papas Fritas Rústicas Merkén 185 g Selección,Bebe,Alimentos Bebe,snack_en_bebe,Desayuno y Snacks,Snacks,Alta
2026-06-01T22:40:27,scraper_lider,Papas Fritas Rústicas Queso Y Orégano 185 g Selección,Bebe,Alimentos Bebe,snack_en_bebe,Desayuno y Snacks,Snacks,Alta
2026-06-01T22:40:27,scraper_lider,Papas Fritas Rústicas Trufa 185 g Marco polo,Bebe,Alimentos Bebe,snack_en_bebe,Desayuno y Snacks,Snacks,Alta
2026-06-01T22:40:27,scraper_lider,Mani Con Sal De Mar 150 g Frutisa,Bebe,Alimentos Bebe,snack_en_bebe,Desayuno y Snacks,Snacks,Alta
2026-06-01T22:40:27,scraper_lider,Snack Mix Trail 700 g Frutisa,Bebe,Alimentos Bebe,snack_en_bebe,Desayuno y Snacks,Snacks,Alta
2026-06-01T22:40:27,scraper_lider,"Galletas Saladas Snack Multigrano Caja Quínoas, Pimienta Y Sal De Mar Selección",Bebe,Alimentos Bebe,snack_en_bebe,Desayuno y Snacks,Snacks,Alta
2026-06-01T22:40:27,scraper_lider,Agua Saborizada Energy Cítrico Tropical Botella 500 ml Vitamin Water,Bebe,Alimentos Bebe,bebida_en_bebe,Bebidas,Aguas,Alta
2026-06-01T22:40:27,scraper_lider,"Agua Mineral Con Gas Botella 2,5 L Cachantun",Bebe,Alimentos Bebe,bebida_en_bebe,Bebidas,Aguas,Alta
2026-06-01T22:40:27,scraper_lider,"Agua Mineral Sin Gas Botella 2,5 L Cachantun",Bebe,Alimentos Bebe,bebida_en_bebe,Bebidas,Aguas,Alta
2026-06-01T22:40:27,scraper_lider,Jugo En Polvo Sabor Mandarina Sobre 7 g Vivo,Bebe,Alimentos Bebe,bebida_en_bebe,Bebidas,Jugos,Alta
2026-06-01T22:40:27,scraper_lider,"Néctar Frambuesa Caja 1,6 L Watt's",Bebe,Alimentos Bebe,bebida_en_bebe,Bebidas,Jugos,Alta
2026-06-01T22:40:27,scraper_lider,Jugo Natural Pomelo 1 L Sofruco,Bebe,Alimentos Bebe,bebida_en_bebe,Bebidas,Jugos,Alta
2026-06-01T22:40:27,scraper_lider,Maní Tostado Salado 400 g Sembrasol,Bebe,Alimentos Bebe,snack_en_bebe,Desayuno y Snacks,Snacks,Alta
2026-06-01T22:40:27,scraper_lider,Maní Tostado Salado 150 g Sembrasol,Bebe,Alimentos Bebe,snack_en_bebe,Desayuno y Snacks,Snacks,Alta
2026-06-01T22:40:27,scraper_lider,Maní Tostado Salado 700 g Lider,Bebe,Alimentos Bebe,snack_en_bebe,Desayuno y Snacks,Snacks,Alta
2026-06-01T22:40:27,scraper_lider,Papas Fritas Patagonia 150 Tika,Bebe,Alimentos Bebe,snack_en_bebe,Desayuno y Snacks,Snacks,Alta
2026-06-01T22:40:27,scraper_lider,Papas Fritas Furiosas 150 Tika,Bebe,Alimentos Bebe,snack_en_bebe,Desayuno y Snacks,Snacks,Alta
2026-06-01T22:40:27,scraper_lider,Jugo Refrigerado Manzana Jengibre Cúrcuma Orgánico Botella 1 Ama Time,Bebe,Alimentos Bebe,bebida_en_bebe,Bebidas,Jugos,Alta
2026-06-01T22:40:27,scraper_lider,Castaña De Cajú Salada 200 g Millantú,Bebe,Alimentos Bebe,snack_en_bebe,Desayuno y Snacks,Snacks,Alta
2026-06-01T22:40:27,scraper_lider,Maní Con Merkén Salado 100 g Millantú,Bebe,Alimentos Bebe,snack_en_bebe,Desayuno y Snacks,Snacks,Alta
2026-06-01T22:40:27,scraper_lider,"Néctar Sabor Tutti Frutilla Botella 1,5 L Watts",Bebe,Alimentos Bebe,bebida_en_bebe,Bebidas,Jugos,Alta
2026-06-01T22:40:27,scraper_lider,Néctar De Piña Light 0% Azúcar Añadida Botella 1500 cc Watts,Bebe,Alimentos Bebe,bebida_en_bebe,Bebidas,Jugos,Alta
2026-06-01T22:40:27,scraper_lider,Néctar De Maracuyá 0% Azúcar Añadida Botella 1.5 L Watts,Bebe,Alimentos Bebe,bebida_en_bebe,Bebidas,Jugos,Alta
2026-06-01T22:40:27,scraper_lider,"Néctar Mango Maracuya Caja 1,6 L Watt's",Bebe,Alimentos Bebe,bebida_en_bebe,Bebidas,Jugos,Alta
2026-06-01T22:40:27,scraper_lider,"Jugo Fresco Naranja 100% Caja 1,6 L Watt's",Bebe,Alimentos Bebe,bebida_en_bebe,Bebidas,Jugos,Alta
2026-06-01T22:40:27,scraper_lider,"Néctar Piña Coco 1,6 L Watt's",Bebe,Alimentos Bebe,bebida_en_bebe,Bebidas,Jugos,Alta
2026-06-01T22:40:27,scraper_lider,Agua Mineral Vital Sin Gas Botella,Bebe,Alimentos Bebe,bebida_en_bebe,Bebidas,Aguas,Alta
2026-06-01T22:40:27,scraper_lider,Jugo Natural Naranja 1 L Fundo Sofruco,Bebe,Alimentos Bebe,bebida_en_bebe,Bebidas,Jugos,Alta
2026-06-01T22:40:27,scraper_lider,Jugo Natural Mandarina 1 L Fundo Sofruco,Bebe,Alimentos Bebe,bebida_en_bebe,Bebidas,Jugos,Alta
2026-06-01T22:40:27,scraper_lider,Snack De Maravilla Pipona Tostada Limón 110 g Sembrasol,Bebe,Alimentos Bebe,snack_en_bebe,Desayuno y Snacks,Snacks,Alta
2026-06-01T22:40:27,scraper_lider,Frutos Secos Mix Cajuna 700 g Tribu,Bebe,Alimentos Bebe,snack_en_bebe,Desayuno y Snacks,Snacks,Alta
2026-06-01T22:40:27,scraper_lider,Papas Fritas Royal Parmesano Vegano 150 Tika,Bebe,Alimentos Bebe,snack_en_bebe,Desayuno y Snacks,Snacks,Alta
2026-06-01T22:40:27,scraper_lider,Papas Fritas Crema & Cebolla Perejil 135 Tika,Bebe,Alimentos Bebe,snack_en_bebe,Desayuno y Snacks,Snacks,Alta
2026-06-01T22:40:27,scraper_lider,Jugo Refrigerado Manzana Mango Zanahoria Betarraga Orgánico Botella 1 Ama Time,Bebe,Alimentos Bebe,bebida_en_bebe,Bebidas,Jugos,Alta
2026-06-01T22:40:27,scraper_lider,Papas Fritas Corte Liso Sal Himalaya 200 g Wania,Bebe,Alimentos Bebe,snack_en_bebe,Desayuno y Snacks,Snacks,Alta
2026-06-01T22:40:27,scraper_lider,Papas Fritas Tarro Pizza 158 g Pringles,Bebe,Alimentos Bebe,snack_en_bebe,Desayuno y Snacks,Snacks,Alta
2026-06-01T22:40:27,scraper_lider,"Mix Frutos Secos Mix De Maní Confitado, Pasas Morenas, Almendras Y Pistacho, Sin Sal 700 g Lider",Bebe,Alimentos Bebe,snack_en_bebe,Desayuno y Snacks,Snacks,Alta
2026-06-01T22:40:27,scraper_lider,"Mix Frutos Secos Mix De Almendras, Pasas Rubias Y Maní Tostado, Sin Sal 700 g Lider",Bebe,Alimentos Bebe,snack_en_bebe,Desayuno y Snacks,Snacks,Alta
2026-06-01T22:40:27,scraper_lider,Kombucha Fruta Prensada En Frío Manzana Y Jengibre 475 ml Dr Kombu,Bebe,Alimentos Bebe,bebida_en_bebe,Bebidas,Jugos,Alta
2026-06-01T22:40:27,scraper_lider,Snack Detodito Dulce 220 g Evercrisp,Bebe,Alimentos Bebe,snack_en_bebe,Desayuno y Snacks,Snacks,Alta
2026-06-01T22:40:28,scraper_lider,Maní Salado Con Miel 350 g Marco Polo,Bebe,Alimentos Bebe,snack_en_bebe,Desayuno y Snacks,Snacks,Alta
2026-06-01T22:40:28,scraper_lider,Maní Sin Sal 150 g Marco Polo,Bebe,Alimentos Bebe,snack_en_bebe,Desayuno y Snacks,Snacks,Alta
2026-06-01T22:40:28,scraper_lider,Maní Salado Con Miel Bolsa 150 g Marco Polo,Bebe,Alimentos Bebe,snack_en_bebe,Desayuno y Snacks,Snacks,Alta
2026-06-01T22:40:28,scraper_lider,Papas Fritas Tarro Crema Y Cebolla 130 g Kryzpo,Bebe,Alimentos Bebe,snack_en_bebe,Desayuno y Snacks,Snacks,Alta
2026-06-01T22:40:28,scraper_lider,Snack Maravilla Tostada Salada 100 g Sembrasol,Bebe,Alimentos Bebe,snack_en_bebe,Desayuno y Snacks,Snacks,Alta
2026-06-01T22:40:28,scraper_lider,Energy Mix Almendra Maní Pasas 300 gr Sembrasol,Bebe,Alimentos Bebe,snack_en_bebe,Desayuno y Snacks,Snacks,Alta
2026-06-01T22:40:28,scraper_lider,Mani Japones Salsa Negra 80 g De La Rosa,Bebe,Alimentos Bebe,snack_en_bebe,Desayuno y Snacks,Snacks,Alta
2026-06-01T22:40:28,scraper_lider,Castañas De Cajú 400 g Lider,Bebe,Alimentos Bebe,snack_en_bebe,Desayuno y Snacks,Snacks,Alta
2026-06-01T22:40:28,scraper_lider,Papas Fritas Sal De Mar 140 g Flip,Bebe,Alimentos Bebe,snack_en_bebe,Desayuno y Snacks,Snacks,Alta
2026-06-01T22:40:28,scraper_lider,Papas Fritas Ajo Albahaca 140 g Flip,Bebe,Alimentos Bebe,snack_en_bebe,Desayuno y Snacks,Snacks,Alta
2026-06-01T22:40:28,scraper_lider,Papas Fritas Chips Barbecue 140 g Flip,Bebe,Alimentos Bebe,snack_en_bebe,Desayuno y Snacks,Snacks,Alta
2026-06-01T22:40:28,scraper_lider,Sufés Cheetos Sabor Maní 250 g Evercrisp,Bebe,Alimentos Bebe,snack_en_bebe,Desayuno y Snacks,Snacks,Alta
2026-06-01T22:40:28,scraper_lider,Jugo En Polvo Naranja Sobre 8 g Vivo,Bebe,Alimentos Bebe,bebida_en_bebe,Bebidas,Jugos,Alta
2026-06-01T22:40:28,scraper_lider,Jugo En Polvo Piña Sobre 7 g Vivo,Bebe,Alimentos Bebe,bebida_en_bebe,Bebidas,Jugos,Alta
2026-06-01T22:40:28,scraper_lider,Jugo En Polvo Manzana Sobre 7 g Vivo,Bebe,Alimentos Bebe,bebida_en_bebe,Bebidas,Jugos,Alta
2026-06-01T22:40:28,scraper_lider,Jugo En Polvo Sabor Frutilla Sobre 7 g Vivo,Bebe,Alimentos Bebe,bebida_en_bebe,Bebidas,Jugos,Alta
2026-06-01T22:40:28,scraper_lider,Jugo En Polvo Sabor Maracuyá Sobre 7 g Vivo,Bebe,Alimentos Bebe,bebida_en_bebe,Bebidas,Jugos,Alta
2026-06-01T22:40:28,scraper_lider,Papas Fritas Spicy Cheddar 180 g Inferno,Bebe,Alimentos Bebe,snack_en_bebe,Desayuno y Snacks,Snacks,Alta
2026-06-01T22:40:28,scraper_lider,Crunchis Maní 30 g Marco Polo,Bebe,Alimentos Bebe,snack_en_bebe,Desayuno y Snacks,Snacks,Alta
2026-06-01T22:40:28,scraper_lider,Jugo En Polvo Sabor Frutilla Sobre 20 g Sprim,Bebe,Alimentos Bebe,bebida_en_bebe,Bebidas,Jugos,Alta
2026-06-01T22:40:28,scraper_lider,Jugo Tetra Pack En Polvo Flipy 20 g Sprim,Bebe,Alimentos Bebe,bebida_en_bebe,Bebidas,Jugos,Alta
2026-06-01T22:40:28,scraper_lider,Papas Fritas Tarro Wavy Cheddar 110 g Kryzpo,Bebe,Alimentos Bebe,snack_en_bebe,Desayuno y Snacks,Snacks,Alta
2026-06-01T22:40:28,scraper_lider,Papas Fritas Crema Cebolla 37 ML Kryzpo,Bebe,Alimentos Bebe,snack_en_bebe,Desayuno y Snacks,Snacks,Alta
2026-06-01T22:40:28,scraper_lider,Papas Fritas Tarro Jalapeño 130 g Kryzpo,Bebe,Alimentos Bebe,snack_en_bebe,Desayuno y Snacks,Snacks,Alta
2026-06-01T22:40:28,scraper_lider,Papas Fritas Caseras Hilo 200 g Primor,Bebe,Alimentos Bebe,snack_en_bebe,Desayuno y Snacks,Snacks,Alta
2026-06-01T22:40:28,scraper_lider,Snack De Maravilla Pipona Salada Tostada Picante 110 g Sembrasol,Bebe,Alimentos Bebe,snack_en_bebe,Desayuno y Snacks,Snacks,Alta
2026-06-01T22:40:28,scraper_lider,"Maní, Pasas Y Almendras 150 g Lider",Bebe,Alimentos Bebe,snack_en_bebe,Desayuno y Snacks,Snacks,Alta
2026-06-01T22:40:28,scraper_lider,Castañas De Caju 80 g Lider,Bebe,Alimentos Bebe,snack_en_bebe,Desayuno y Snacks,Snacks,Alta
2026-06-01T22:40:28,scraper_lider,Maní Confitado 150 g Lider,Bebe,Alimentos Bebe,snack_en_bebe,Desayuno y Snacks,Snacks,Alta
2026-06-01T22:40:28,scraper_lider,Maní Sin Sal 400 g Lider,Bebe,Alimentos Bebe,snack_en_bebe,Desayuno y Snacks,Snacks,Alta
2026-06-01T22:40:28,scraper_lider,Papas Fritas Nativas Cebollita Dulce 150 g Tika,Bebe,Alimentos Bebe,snack_en_bebe,Desayuno y Snacks,Snacks,Alta
2026-06-01T22:40:28,scraper_lider,Papas Fritas Mix Sal De Mar 135 g Tika,Bebe,Alimentos Bebe,snack_en_bebe,Desayuno y Snacks,Snacks,Alta
2026-06-01T22:40:28,scraper_lider,Papas Fritas Royal Setas Mozarella 150 g Tika,Bebe,Alimentos Bebe,snack_en_bebe,Desayuno y Snacks,Snacks,Alta
2026-06-01T22:40:28,scraper_lider,Mani Confitado 80 g Nuts4Nuts,Bebe,Alimentos Bebe,snack_en_bebe,Desayuno y Snacks,Snacks,Alta
2026-06-01T22:40:28,scraper_lider,Maní Japonés 400 g Lider,Bebe,Alimentos Bebe,snack_en_bebe,Desayuno y Snacks,Snacks,Alta
2026-06-01T22:40:28,scraper_lider,Mini Snack Chorizo 50 g Receta del Abuelo,Bebe,Alimentos Bebe,snack_en_bebe,Desayuno y Snacks,Snacks,Alta
2026-06-01T22:40:28,scraper_lider,Mini Snack Salami 50 g Recta del Abuelo,Bebe,Alimentos Bebe,snack_en_bebe,Desayuno y Snacks,Snacks,Alta
2026-06-01T22:40:28,scraper_lider,Papas Fritas Bbq 180 g Marco Polo,Bebe,Alimentos Bebe,snack_en_bebe,Desayuno y Snacks,Snacks,Alta
2026-06-01T22:40:28,scraper_lider,"Nut Mix 1 Maní, Castañas Y Almendras 700 g Marco Polo",Bebe,Alimentos Bebe,snack_en_bebe,Desayuno y Snacks,Snacks,Alta
2026-06-01T22:40:28,scraper_lider,Papas Fritas Tarro Original 104 g Pringles,Bebe,Alimentos Bebe,snack_en_bebe,Desayuno y Snacks,Snacks,Alta
2026-06-01T22:40:28,scraper_lider,Jugo Manzana Baja Acidez Botella 1890 ml Great Value,Bebe,Alimentos Bebe,bebida_en_bebe,Bebidas,Jugos,Alta
2026-06-01T22:40:28,scraper_lider,Agua Saborizada Granada Sin Gas Botella 600 ml Mas,Bebe,Alimentos Bebe,bebida_en_bebe,Bebidas,Aguas,Alta
2026-06-01T22:40:28,scraper_lider,Agua Saborizada Limonada Jengibre Sin Gas Botella 600 ml Mas,Bebe,Alimentos Bebe,bebida_en_bebe,Bebidas,Aguas,Alta
2026-06-01T22:40:28,scraper_lider,Jugo En Polvo Libre De Azúcar Lima Limón Sobre 8 g Vivo,Bebe,Alimentos Bebe,bebida_en_bebe,Bebidas,Jugos,Alta
2026-06-01T22:40:28,scraper_lider,Jugo En Polvo Libre De Azúcar Sabor Papaya Sobre 8 g Vivo,Bebe,Alimentos Bebe,bebida_en_bebe,Bebidas,Jugos,Alta
2026-06-01T22:40:28,scraper_lider,Jugo En Polvo Libre De Azúcar Pera De Agua Sobre 8 g Vivo,Bebe,Alimentos Bebe,bebida_en_bebe,Bebidas,Aguas,Alta
2026-06-01T22:40:28,scraper_lider,Jugo En Polvo Sabor Melón Tuna Sobre 7 g Vivo,Bebe,Alimentos Bebe,bebida_en_bebe,Bebidas,Jugos,Alta
2026-06-01T22:40:28,scraper_lider,Castañas De Cajú Con Miel 150 g Marco Polo,Bebe,Alimentos Bebe,snack_en_bebe,Desayuno y Snacks,Snacks,Alta
2026-06-01T22:40:28,scraper_lider,Papas Fritas Caseras 42 g Marco Polo,Bebe,Alimentos Bebe,snack_en_bebe,Desayuno y Snacks,Snacks,Alta
2026-06-01T22:40:28,scraper_lider,Jugo En Polvo Libre De Azúcar Sabor Durazno 7 G Sobre 1 Un Livean,Bebe,Alimentos Bebe,bebida_en_bebe,Bebidas,Jugos,Alta
2026-06-01T22:40:28,scraper_lider,Jugo En Polvo Libre De Azúcar Sabor Piña 7 G Sobre 1 Un Livean,Bebe,Alimentos Bebe,bebida_en_bebe,Bebidas,Jugos,Alta
2026-06-01T22:40:28,scraper_lider,Jugo En Polvo Libre De Azúcar Sabor Mango Sobre 7 g Livean,Bebe,Alimentos Bebe,bebida_en_bebe,Bebidas,Jugos,Alta
2026-06-01T22:40:28,scraper_lider,Jugo En Polvo Libre De Azúcar Sabor Berries Sobre 7 g Livean,Bebe,Alimentos Bebe,bebida_en_bebe,Bebidas,Jugos,Alta
2026-06-01T22:40:28,scraper_lider,Jugo En Polvo Libre De Azúcar Sabor Melón Tuna Sobre 1 Un Livean,Bebe,Alimentos Bebe,bebida_en_bebe,Bebidas,Jugos,Alta
2026-06-01T22:40:28,scraper_lider,Jugo En Polvo Libre De Azúcar Sabor Limonada 7 G Sobre 1 Un Livean,Bebe,Alimentos Bebe,bebida_en_bebe,Bebidas,Jugos,Alta
2026-06-01T22:40:28,scraper_lider,Néctar Sabor Damasco Caja 200 ml Soprole,Bebe,Alimentos Bebe,bebida_en_bebe,Bebidas,Jugos,Alta
2026-06-01T22:40:28,scraper_lider,Néctar Sabor Mango Botella 1 L Guallarauco,Bebe,Alimentos Bebe,bebida_en_bebe,Bebidas,Jugos,Alta
2026-06-01T22:40:28,scraper_lider,Néctar Sabores Mango Piña Naranja Botella 1 L Guallarauco,Bebe,Alimentos Bebe,bebida_en_bebe,Bebidas,Jugos,Alta
2026-06-01T22:40:28,scraper_lider,"Mix Frutos Secos Mix Nuts Cajú, Almendras Y Maní 300 gr Sembrasol",Bebe,Alimentos Bebe,snack_en_bebe,Desayuno y Snacks,Snacks,Alta
2026-06-01T22:40:29,scraper_lider,Papas Fritas Rústicas Sal De Mar 185 g Marco Polo,Bebe,Alimentos Bebe,snack_en_bebe,Desayuno y Snacks,Snacks,Alta
2026-06-01T22:40:29,scraper_lider,Papas Fritas Corte Americano 350 g Marco Polo,Bebe,Alimentos Bebe,snack_en_bebe,Desayuno y Snacks,Snacks,Alta
2026-06-01T22:40:29,scraper_lider,Papas Fritas Caseras Jamón Serrano 180 g Marco Polo,Bebe,Alimentos Bebe,snack_en_bebe,Desayuno y Snacks,Snacks,Alta
2026-06-01T22:40:29,scraper_lider,Papas Fritas Crema Y Ciboulette 180 g Marco Polo,Bebe,Alimentos Bebe,snack_en_bebe,Desayuno y Snacks,Snacks,Alta
2026-06-01T22:40:29,scraper_lider,Papas Fritas Rúticas Merkén 380 g Marco Polo,Bebe,Alimentos Bebe,snack_en_bebe,Desayuno y Snacks,Snacks,Alta
2026-06-01T22:40:29,scraper_lider,Papas Fritas Rústicas Camotes 150 g Marco Polo,Bebe,Alimentos Bebe,snack_en_bebe,Desayuno y Snacks,Snacks,Alta
2026-06-01T22:40:29,scraper_lider,Papas Fritas Corte Americano Ketchup 180 g Marco Polo,Bebe,Alimentos Bebe,snack_en_bebe,Desayuno y Snacks,Snacks,Alta
2026-06-01T22:40:29,scraper_lider,Papas Fritas Corte Americano 200 g Marco Polo,Bebe,Alimentos Bebe,snack_en_bebe,Desayuno y Snacks,Snacks,Alta
2026-06-01T22:40:29,scraper_lider,"Agua Saborizada Citrus Con Gas Botella 1,6 L Mas",Bebe,Alimentos Bebe,bebida_en_bebe,Bebidas,Aguas,Alta
2026-06-01T22:40:29,scraper_lider,"Agua Saborizada Limonada Jengibre Sin Gas Botella 1,6 L Mas",Bebe,Alimentos Bebe,bebida_en_bebe,Bebidas,Aguas,Alta
2026-06-01T22:40:29,scraper_lider,"Agua Saborizada Piña Sin Gas Botella 1,6 L Mas",Bebe,Alimentos Bebe,bebida_en_bebe,Bebidas,Aguas,Alta
2026-06-01T22:40:29,scraper_lider,"Agua Mineral Strong Botella 1,6 L Cachantun",Bebe,Alimentos Bebe,bebida_en_bebe,Bebidas,Aguas,Alta
2026-06-01T22:40:29,scraper_lider,Mini Snack Pepperoni 50 g Receta del Abuelo,Bebe,Alimentos Bebe,snack_en_bebe,Desayuno y Snacks,Snacks,Alta
2026-06-01T22:40:29,scraper_lider,Papas Fritas Lay's Sabor Jamón Serrano 125g,Bebe,Alimentos Bebe,snack_en_bebe,Desayuno y Snacks,Snacks,Alta
2026-06-01T22:40:29,scraper_lider,Papas Fritas Lay's Sabor Taco Mexicano,Bebe,Alimentos Bebe,snack_en_bebe,Desayuno y Snacks,Snacks,Alta
2026-06-01T22:40:29,scraper_lider,Maní Con Pasas 350 g Marco Polo,Bebe,Alimentos Bebe,snack_en_bebe,Desayuno y Snacks,Snacks,Alta
2026-06-01T22:40:29,scraper_lider,Papas Fritas Caseras 450 g Marco Polo,Bebe,Alimentos Bebe,snack_en_bebe,Desayuno y Snacks,Snacks,Alta
2026-06-01T22:40:29,scraper_lider,Mani Japones Marco Polo 200g,Bebe,Alimentos Bebe,snack_en_bebe,Desayuno y Snacks,Snacks,Alta
2026-06-01T22:40:29,scraper_lider,Jugo Naranja Manzana Caja 200 ml Watt'S,Bebe,Alimentos Bebe,bebida_en_bebe,Bebidas,Jugos,Alta
2026-06-01T22:40:29,scraper_lider,"Agua Mineral Con Gas Botella 1,6 L Vital",Bebe,Alimentos Bebe,bebida_en_bebe,Bebidas,Aguas,Alta
2026-06-01T22:40:29,scraper_lider,"Agua Mineral Sin Gas Botella 1,6 L Vital",Bebe,Alimentos Bebe,bebida_en_bebe,Bebidas,Aguas,Alta
2026-06-01T22:40:29,scraper_lider,"Néctar Naranja Botella 1,75 L Del Valle",Bebe,Alimentos Bebe,bebida_en_bebe,Bebidas,Jugos,Alta
2026-06-01T22:40:29,scraper_lider,"Néctar Piña Botella 1,75 L Del Valle",Bebe,Alimentos Bebe,bebida_en_bebe,Bebidas,Jugos,Alta
2026-06-01T22:40:29,scraper_lider,"Néctar Tetra Pack Durazno 1,75 L Del Valle",Bebe,Alimentos Bebe,bebida_en_bebe,Bebidas,Jugos,Alta
2026-06-01T22:40:29,scraper_lider,Maní Japonés Kazai Spicy Cheddar 80 g De La Rosa,Bebe,Alimentos Bebe,snack_en_bebe,Desayuno y Snacks,Snacks,Alta
2026-06-01T22:40:29,scraper_lider,Jugo Naranja Plátano Botella 2 L Love Orange,Bebe,Alimentos Bebe,bebida_en_bebe,Bebidas,Jugos,Alta
2026-06-01T22:40:29,scraper_lider,Kombucha Cero Sabor Arándano 355 ml Kombuchacha,Bebe,Alimentos Bebe,bebida_en_bebe,Bebidas,Jugos,Alta
2026-06-01T22:40:29,scraper_lider,Kombucha Cero Sabor Cedrón 355 ml Kombuchacha,Bebe,Alimentos Bebe,bebida_en_bebe,Bebidas,Jugos,Alta
2026-06-01T22:40:31,scraper_lider,"Agua Mineral Light Gas Botella 1,6 L Cachantun",Bebe,Alimentos Bebe,bebida_en_bebe,Bebidas,Aguas,Alta
2026-06-01T22:40:31,scraper_lider,Mani Sin Sal 380 g Evercrisp,Bebe,Alimentos Bebe,snack_en_bebe,Desayuno y Snacks,Snacks,Alta
2026-06-01T22:40:31,scraper_lider,Mani Salado 380 g Evercrisp,Bebe,Alimentos Bebe,snack_en_bebe,Desayuno y Snacks,Snacks,Alta
2026-06-01T22:40:31,scraper_lider,Maní Sin Sal 140 g Evercrisp,Bebe,Alimentos Bebe,snack_en_bebe,Desayuno y Snacks,Snacks,Alta
2026-06-01T22:40:31,scraper_lider,Papas Fritas Extra Wavy 200 g Marco Polo,Bebe,Alimentos Bebe,snack_en_bebe,Desayuno y Snacks,Snacks,Alta
2026-06-01T22:40:31,scraper_lider,"Néctar Multi-frutilla 0% Azúcar Añadida Botella 1,75 L Del Valle",Bebe,Alimentos Bebe,bebida_en_bebe,Bebidas,Jugos,Alta
2026-06-01T22:40:31,scraper_lider,Maní Japones Merkén 80 g Kazai,Bebe,Alimentos Bebe,snack_en_bebe,Desayuno y Snacks,Snacks,Alta
2026-06-01T22:40:31,scraper_lider,Jugo Naranja Natural One 900 ml Quillayes,Bebe,Alimentos Bebe,bebida_en_bebe,Bebidas,Jugos,Alta
2026-06-01T22:40:31,scraper_lider,Kombucha Fruta Prensada En Frío Mix Berries 475 ml Dr Kombu,Bebe,Alimentos Bebe,bebida_en_bebe,Bebidas,Jugos,Alta
2026-06-01T22:40:31,scraper_lider,Mani Japonés Salado Maniax 200 g Evercrisp,Bebe,Alimentos Bebe,snack_en_bebe,Desayuno y Snacks,Snacks,Alta
2026-06-01T22:40:31,scraper_lider,Suflés Gatolate Chocolate 200 g Evercrisp,Bebe,Alimentos Bebe,mascota_fuera_de_mascotas,Mascotas,Alimento Gatos,Alta
2026-06-01T22:40:31,scraper_lider,Maní Salado 150 g Marco Polo,Bebe,Alimentos Bebe,snack_en_bebe,Desayuno y Snacks,Snacks,Alta
2026-06-01T22:40:31,scraper_lider,Maní Salado 380 g Marco Polo,Bebe,Alimentos Bebe,snack_en_bebe,Desayuno y Snacks,Snacks,Alta
2026-06-01T22:40:31,scraper_lider,Maní Sin Sal 380 g Marco Polo,Bebe,Alimentos Bebe,snack_en_bebe,Desayuno y Snacks,Snacks,Alta
2026-06-01T22:40:31,scraper_lider,Maní Con Pasas Bolsa 180 g Marco Polo,Bebe,Alimentos Bebe,snack_en_bebe,Desayuno y Snacks,Snacks,Alta
2026-06-01T22:40:31,scraper_lider,Papas Fritas Tarro Original 130 g Kryzpo,Bebe,Alimentos Bebe,snack_en_bebe,Desayuno y Snacks,Snacks,Alta
2026-06-01T22:40:31,scraper_lider,Papas Fritas Tarro Queso 130 g Kryzpo,Bebe,Alimentos Bebe,snack_en_bebe,Desayuno y Snacks,Snacks,Alta
2026-06-01T22:40:31,scraper_lider,Maní Japones Ají Limón 80 gr Kazai,Bebe,Alimentos Bebe,snack_en_bebe,Desayuno y Snacks,Snacks,Alta
2026-06-01T22:40:31,scraper_lider,Papas Fritas Tarro Barbecue 158 g Pringles,Bebe,Alimentos Bebe,snack_en_bebe,Desayuno y Snacks,Snacks,Alta
2026-06-01T22:40:31,scraper_lider,Papas Fritas Artesanas Caprese 150 g Lay's,Bebe,Alimentos Bebe,snack_en_bebe,Desayuno y Snacks,Snacks,Alta
2026-06-01T22:40:31,scraper_lider,Papas Fritas Artesanas Cebolla Y Pimienta 150 g Lay's,Bebe,Alimentos Bebe,snack_en_bebe,Desayuno y Snacks,Snacks,Alta
2026-06-01T22:40:31,scraper_lider,Papas Fritas Limón 180 g Marco Polo,Bebe,Alimentos Bebe,snack_en_bebe,Desayuno y Snacks,Snacks,Alta
2026-06-01T22:40:31,scraper_lider,Suflés Crunchis Maní 200 g Marco Polo,Bebe,Alimentos Bebe,snack_en_bebe,Desayuno y Snacks,Snacks,Alta
2026-06-01T22:40:31,scraper_lider,Papas Fritas Caseras 200 g Marco Polo,Bebe,Alimentos Bebe,snack_en_bebe,Desayuno y Snacks,Snacks,Alta
2026-06-01T22:40:31,scraper_lider,Papas Fritas Corte Americano Flow 200 g Buka,Bebe,Alimentos Bebe,snack_en_bebe,Desayuno y Snacks,Snacks,Alta
2026-06-01T22:40:31,scraper_lider,Jabón Líquido 3d Stitch 400 ml Gelatti Kids,Bebe,Alimentos Bebe,higiene_fuera_de_higiene,Higiene Personal,Jabon,Alta
2026-06-01T22:40:32,scraper_lider,Papas Fritas Tarro Stax Original 134 g Lay's,Bebe,Alimentos Bebe,snack_en_bebe,Desayuno y Snacks,Snacks,Alta
2026-06-01T22:40:32,scraper_lider,Papas Fritas Rústicas Merkén 185 g Marco Polo,Bebe,Alimentos Bebe,snack_en_bebe,Desayuno y Snacks,Snacks,Alta
2026-06-01T22:40:32,scraper_lider,Papas Fritas Rústicas Aceto 185 g Marco Polo,Bebe,Alimentos Bebe,snack_en_bebe,Desayuno y Snacks,Snacks,Alta
2026-06-01T22:40:32,scraper_lider,Papas Fritas Rústicas Sal De Mar 380 g Marco Polo,Bebe,Alimentos Bebe,snack_en_bebe,Desayuno y Snacks,Snacks,Alta
2026-06-01T22:40:32,scraper_lider,Papas Fritas Rústicas Cebolla Caramelizada 185 g Marco Polo,Bebe,Alimentos Bebe,snack_en_bebe,Desayuno y Snacks,Snacks,Alta
2026-06-01T22:40:32,scraper_lider,Papas Fritas Queso Crema Y Soya 180 g Marco Polo,Bebe,Alimentos Bebe,snack_en_bebe,Desayuno y Snacks,Snacks,Alta
2026-06-01T22:40:32,scraper_lider,"Nut Mix 2 Maní, Almendras Y Castañas De Cajú 700 g Marco Polo",Bebe,Alimentos Bebe,snack_en_bebe,Desayuno y Snacks,Snacks,Alta
2026-06-01T22:40:32,scraper_lider,"Mix Frutos Secos Mix Gourmet: Avellanas, Almendras, Maravilla Y Maní 300 gr Sembrasol",Bebe,Alimentos Bebe,snack_en_bebe,Desayuno y Snacks,Snacks,Alta
2026-06-01T22:40:32,scraper_lider,Papas Fritas Tarro Stax Crema Y Cebolla 134 g Lay's,Bebe,Alimentos Bebe,snack_en_bebe,Desayuno y Snacks,Snacks,Alta
2026-06-01T22:40:44,scraper_unimarc,Bebida láctea nido buen día semidescremada bolsa 700 g,"Lacteos, Huevos y Congelados",Leche,bebida_fuera_de_bebidas,Bebidas,Bebidas,Media
2026-06-01T22:40:53,scraper_unimarc,Leche chocolate fortificada milo 200 ml.,"Lacteos, Huevos y Congelados",Leche,bebida_fuera_de_bebidas,Bebidas,Bebidas,Media
2026-06-01T22:41:03,scraper_unimarc,Bebida vegetal loncoleche almendra 1 l,"Lacteos, Huevos y Congelados",Leche,bebida_fuera_de_bebidas,Bebidas,Bebidas,Media
2026-06-01T22:41:13,scraper_unimarc,Bebida de soya loncoleche natural 1 l,"Lacteos, Huevos y Congelados",Leche,bebida_fuera_de_bebidas,Bebidas,Bebidas,Media
2026-06-01T22:41:43,scraper_unimarc,Bebida láctea nido buen día semidescremada bolsa 700 g,"Lacteos, Huevos y Congelados",Leche,bebida_fuera_de_bebidas,Bebidas,Bebidas,Media
2026-06-01T22:42:01,scraper_unimarc,Bebida láctea nido buen día semidescremada bolsa 700 g,"Lacteos, Huevos y Congelados",Leche,bebida_fuera_de_bebidas,Bebidas,Bebidas,Media
2026-06-01T22:42:19,scraper_unimarc,Bebida láctea nido buen día semidescremada bolsa 700 g,"Lacteos, Huevos y Congelados",Leche,bebida_fuera_de_bebidas,Bebidas,Bebidas,Media
2026-06-01T22:42:50,scraper_unimarc,Bebida láctea nido buen día semidescremada bolsa 700 g,"Lacteos, Huevos y Congelados",Leche,bebida_fuera_de_bebidas,Bebidas,Bebidas,Media
2026-06-01T22:43:08,scraper_unimarc,Bebida hidratante electrolit sabor maracuyá 625 ml,"Lacteos, Huevos y Congelados",Leche,bebida_fuera_de_bebidas,Bebidas,Bebidas,Media
2026-06-01T22:43:08,scraper_unimarc,Bebida vegetal vilay wilk capuccino vainilla 330 ml,"Lacteos, Huevos y Congelados",Leche,bebida_fuera_de_bebidas,Bebidas,Bebidas,Media
2026-06-01T22:43:08,scraper_unimarc,Red bull bebida energética lata 473 ml,"Lacteos, Huevos y Congelados",Leche,bebida_fuera_de_bebidas,Bebidas,Bebidas Energeticas,Media
2026-06-01T22:43:08,scraper_unimarc,Bebida isotónica zero powerade lima limón 1.1 l,"Lacteos, Huevos y Congelados",Leche,bebida_fuera_de_bebidas,Bebidas,Bebidas,Media
2026-06-01T22:43:08,scraper_unimarc,Bebida hidratante electrolit sabor naranja 625 ml,"Lacteos, Huevos y Congelados",Leche,bebida_fuera_de_bebidas,Bebidas,Bebidas,Media
2026-06-01T22:43:09,scraper_unimarc,Bebida isotónica gatorlit sabor frutilla y kiwi 620 ml,"Lacteos, Huevos y Congelados",Leche,mascota_fuera_de_mascotas,Mascotas,Alimento Gatos,Alta
2026-06-01T22:43:09,scraper_unimarc,Bebida orange crush no retornable 1.5 l,"Lacteos, Huevos y Congelados",Leche,bebida_fuera_de_bebidas,Bebidas,Bebidas,Media
2026-06-01T22:43:09,scraper_unimarc,Bebida nordic mist ginger ale zero desechable 3 l,"Lacteos, Huevos y Congelados",Leche,bebida_fuera_de_bebidas,Bebidas,Bebidas,Media
2026-06-01T22:43:09,scraper_unimarc,Bebida fanta sabor pomelo desechable 1.5 l,"Lacteos, Huevos y Congelados",Leche,bebida_fuera_de_bebidas,Bebidas,Bebidas,Media
2026-06-01T22:43:09,scraper_unimarc,Pack bebida ginger ale fever tree premium botella 4 un de 200 ml,"Lacteos, Huevos y Congelados",Leche,bebida_fuera_de_bebidas,Bebidas,Bebidas,Media
2026-06-01T22:43:09,scraper_unimarc,Bebida vibra ginger beer hibiscus rosé botella 333 ml,"Lacteos, Huevos y Congelados",Leche,bebida_fuera_de_bebidas,Bebidas,Bebidas,Media
2026-06-01T22:43:09,scraper_unimarc,Bebida de coco vilay original 1 l,"Lacteos, Huevos y Congelados",Leche,bebida_fuera_de_bebidas,Bebidas,Bebidas,Media
2026-06-01T22:43:09,scraper_unimarc,Bebida limonada don limón original botella 500 ml,"Lacteos, Huevos y Congelados",Leche,bebida_fuera_de_bebidas,Bebidas,Bebidas,Media
2026-06-01T22:43:09,scraper_unimarc,Bebida limonada pink love lemon 475 ml,"Lacteos, Huevos y Congelados",Leche,bebida_fuera_de_bebidas,Bebidas,Bebidas,Media
2026-06-01T22:43:09,scraper_unimarc,Red bull bebida energética sin azúcar lata 473 ml,"Lacteos, Huevos y Congelados",Leche,bebida_fuera_de_bebidas,Bebidas,Bebidas Energeticas,Media
2026-06-01T22:43:09,scraper_unimarc,Bebida yerba mate caa yari frutilla y limón 475 ml,"Lacteos, Huevos y Congelados",Leche,bebida_fuera_de_bebidas,Bebidas,Bebidas,Media
2026-06-01T22:43:09,scraper_unimarc,Bebida vibra ginger beer original limón botella 333 ml,"Lacteos, Huevos y Congelados",Leche,bebida_fuera_de_bebidas,Bebidas,Bebidas,Media
2026-06-01T22:43:09,scraper_unimarc,Bebida hidratante electrolit sabor frutilla/kiwi 625 ml,"Lacteos, Huevos y Congelados",Leche,bebida_fuera_de_bebidas,Bebidas,Bebidas,Media
2026-06-01T22:43:09,scraper_unimarc,Bebida isotónica isopro pure blue 500 ml,"Lacteos, Huevos y Congelados",Leche,bebida_fuera_de_bebidas,Bebidas,Bebidas,Media
2026-06-01T22:43:09,scraper_unimarc,Bebida isotónica isopro pure red 500 ml,"Lacteos, Huevos y Congelados",Leche,bebida_fuera_de_bebidas,Bebidas,Bebidas,Media
2026-06-01T22:43:26,scraper_unimarc,Bebida láctea nido buen día semidescremada bolsa 700 g,"Lacteos, Huevos y Congelados",Leche,bebida_fuera_de_bebidas,Bebidas,Bebidas,Media
2026-06-01T22:43:44,scraper_unimarc,Bebida láctea nido buen día semidescremada bolsa 700 g,"Lacteos, Huevos y Congelados",Leche,bebida_fuera_de_bebidas,Bebidas,Bebidas,Media
2026-06-01T22:44:03,scraper_unimarc,Bebida láctea nido buen día semidescremada bolsa 700 g,"Lacteos, Huevos y Congelados",Leche,bebida_fuera_de_bebidas,Bebidas,Bebidas,Media
2026-06-01T22:44:18,scraper_unimarc,Bebida láctea nido buen día semidescremada bolsa 700 g,"Lacteos, Huevos y Congelados",Leche,bebida_fuera_de_bebidas,Bebidas,Bebidas,Media
2026-06-01T22:44:43,scraper_unimarc,Bebida láctea nido buen día semidescremada bolsa 700 g,"Lacteos, Huevos y Congelados",Leche,bebida_fuera_de_bebidas,Bebidas,Bebidas,Media
2026-06-01T22:44:59,scraper_unimarc,Bebida láctea nido buen día semidescremada bolsa 700 g,"Lacteos, Huevos y Congelados",Leche,bebida_fuera_de_bebidas,Bebidas,Bebidas,Media
2026-06-01T22:45:12,scraper_unimarc,Bebida láctea nido buen día semidescremada bolsa 700 g,"Lacteos, Huevos y Congelados",Leche,bebida_fuera_de_bebidas,Bebidas,Bebidas,Media
2026-06-01T22:45:29,scraper_unimarc,Bebida láctea nido buen día semidescremada bolsa 700 g,"Lacteos, Huevos y Congelados",Leche,bebida_fuera_de_bebidas,Bebidas,Bebidas,Media
2026-06-01T22:45:46,scraper_unimarc,Bebida láctea nido buen día semidescremada bolsa 700 g,"Lacteos, Huevos y Congelados",Leche,bebida_fuera_de_bebidas,Bebidas,Bebidas,Media
2026-06-01T22:46:04,scraper_unimarc,Bebida láctea nido buen día semidescremada bolsa 700 g,"Lacteos, Huevos y Congelados",Leche,bebida_fuera_de_bebidas,Bebidas,Bebidas,Media
2026-06-01T22:46:18,scraper_unimarc,Bebida láctea nido buen día semidescremada bolsa 700 g,"Lacteos, Huevos y Congelados",Leche,bebida_fuera_de_bebidas,Bebidas,Bebidas,Media
2026-06-01T22:46:36,scraper_unimarc,Bebida láctea nido buen día semidescremada bolsa 700 g,"Lacteos, Huevos y Congelados",Leche,bebida_fuera_de_bebidas,Bebidas,Bebidas,Media
2026-06-01T22:46:54,scraper_unimarc,Bebida láctea nido buen día semidescremada bolsa 700 g,"Lacteos, Huevos y Congelados",Leche,bebida_fuera_de_bebidas,Bebidas,Bebidas,Media
2026-06-01T22:47:18,scraper_unimarc,Bebida láctea nido buen día semidescremada bolsa 700 g,"Lacteos, Huevos y Congelados",Leche,bebida_fuera_de_bebidas,Bebidas,Bebidas,Media
2026-06-01T22:47:48,scraper_unimarc,Bebida láctea nido buen día semidescremada bolsa 700 g,"Lacteos, Huevos y Congelados",Leche,bebida_fuera_de_bebidas,Bebidas,Bebidas,Media
2026-06-01T22:48:28,scraper_unimarc,Bebida vegetal de almendras orasí 1 l,"Lacteos, Huevos y Congelados",Huevos,bebida_fuera_de_bebidas,Bebidas,Bebidas,Media
2026-06-01T22:49:17,scraper_unimarc,Yogurt batido yogu yogu mora 6 un de 115 ml,"Lacteos, Huevos y Congelados",Yogurt,bebida_fuera_de_bebidas,Bebidas,Bebidas,Media
2026-06-01T22:49:18,scraper_unimarc,Yogurt batido yogu yogu frutilla 6 un de 115 ml,"Lacteos, Huevos y Congelados",Yogurt,bebida_fuera_de_bebidas,Bebidas,Bebidas,Media
2026-06-01T22:49:26,scraper_unimarc,Yoghurt batido yogu yogu sabor mora botella 900 g,"Lacteos, Huevos y Congelados",Yogurt,bebida_fuera_de_bebidas,Bebidas,Bebidas,Media
2026-06-01T22:49:27,scraper_unimarc,Yoghurt batido yogu yogu sabor frutilla botella 900 g,"Lacteos, Huevos y Congelados",Yogurt,bebida_fuera_de_bebidas,Bebidas,Bebidas,Media
2026-06-01T22:49:28,scraper_unimarc,Pack bebida láctea chamyto nestlé frutilla 18 un de 80 ml,"Lacteos, Huevos y Congelados",Yogurt,bebida_fuera_de_bebidas,Bebidas,Bebidas,Media
2026-06-01T22:49:28,scraper_unimarc,Jabón líquido ballerina doble humectación yoghurt arándanos doypack 750 ml,"Lacteos, Huevos y Congelados",Yogurt,higiene_fuera_de_higiene,Higiene Personal,Jabon,Alta
2026-06-01T22:49:28,scraper_unimarc,Pack bebida láctea chamyto manzana 12 un de 80 ml,"Lacteos, Huevos y Congelados",Yogurt,bebida_fuera_de_bebidas,Bebidas,Bebidas,Media
2026-06-01T22:49:36,scraper_unimarc,Pack yogu yogu loncoleche mora 6 un de 200 ml,"Lacteos, Huevos y Congelados",Yogurt,bebida_fuera_de_bebidas,Bebidas,Bebidas,Media
2026-06-01T22:49:36,scraper_unimarc,Pack bebida láctea chamyto frutilla 6 un de 80 ml,"Lacteos, Huevos y Congelados",Yogurt,bebida_fuera_de_bebidas,Bebidas,Bebidas,Media
2026-06-01T22:49:36,scraper_unimarc,Pack bebida láctea chamyto frambuesa 6 un de 80 ml,"Lacteos, Huevos y Congelados",Yogurt,bebida_fuera_de_bebidas,Bebidas,Bebidas,Media
2026-06-01T22:49:36,scraper_unimarc,Pack bebida láctea chamyto manzana 6 un de 80 ml,"Lacteos, Huevos y Congelados",Yogurt,bebida_fuera_de_bebidas,Bebidas,Bebidas,Media
2026-06-01T22:49:36,scraper_unimarc,Jabón líquido ballerina yoghurt y arándanos doypack 1.3 l,"Lacteos, Huevos y Congelados",Yogurt,higiene_fuera_de_higiene,Higiene Personal,Jabon,Alta
2026-06-01T22:49:36,scraper_unimarc,Pack yogu yogu loncoleche frutilla 6 un de 200 ml,"Lacteos, Huevos y Congelados",Yogurt,bebida_fuera_de_bebidas,Bebidas,Bebidas,Media
2026-06-01T22:49:36,scraper_unimarc,Pack yogu yogu loncoleche chirimoya 6 un de 200 ml,"Lacteos, Huevos y Congelados",Yogurt,bebida_fuera_de_bebidas,Bebidas,Bebidas,Media
2026-06-01T22:49:37,scraper_unimarc,Yoghurt+cereal mix nestlé milo con cuchara 142 g,"Lacteos, Huevos y Congelados",Yogurt,bebida_fuera_de_bebidas,Bebidas,Bebidas,Media
2026-06-01T22:49:37,scraper_unimarc,Jabón líquido ballerina yoghurt y berries vainilla doypack 650 ml,"Lacteos, Huevos y Congelados",Yogurt,higiene_fuera_de_higiene,Higiene Personal,Jabon,Alta
2026-06-01T22:49:37,scraper_unimarc,Jabón líquido ballerina yoghurt y vainilla coco doypack 650 ml,"Lacteos, Huevos y Congelados",Yogurt,higiene_fuera_de_higiene,Higiene Personal,Jabon,Alta
2026-06-01T22:50:58,scraper_unimarc,Salchichón cerveza receta del abuelo 150 g,"Lacteos, Huevos y Congelados",Quesos,bebida_fuera_de_bebidas,Bebidas,Cervezas,Media
2026-06-01T22:50:58,scraper_unimarc,Alimento húmedo salmón y queso creamy temptations 48un,"Lacteos, Huevos y Congelados",Quesos,mascota_fuera_de_mascotas,Mascotas,Alimento Perros,Alta
2026-06-01T22:51:07,scraper_unimarc,Salchichón cerveza winter granel 100 g,"Lacteos, Huevos y Congelados",Quesos,bebida_fuera_de_bebidas,Bebidas,Cervezas,Media
2026-06-01T22:52:35,scraper_unimarc,Crema corporal nivea milk nutritiva piel extra seca 1 l,"Lacteos, Huevos y Congelados",Crema,higiene_fuera_de_higiene,Higiene Personal,Cuidado Facial,Alta
2026-06-01T22:52:35,scraper_unimarc,Crema corporal nivea milk soft piel seca 1 l,"Lacteos, Huevos y Congelados",Crema,higiene_fuera_de_higiene,Higiene Personal,Cuidado Facial,Alta
2026-06-01T22:52:35,scraper_unimarc,Crema corporal nivea q10 reafirmante 1 l,"Lacteos, Huevos y Congelados",Crema,higiene_fuera_de_higiene,Higiene Personal,Cuidado Facial,Alta
2026-06-01T22:52:35,scraper_unimarc,Crema corporal nivea hidratación express 1 l,"Lacteos, Huevos y Congelados",Crema,higiene_fuera_de_higiene,Higiene Personal,Cuidado Facial,Alta
2026-06-01T22:52:36,scraper_unimarc,Crema nivea lata 150 ml,"Lacteos, Huevos y Congelados",Crema,higiene_fuera_de_higiene,Higiene Personal,Cuidado Facial,Alta
2026-06-01T22:52:36,scraper_unimarc,Crema facial loreal hidro total 5 día 50 g,"Lacteos, Huevos y Congelados",Crema,higiene_fuera_de_higiene,Higiene Personal,Cuidado Facial,Alta
2026-06-01T22:52:36,scraper_unimarc,Crema corporal nivea regeneración intensiva 1 l,"Lacteos, Huevos y Congelados",Crema,higiene_fuera_de_higiene,Higiene Personal,Cuidado Facial,Alta
2026-06-01T22:52:44,scraper_unimarc,Crema facial nivea hidratante activa día fps15 piel normal 50 ml,"Lacteos, Huevos y Congelados",Crema,higiene_fuera_de_higiene,Higiene Personal,Cuidado Facial,Alta
2026-06-01T22:52:44,scraper_unimarc,Crema facial nivea antiarrugas q10 power día fps20 piel normal a seca 50 ml,"Lacteos, Huevos y Congelados",Crema,higiene_fuera_de_higiene,Higiene Personal,Cuidado Facial,Alta
2026-06-01T22:52:44,scraper_unimarc,Crema corporal nivea milk nutritiva piel extra seca 250 ml,"Lacteos, Huevos y Congelados",Crema,higiene_fuera_de_higiene,Higiene Personal,Cuidado Facial,Alta
2026-06-01T22:52:44,scraper_unimarc,Crema facial nivea antiarrugas revitalizante 55+ 50 ml,"Lacteos, Huevos y Congelados",Crema,higiene_fuera_de_higiene,Higiene Personal,Cuidado Facial,Alta
2026-06-01T22:52:44,scraper_unimarc,Crema facial nivea rose care en gel 50 ml,"Lacteos, Huevos y Congelados",Crema,higiene_fuera_de_higiene,Higiene Personal,Cuidado Facial,Alta
2026-06-01T22:52:44,scraper_unimarc,Crema facial loreal hidra total 5 humectante con colágeno 50 ml,"Lacteos, Huevos y Congelados",Crema,higiene_fuera_de_higiene,Higiene Personal,Cuidado Facial,Alta
2026-06-01T22:52:44,scraper_unimarc,Crema facial nivea q10 power antiarrugas noche 50 ml,"Lacteos, Huevos y Congelados",Crema,higiene_fuera_de_higiene,Higiene Personal,Cuidado Facial,Alta
2026-06-01T22:52:44,scraper_unimarc,Crema de manos nivea q10 cuidado antiedad 100 ml,"Lacteos, Huevos y Congelados",Crema,higiene_fuera_de_higiene,Higiene Personal,Cuidado Facial,Alta
2026-06-01T22:52:44,scraper_unimarc,Crema facial loreal hidro total 5 humectante con calcio 50 ml,"Lacteos, Huevos y Congelados",Crema,higiene_fuera_de_higiene,Higiene Personal,Cuidado Facial,Alta
2026-06-01T22:52:44,scraper_unimarc,Crema corporal nivea reafirmante q10 400 ml,"Lacteos, Huevos y Congelados",Crema,higiene_fuera_de_higiene,Higiene Personal,Cuidado Facial,Alta
2026-06-01T22:52:44,scraper_unimarc,Crema corporal nivea hidratación express 250 ml,"Lacteos, Huevos y Congelados",Crema,higiene_fuera_de_higiene,Higiene Personal,Cuidado Facial,Alta
2026-06-01T22:52:45,scraper_unimarc,Crema facial loreal día anti manchas 50 ml,"Lacteos, Huevos y Congelados",Crema,higiene_fuera_de_higiene,Higiene Personal,Cuidado Facial,Alta
2026-06-01T22:52:53,scraper_unimarc,Crema facial neutrogena 3 en 1 hidratante mate 100 g,"Lacteos, Huevos y Congelados",Crema,higiene_fuera_de_higiene,Higiene Personal,Cuidado Facial,Alta
2026-06-01T22:52:54,scraper_unimarc,Crema facial teatrical antiarrugas 200 g,"Lacteos, Huevos y Congelados",Crema,higiene_fuera_de_higiene,Higiene Personal,Cuidado Facial,Alta
2026-06-01T22:52:54,scraper_unimarc,Crema facial nivea hidratante matizante día spf15 50 ml,"Lacteos, Huevos y Congelados",Crema,higiene_fuera_de_higiene,Higiene Personal,Cuidado Facial,Alta
2026-06-01T22:52:54,scraper_unimarc,Crema facial garnier express aclara 50 ml,"Lacteos, Huevos y Congelados",Crema,higiene_fuera_de_higiene,Higiene Personal,Cuidado Facial,Alta
2026-06-01T22:52:55,scraper_unimarc,Crema facial teatrical humectante 200 g,"Lacteos, Huevos y Congelados",Crema,higiene_fuera_de_higiene,Higiene Personal,Cuidado Facial,Alta
2026-06-01T22:53:02,scraper_unimarc,Crema facial age care reafirmante cicatricure 50 g,"Lacteos, Huevos y Congelados",Crema,higiene_fuera_de_higiene,Higiene Personal,Cuidado Facial,Alta
2026-06-01T22:53:02,scraper_unimarc,Crema corporal nivea reafirmante q10 250 ml,"Lacteos, Huevos y Congelados",Crema,higiene_fuera_de_higiene,Higiene Personal,Cuidado Facial,Alta
2026-06-01T22:53:02,scraper_unimarc,Crema corporal nivea soft milk piel seca 250 ml,"Lacteos, Huevos y Congelados",Crema,higiene_fuera_de_higiene,Higiene Personal,Cuidado Facial,Alta
2026-06-01T22:53:02,scraper_unimarc,Crema facial nivea antiarrugas reafirmante 45+ 50 ml,"Lacteos, Huevos y Congelados",Crema,higiene_fuera_de_higiene,Higiene Personal,Cuidado Facial,Alta
2026-06-01T22:53:03,scraper_unimarc,Crema facial teatrical aclaradora 200 g,"Lacteos, Huevos y Congelados",Crema,higiene_fuera_de_higiene,Higiene Personal,Cuidado Facial,Alta
2026-06-01T22:53:03,scraper_unimarc,Crema facial simond's revitalizante día 50 ml,"Lacteos, Huevos y Congelados",Crema,higiene_fuera_de_higiene,Higiene Personal,Cuidado Facial,Alta
2026-06-01T22:53:03,scraper_unimarc,Bebida láctea nido buen día semidescremada bolsa 700 g,"Lacteos, Huevos y Congelados",Crema,bebida_fuera_de_bebidas,Bebidas,Bebidas,Media
2026-06-01T22:53:03,scraper_unimarc,Pasta dental colgate triple acción 3 un de 75 ml,"Lacteos, Huevos y Congelados",Crema,higiene_fuera_de_higiene,Higiene Personal,Cuidado Bucal,Alta
2026-06-01T22:53:04,scraper_unimarc,Pack pasta dental pepsodent triple + 3 un de 90 g,"Lacteos, Huevos y Congelados",Crema,higiene_fuera_de_higiene,Higiene Personal,Cuidado Bucal,Alta
2026-06-01T22:53:04,scraper_unimarc,Pasta dental colgate triple acción extra blanco 3 un de 75 ml,"Lacteos, Huevos y Congelados",Crema,higiene_fuera_de_higiene,Higiene Personal,Cuidado Bucal,Alta
2026-06-01T22:53:12,scraper_unimarc,Limpiador en crema cif bioactive limón 750 g,"Lacteos, Huevos y Congelados",Crema,limpieza_fuera_de_limpieza,Limpieza,Limpiadores,Alta
2026-06-01T22:53:12,scraper_unimarc,Máscara capilar dove nutrición + tri óleos 300 g,"Lacteos, Huevos y Congelados",Crema,higiene_fuera_de_higiene,Higiene Personal,Cuidado Facial,Alta
2026-06-01T22:53:12,scraper_unimarc,Máscara capilar dove hidratación + hialuron 300 g,"Lacteos, Huevos y Congelados",Crema,higiene_fuera_de_higiene,Higiene Personal,Cuidado Facial,Alta
2026-06-01T22:53:12,scraper_unimarc,Máscara capilar dove reconstrucción + aminoácido 300 g,"Lacteos, Huevos y Congelados",Crema,higiene_fuera_de_higiene,Higiene Personal,Cuidado Facial,Alta
2026-06-01T22:53:12,scraper_unimarc,Pasta dental colgate ultra blanco 3 un de 90 g,"Lacteos, Huevos y Congelados",Crema,higiene_fuera_de_higiene,Higiene Personal,Cuidado Bucal,Alta
2026-06-01T22:53:12,scraper_unimarc,Pack bebida láctea chamyto nestlé frutilla 12 un de 80 ml,"Lacteos, Huevos y Congelados",Crema,bebida_fuera_de_bebidas,Bebidas,Bebidas,Media
2026-06-01T22:53:12,scraper_unimarc,Saborizante para leche milo bolsa 300 g,"Lacteos, Huevos y Congelados",Crema,bebida_fuera_de_bebidas,Bebidas,Bebidas,Media
2026-06-01T22:53:12,scraper_unimarc,Bebida isotónica fastlyte coco limón 625 ml,"Lacteos, Huevos y Congelados",Crema,bebida_fuera_de_bebidas,Bebidas,Bebidas,Media
2026-06-01T22:53:12,scraper_unimarc,Limpiador en crema cif bioactive original 750 g,"Lacteos, Huevos y Congelados",Crema,limpieza_fuera_de_limpieza,Limpieza,Limpiadores,Alta
2026-06-01T22:53:12,scraper_unimarc,Saborizante para leche milo activ-go bolsa 1 kg,"Lacteos, Huevos y Congelados",Crema,bebida_fuera_de_bebidas,Bebidas,Bebidas,Media
2026-06-01T22:53:13,scraper_unimarc,Limpiador crema virutex biodegradable 750 gr,"Lacteos, Huevos y Congelados",Crema,limpieza_fuera_de_limpieza,Limpieza,Limpiadores,Alta
2026-06-01T22:53:13,scraper_unimarc,Jabón líquido ballerina doble humectación crema humectante doypack 750 ml,"Lacteos, Huevos y Congelados",Crema,higiene_fuera_de_higiene,Higiene Personal,Jabon,Alta
2026-06-01T22:53:13,scraper_unimarc,Saborizante para leche milo activ-go 620 g,"Lacteos, Huevos y Congelados",Crema,bebida_fuera_de_bebidas,Bebidas,Bebidas,Media
2026-06-01T22:53:21,scraper_unimarc,Jabón líquido dove crema humectante 700 ml,"Lacteos, Huevos y Congelados",Crema,higiene_fuera_de_higiene,Higiene Personal,Cuidado Facial,Alta
2026-06-01T22:53:22,scraper_unimarc,Leche chocolate fortificada milo 200 ml.,"Lacteos, Huevos y Congelados",Crema,bebida_fuera_de_bebidas,Bebidas,Bebidas,Media
2026-06-01T22:53:22,scraper_unimarc,Pasta dental colgate total antisarro con flúor 90 g,"Lacteos, Huevos y Congelados",Crema,higiene_fuera_de_higiene,Higiene Personal,Cuidado Bucal,Alta
2026-06-01T22:53:22,scraper_unimarc,Pasta dental colgate total encías saludables con flúor 75 ml,"Lacteos, Huevos y Congelados",Crema,higiene_fuera_de_higiene,Higiene Personal,Cuidado Bucal,Alta
2026-06-01T22:53:23,scraper_unimarc,Pasta dental colgate triple acción 2 un de 80 ml,"Lacteos, Huevos y Congelados",Crema,higiene_fuera_de_higiene,Higiene Personal,Cuidado Bucal,Alta
2026-06-01T22:53:30,scraper_unimarc,Bebida láctea milo sin lactosa 200 ml,"Lacteos, Huevos y Congelados",Crema,bebida_fuera_de_bebidas,Bebidas,Bebidas,Media
2026-06-01T22:53:31,scraper_unimarc,Limpiador crema smart clean limón 750 g,"Lacteos, Huevos y Congelados",Crema,limpieza_fuera_de_limpieza,Limpieza,Limpiadores,Alta
2026-06-01T22:53:31,scraper_unimarc,Pack pasta dental colgate max white crystal mint 3 un de 75 ml,"Lacteos, Huevos y Congelados",Crema,higiene_fuera_de_higiene,Higiene Personal,Cuidado Bucal,Alta
2026-06-01T22:53:31,scraper_unimarc,Pack pasta dental colgate triple acción menta 2 un de 150 ml,"Lacteos, Huevos y Congelados",Crema,higiene_fuera_de_higiene,Higiene Personal,Cuidado Bucal,Alta
2026-06-01T22:53:31,scraper_unimarc,Pasta dental colgate luminous carbón 90 g,"Lacteos, Huevos y Congelados",Crema,higiene_fuera_de_higiene,Higiene Personal,Cuidado Bucal,Alta
2026-06-01T22:53:32,scraper_unimarc,Pasta dental colgate luminous white 90 g,"Lacteos, Huevos y Congelados",Crema,higiene_fuera_de_higiene,Higiene Personal,Cuidado Bucal,Alta
2026-06-01T22:53:32,scraper_unimarc,Limpiador crema smart clean tradicional 750 g,"Lacteos, Huevos y Congelados",Crema,limpieza_fuera_de_limpieza,Limpieza,Limpiadores,Alta
2026-06-01T22:53:32,scraper_unimarc,Pack pasta dental colgate triple fresh 3 un de 75 ml,"Lacteos, Huevos y Congelados",Crema,higiene_fuera_de_higiene,Higiene Personal,Cuidado Bucal,Alta
2026-06-01T22:53:32,scraper_unimarc,Desodorante dove clinical humectante en crema 58 g,"Lacteos, Huevos y Congelados",Crema,higiene_fuera_de_higiene,Higiene Personal,Desodorantes,Alta
2026-06-01T22:53:32,scraper_unimarc,Pasta dental colgate total encías saludables con flúor 150 ml,"Lacteos, Huevos y Congelados",Crema,higiene_fuera_de_higiene,Higiene Personal,Cuidado Bucal,Alta
2026-06-01T22:53:40,scraper_unimarc,Máscara capilar dove bond intense repair 250 g,"Lacteos, Huevos y Congelados",Crema,higiene_fuera_de_higiene,Higiene Personal,Cuidado Facial,Alta
2026-06-01T22:53:40,scraper_unimarc,Desodorante dove clinical crema humectante spray 150 ml,"Lacteos, Huevos y Congelados",Crema,higiene_fuera_de_higiene,Higiene Personal,Desodorantes,Alta
2026-06-01T22:53:40,scraper_unimarc,Pasta dental colgate sensitive alivio de encías 2 un de 110 g,"Lacteos, Huevos y Congelados",Crema,higiene_fuera_de_higiene,Higiene Personal,Cuidado Bucal,Alta
2026-06-01T22:53:40,scraper_unimarc,Pasta dental sensodyne repara y protege blanqueador 100 g,"Lacteos, Huevos y Congelados",Crema,higiene_fuera_de_higiene,Higiene Personal,Cuidado Bucal,Alta
2026-06-01T22:53:40,scraper_unimarc,Oleo + sérum bifásico dove 110 ml,"Lacteos, Huevos y Congelados",Crema,higiene_fuera_de_higiene,Higiene Personal,Cuidado Facial,Alta
2026-06-01T22:53:40,scraper_unimarc,Pasta dental colgate luminous white color correct 70 gr,"Lacteos, Huevos y Congelados",Crema,higiene_fuera_de_higiene,Higiene Personal,Cuidado Bucal,Alta
2026-06-01T22:53:40,scraper_unimarc,Pasta dental pepsodent sensitivexpert white 100 g,"Lacteos, Huevos y Congelados",Crema,higiene_fuera_de_higiene,Higiene Personal,Cuidado Bucal,Alta
2026-06-01T22:53:40,scraper_unimarc,Espuma de afeitar nivea men sensitive 200 ml,"Lacteos, Huevos y Congelados",Crema,higiene_fuera_de_higiene,Higiene Personal,Cuidado Facial,Alta
2026-06-01T22:53:40,scraper_unimarc,Pasta dental pepsodent gumexpert 100 g,"Lacteos, Huevos y Congelados",Crema,higiene_fuera_de_higiene,Higiene Personal,Cuidado Bucal,Alta
2026-06-01T22:53:40,scraper_unimarc,Gel de afeitar nivea men sensitive 200 ml,"Lacteos, Huevos y Congelados",Crema,higiene_fuera_de_higiene,Higiene Personal,Cuidado Facial,Alta
2026-06-01T22:53:41,scraper_unimarc,Pack pasta dental pepsodent protección anticaries 3 un de 130 g,"Lacteos, Huevos y Congelados",Crema,higiene_fuera_de_higiene,Higiene Personal,Cuidado Bucal,Alta
2026-06-01T22:53:41,scraper_unimarc,Pack pasta dental pepsodent extra whitening 3 un de 130 g,"Lacteos, Huevos y Congelados",Crema,higiene_fuera_de_higiene,Higiene Personal,Cuidado Bucal,Alta
2026-06-01T22:53:41,scraper_unimarc,Oleo dove bifásico bond intense repair 110 ml,"Lacteos, Huevos y Congelados",Crema,higiene_fuera_de_higiene,Higiene Personal,Cuidado Facial,Alta
2026-06-01T22:53:41,scraper_unimarc,Pasta dental colgate luminous white glow 70 g,"Lacteos, Huevos y Congelados",Crema,higiene_fuera_de_higiene,Higiene Personal,Cuidado Bucal,Alta
2026-06-01T22:53:41,scraper_unimarc,Mascarilla capilar dove uv repair y glow con ferúlico 250 gr,"Lacteos, Huevos y Congelados",Crema,higiene_fuera_de_higiene,Higiene Personal,Cuidado Facial,Alta
2026-06-01T22:53:41,scraper_unimarc,Pasta dental colgate total original mint 2 un de 150 ml,"Lacteos, Huevos y Congelados",Crema,higiene_fuera_de_higiene,Higiene Personal,Cuidado Bucal,Alta
2026-06-01T22:53:41,scraper_unimarc,Pasta dental colgate total original mint 150 ml,"Lacteos, Huevos y Congelados",Crema,higiene_fuera_de_higiene,Higiene Personal,Cuidado Bucal,Alta
2026-06-01T22:53:41,scraper_unimarc,Pasta dental pepsodent integral 18 limpieza profunda 75 ml,"Lacteos, Huevos y Congelados",Crema,higiene_fuera_de_higiene,Higiene Personal,Cuidado Bucal,Alta
2026-06-01T22:53:41,scraper_unimarc,Pasta dental pepsodent integral 18 dientes sensibles 75 ml,"Lacteos, Huevos y Congelados",Crema,higiene_fuera_de_higiene,Higiene Personal,Cuidado Bucal,Alta
2026-06-01T22:53:41,scraper_unimarc,Pasta dental pepsodent frutas 90 g,"Lacteos, Huevos y Congelados",Crema,higiene_fuera_de_higiene,Higiene Personal,Cuidado Bucal,Alta
2026-06-01T22:53:49,scraper_unimarc,Pasta dental colgate sensitive pro alivio inmediato encías 110 g,"Lacteos, Huevos y Congelados",Crema,higiene_fuera_de_higiene,Higiene Personal,Cuidado Bucal,Alta
2026-06-01T22:53:49,scraper_unimarc,Pasta dental pepsodent integral 18 salud completa 75 ml,"Lacteos, Huevos y Congelados",Crema,higiene_fuera_de_higiene,Higiene Personal,Cuidado Bucal,Alta
2026-06-01T22:53:49,scraper_unimarc,Pasta dental colgate total carbón activado con flúor 150 ml,"Lacteos, Huevos y Congelados",Crema,higiene_fuera_de_higiene,Higiene Personal,Cuidado Bucal,Alta
2026-06-01T22:53:49,scraper_unimarc,Pack pasta dental aquafresh triple protección sabor menta 3 un de 126 g,"Lacteos, Huevos y Congelados",Crema,higiene_fuera_de_higiene,Higiene Personal,Cuidado Bucal,Alta
2026-06-01T22:53:49,scraper_unimarc,Pasta dental colgate sensitive pro alivio original 110 g,"Lacteos, Huevos y Congelados",Crema,higiene_fuera_de_higiene,Higiene Personal,Cuidado Bucal,Alta
2026-06-01T22:53:49,scraper_unimarc,Pasta dental pepsodent anticaries 2 un de 130 g,"Lacteos, Huevos y Congelados",Crema,higiene_fuera_de_higiene,Higiene Personal,Cuidado Bucal,Alta
2026-06-01T22:53:50,scraper_unimarc,Pasta dental colgate sensitive whitening 100 g,"Lacteos, Huevos y Congelados",Crema,higiene_fuera_de_higiene,Higiene Personal,Cuidado Bucal,Alta
2026-06-01T22:53:50,scraper_unimarc,Desodorante dove corporal raspberry rose crema 75 gr,"Lacteos, Huevos y Congelados",Crema,higiene_fuera_de_higiene,Higiene Personal,Desodorantes,Alta
2026-06-01T22:53:50,scraper_unimarc,Pasta dental colgate luminous carbón 125 ml,"Lacteos, Huevos y Congelados",Crema,higiene_fuera_de_higiene,Higiene Personal,Cuidado Bucal,Alta
2026-06-01T22:53:50,scraper_unimarc,Pasta dental aquafresh advance 158 g,"Lacteos, Huevos y Congelados",Crema,higiene_fuera_de_higiene,Higiene Personal,Cuidado Bucal,Alta
2026-06-01T22:53:50,scraper_unimarc,Desodorante dove clinical tono uniforme crema 58 gr,"Lacteos, Huevos y Congelados",Crema,higiene_fuera_de_higiene,Higiene Personal,Desodorantes,Alta
2026-06-01T22:53:58,scraper_unimarc,Pasta dental sensodyne rapido alivio 100 g,"Lacteos, Huevos y Congelados",Crema,higiene_fuera_de_higiene,Higiene Personal,Cuidado Bucal,Alta
2026-06-01T22:53:58,scraper_unimarc,Pasta dental colgate luminous brilliant 125 ml,"Lacteos, Huevos y Congelados",Crema,higiene_fuera_de_higiene,Higiene Personal,Cuidado Bucal,Alta
2026-06-01T22:53:58,scraper_unimarc,Desodorante rexona corporal wild rose crema 75 gr,"Lacteos, Huevos y Congelados",Crema,higiene_fuera_de_higiene,Higiene Personal,Desodorantes,Alta
2026-06-01T22:53:58,scraper_unimarc,Desodorante rexona men corporal ocean rush crema 75 gr,"Lacteos, Huevos y Congelados",Crema,higiene_fuera_de_higiene,Higiene Personal,Desodorantes,Alta
2026-06-01T22:53:58,scraper_unimarc,Pasta dental colgate luminous white 3 un de 90 g,"Lacteos, Huevos y Congelados",Crema,higiene_fuera_de_higiene,Higiene Personal,Cuidado Bucal,Alta
2026-06-01T22:53:59,scraper_unimarc,Pasta dental sensodyne limpieza profunda 90 g,"Lacteos, Huevos y Congelados",Crema,higiene_fuera_de_higiene,Higiene Personal,Cuidado Bucal,Alta
2026-06-01T22:53:59,scraper_unimarc,Saborizante para leche milo activ-go tarro 700 g,"Lacteos, Huevos y Congelados",Crema,bebida_fuera_de_bebidas,Bebidas,Bebidas,Media
2026-06-01T22:53:59,scraper_unimarc,Pack bebida láctea chamyto nestlé frambuesa 12 un de 80 ml,"Lacteos, Huevos y Congelados",Crema,bebida_fuera_de_bebidas,Bebidas,Bebidas,Media
2026-06-01T22:53:59,scraper_unimarc,Pack pasta dental pepsodent extra whitening 3 un de 90 g,"Lacteos, Huevos y Congelados",Crema,higiene_fuera_de_higiene,Higiene Personal,Cuidado Bucal,Alta
2026-06-01T22:54:00,scraper_unimarc,Bebida de coco vilay sin azúcar 1 l,"Lacteos, Huevos y Congelados",Crema,bebida_fuera_de_bebidas,Bebidas,Bebidas,Media
2026-06-01T22:54:07,scraper_unimarc,Pasta dental colgate total carbón activado con flúor 75 ml,"Lacteos, Huevos y Congelados",Crema,higiene_fuera_de_higiene,Higiene Personal,Cuidado Bucal,Alta
2026-06-01T22:54:08,scraper_unimarc,Pasta dental aquafresh sabor menta 3 un de 95 g,"Lacteos, Huevos y Congelados",Crema,higiene_fuera_de_higiene,Higiene Personal,Cuidado Bucal,Alta
2026-06-01T22:54:09,scraper_unimarc,Jugoso al horno maggi pollo a las finas hierbas 24 g,"Lacteos, Huevos y Congelados",Crema,bebida_fuera_de_bebidas,Bebidas,Jugos,Media
2026-06-01T22:54:09,scraper_unimarc,Pasta dental sensodyne whitening extra fresh 90 g,"Lacteos, Huevos y Congelados",Crema,higiene_fuera_de_higiene,Higiene Personal,Cuidado Bucal,Alta
2026-06-01T22:54:16,scraper_unimarc,Pasta dental oral b kids mickey 50 g,"Lacteos, Huevos y Congelados",Crema,higiene_fuera_de_higiene,Higiene Personal,Cuidado Bucal,Alta
2026-06-01T22:54:17,scraper_unimarc,Pasta dental oral-b complete 4en1 3 un de 80 gr,"Lacteos, Huevos y Congelados",Crema,higiene_fuera_de_higiene,Higiene Personal,Cuidado Bucal,Alta
2026-06-01T22:54:17,scraper_unimarc,Pasta dental colgate total original mint 75 ml,"Lacteos, Huevos y Congelados",Crema,higiene_fuera_de_higiene,Higiene Personal,Cuidado Bucal,Alta
2026-06-01T22:54:17,scraper_unimarc,Jugoso al horno maggi pollo mediterráneo sobre 25 g,"Lacteos, Huevos y Congelados",Crema,bebida_fuera_de_bebidas,Bebidas,Jugos,Media
2026-06-01T22:54:17,scraper_unimarc,Bebida láctea sabor mora yogu yogu 6 x 115 ml,"Lacteos, Huevos y Congelados",Crema,bebida_fuera_de_bebidas,Bebidas,Bebidas,Media
2026-06-01T22:54:17,scraper_unimarc,Pasta dental aquafresh soft mint 2 un de 95 g,"Lacteos, Huevos y Congelados",Crema,higiene_fuera_de_higiene,Higiene Personal,Cuidado Bucal,Alta
2026-06-01T22:54:17,scraper_unimarc,Jabón líquido simond's dermo afrecho & leche de coco 1 lt,"Lacteos, Huevos y Congelados",Crema,higiene_fuera_de_higiene,Higiene Personal,Jabon,Alta
2026-06-01T22:54:17,scraper_unimarc,Fortificante para leche milo activ go 150 g,"Lacteos, Huevos y Congelados",Crema,bebida_fuera_de_bebidas,Bebidas,Bebidas,Media
2026-06-01T22:54:17,scraper_unimarc,Pasta dental oral b 3d white brilliant fresh 3 un de 53 ml,"Lacteos, Huevos y Congelados",Crema,higiene_fuera_de_higiene,Higiene Personal,Cuidado Bucal,Alta
2026-06-01T22:54:18,scraper_unimarc,Bebida de coco deyco lata 400 ml,"Lacteos, Huevos y Congelados",Crema,bebida_fuera_de_bebidas,Bebidas,Bebidas,Media
2026-06-01T22:54:18,scraper_unimarc,Serum capilar dove nutrición + tri-óleos 110 ml,"Lacteos, Huevos y Congelados",Crema,higiene_fuera_de_higiene,Higiene Personal,Cuidado Facial,Alta
2026-06-01T22:54:18,scraper_unimarc,Pack pasta dental aquafresh soft mint 2 un de 158 g,"Lacteos, Huevos y Congelados",Crema,higiene_fuera_de_higiene,Higiene Personal,Cuidado Bucal,Alta
2026-06-01T22:54:18,scraper_unimarc,Pasta dental colgate minions 75 ml,"Lacteos, Huevos y Congelados",Crema,higiene_fuera_de_higiene,Higiene Personal,Cuidado Bucal,Alta
2026-06-01T22:54:26,scraper_unimarc,Pasta dental oral b 3d white brillant fresh 140 g,"Lacteos, Huevos y Congelados",Crema,higiene_fuera_de_higiene,Higiene Personal,Cuidado Bucal,Alta
2026-06-01T22:54:26,scraper_unimarc,Pack leche milo nestlé fortificada chocolate 6 un de 200 ml,"Lacteos, Huevos y Congelados",Crema,bebida_fuera_de_bebidas,Bebidas,Bebidas,Media
2026-06-01T22:54:27,scraper_unimarc,Pasta dental sensodyne extra fresh 90 g,"Lacteos, Huevos y Congelados",Crema,higiene_fuera_de_higiene,Higiene Personal,Cuidado Bucal,Alta
2026-06-01T22:54:27,scraper_unimarc,Bálsamo nivea men after shave sensitive 100 ml,"Lacteos, Huevos y Congelados",Crema,higiene_fuera_de_higiene,Higiene Personal,Cuidado Facial,Alta
2026-06-01T22:54:27,scraper_unimarc,Pasta dental pepsodent integral 18 horas 75 g,"Lacteos, Huevos y Congelados",Crema,higiene_fuera_de_higiene,Higiene Personal,Cuidado Bucal,Alta
2026-06-01T22:54:27,scraper_unimarc,Pasta dental colgate triple acción 100 ml,"Lacteos, Huevos y Congelados",Crema,higiene_fuera_de_higiene,Higiene Personal,Cuidado Bucal,Alta
2026-06-01T22:54:35,scraper_unimarc,Pack desodorante en crema rexona clinical men clean y sport strength 2 un de 48 g,"Lacteos, Huevos y Congelados",Crema,higiene_fuera_de_higiene,Higiene Personal,Desodorantes,Alta
2026-06-01T22:54:35,scraper_unimarc,Pack desodorante en crema rexona clinical women extra dry y classic 2 un de 48 g,"Lacteos, Huevos y Congelados",Crema,higiene_fuera_de_higiene,Higiene Personal,Desodorantes,Alta
2026-06-01T22:54:35,scraper_unimarc,Desodorante etiquet women clásico crema 60 g,"Lacteos, Huevos y Congelados",Crema,higiene_fuera_de_higiene,Higiene Personal,Desodorantes,Alta
2026-06-01T22:54:35,scraper_unimarc,Pasta dental pepsodent integral 18 sensibles 75 gr,"Lacteos, Huevos y Congelados",Crema,higiene_fuera_de_higiene,Higiene Personal,Cuidado Bucal,Alta
2026-06-01T22:54:35,scraper_unimarc,Serum capilar dove reconstrucción + aminoácido 110 ml,"Lacteos, Huevos y Congelados",Crema,higiene_fuera_de_higiene,Higiene Personal,Cuidado Facial,Alta
2026-06-01T22:54:35,scraper_unimarc,Desodorante etiquet men full protect crema 60 g,"Lacteos, Huevos y Congelados",Crema,higiene_fuera_de_higiene,Higiene Personal,Desodorantes,Alta
2026-06-01T22:54:35,scraper_unimarc,Pasta dental colgate total encías saludables 2 un de 100 ml,"Lacteos, Huevos y Congelados",Crema,higiene_fuera_de_higiene,Higiene Personal,Cuidado Bucal,Alta
2026-06-01T22:54:35,scraper_unimarc,Pasta dental sensodyne repara y protege 100 g,"Lacteos, Huevos y Congelados",Crema,higiene_fuera_de_higiene,Higiene Personal,Cuidado Bucal,Alta
2026-06-01T22:54:35,scraper_unimarc,Pasta dental oral b 100% de tu boca cuidada 70 g,"Lacteos, Huevos y Congelados",Crema,higiene_fuera_de_higiene,Higiene Personal,Cuidado Bucal,Alta
2026-06-01T22:54:36,scraper_unimarc,Pasta dental oral b 100% 3 un de 66 ml,"Lacteos, Huevos y Congelados",Crema,higiene_fuera_de_higiene,Higiene Personal,Cuidado Bucal,Alta
2026-06-01T22:54:36,scraper_unimarc,Set nivea agua micelar + crema facial + mist facial,"Lacteos, Huevos y Congelados",Crema,higiene_fuera_de_higiene,Higiene Personal,Cuidado Facial,Alta
2026-06-01T22:54:36,scraper_unimarc,Pasta dental pepsodent triple menta americana 2 un de 90 g,"Lacteos, Huevos y Congelados",Crema,higiene_fuera_de_higiene,Higiene Personal,Cuidado Bucal,Alta
2026-06-01T22:54:36,scraper_unimarc,Pasta dental colgate total original mint 3 un de 75 ml,"Lacteos, Huevos y Congelados",Crema,higiene_fuera_de_higiene,Higiene Personal,Cuidado Bucal,Alta
2026-06-01T22:54:36,scraper_unimarc,Pasta dental colgate max white crystal mint 180 g,"Lacteos, Huevos y Congelados",Crema,higiene_fuera_de_higiene,Higiene Personal,Cuidado Bucal,Alta
2026-06-01T22:54:36,scraper_unimarc,Bebida láctea milo sin lactosa 6 un de 200 ml,"Lacteos, Huevos y Congelados",Crema,bebida_fuera_de_bebidas,Bebidas,Bebidas,Media
2026-06-01T22:54:44,scraper_unimarc,Pasta dental colgate naturals extracts carbón 3 un de 90 g,"Lacteos, Huevos y Congelados",Crema,higiene_fuera_de_higiene,Higiene Personal,Cuidado Bucal,Alta
2026-06-01T22:54:44,scraper_unimarc,Desodorante lady speed stick clinical complete crema 55 g,"Lacteos, Huevos y Congelados",Crema,higiene_fuera_de_higiene,Higiene Personal,Desodorantes,Alta
2026-06-01T22:54:44,scraper_unimarc,Pasta dental pepsodent integral 18 salud completa 2 un de 75 ml,"Lacteos, Huevos y Congelados",Crema,higiene_fuera_de_higiene,Higiene Personal,Cuidado Bucal,Alta
2026-06-01T22:54:44,scraper_unimarc,Pasta dental oral b pro-salud toy story jasmin o goofy 75 ml,"Lacteos, Huevos y Congelados",Crema,higiene_fuera_de_higiene,Higiene Personal,Cuidado Bucal,Alta
2026-06-01T22:54:44,scraper_unimarc,Pasta dental colgate triple acción 2 un de 125 ml,"Lacteos, Huevos y Congelados",Crema,higiene_fuera_de_higiene,Higiene Personal,Cuidado Bucal,Alta
2026-06-01T22:54:44,scraper_unimarc,Pasta dental oral b 3d white mineral clean carbón 140 g,"Lacteos, Huevos y Congelados",Crema,higiene_fuera_de_higiene,Higiene Personal,Cuidado Bucal,Alta
2026-06-01T22:54:44,scraper_unimarc,Estuche nivea crema facial piel seca día y noche 2 un de 50 ml,"Lacteos, Huevos y Congelados",Crema,higiene_fuera_de_higiene,Higiene Personal,Cuidado Facial,Alta
2026-06-01T22:54:45,scraper_unimarc,Pasta dental pepsodent menta americana 90 gr,"Lacteos, Huevos y Congelados",Crema,higiene_fuera_de_higiene,Higiene Personal,Cuidado Bucal,Alta
2026-06-01T22:54:45,scraper_unimarc,Pasta dental pepsodent sensitive expert 60 gr,"Lacteos, Huevos y Congelados",Crema,higiene_fuera_de_higiene,Higiene Personal,Cuidado Bucal,Alta
2026-06-01T22:54:45,scraper_unimarc,Pasta dental oral b gengiva detox 102 g,"Lacteos, Huevos y Congelados",Crema,higiene_fuera_de_higiene,Higiene Personal,Cuidado Bucal,Alta
2026-06-01T22:54:45,scraper_unimarc,Pack pasta dental aquafresh active white 2 un de 160 g,"Lacteos, Huevos y Congelados",Crema,higiene_fuera_de_higiene,Higiene Personal,Cuidado Bucal,Alta
2026-06-01T22:54:45,scraper_unimarc,Pack pasta dental aquafresh advance 2 un de 158 g,"Lacteos, Huevos y Congelados",Crema,higiene_fuera_de_higiene,Higiene Personal,Cuidado Bucal,Alta
2026-06-01T22:54:45,scraper_unimarc,Pasta dental oral b 3d white 75 ml,"Lacteos, Huevos y Congelados",Crema,higiene_fuera_de_higiene,Higiene Personal,Cuidado Bucal,Alta
2026-06-01T22:54:53,scraper_unimarc,Pack pasta dental colgate triple acción extra blancura 2 un de 100 ml,"Lacteos, Huevos y Congelados",Crema,higiene_fuera_de_higiene,Higiene Personal,Cuidado Bucal,Alta
2026-06-01T22:54:53,scraper_unimarc,Pasta dental phb white 75 ml,"Lacteos, Huevos y Congelados",Crema,higiene_fuera_de_higiene,Higiene Personal,Cuidado Bucal,Alta
2026-06-01T22:54:53,scraper_unimarc,Pasta dental colgate sensitive pro alivio inmediato xtreme temperatures 110 g,"Lacteos, Huevos y Congelados",Crema,higiene_fuera_de_higiene,Higiene Personal,Cuidado Bucal,Alta
2026-06-01T22:54:53,scraper_unimarc,Pasta dental colgate sensitive pro alivio real white 110 g,"Lacteos, Huevos y Congelados",Crema,higiene_fuera_de_higiene,Higiene Personal,Cuidado Bucal,Alta
2026-06-01T22:54:53,scraper_unimarc,Tónico capilar pantene anticaída 52 ml,"Lacteos, Huevos y Congelados",Crema,higiene_fuera_de_higiene,Higiene Personal,Cuidado Facial,Alta
2026-06-01T22:54:54,scraper_unimarc,Desodorante dove corporal lavender camimile crema 75 gr,"Lacteos, Huevos y Congelados",Crema,higiene_fuera_de_higiene,Higiene Personal,Desodorantes,Alta
2026-06-01T22:54:54,scraper_unimarc,Desodorante ambiental arom frutilla crema 225 g,"Lacteos, Huevos y Congelados",Crema,higiene_fuera_de_higiene,Higiene Personal,Desodorantes,Alta
2026-06-01T22:54:54,scraper_unimarc,Bebida de coco vilay original 1 l,"Lacteos, Huevos y Congelados",Crema,bebida_fuera_de_bebidas,Bebidas,Bebidas,Media
2026-06-01T22:54:54,scraper_unimarc,Pasta dental phb total care 75 ml,"Lacteos, Huevos y Congelados",Crema,higiene_fuera_de_higiene,Higiene Personal,Cuidado Bucal,Alta
2026-06-01T22:54:54,scraper_unimarc,Espuma de afeitar para hombres nivea 200ml,"Lacteos, Huevos y Congelados",Crema,higiene_fuera_de_higiene,Higiene Personal,Cuidado Facial,Alta
2026-06-01T22:54:54,scraper_unimarc,Bebida de coco coco lópez 400 g,"Lacteos, Huevos y Congelados",Crema,bebida_fuera_de_bebidas,Bebidas,Bebidas,Media
2026-06-01T22:54:54,scraper_unimarc,Jabón líquido simond's crema humectante 850 ml,"Lacteos, Huevos y Congelados",Crema,higiene_fuera_de_higiene,Higiene Personal,Jabon,Alta
2026-06-01T22:54:55,scraper_unimarc,Set nivea crema corporal nutritiva + reafirmante 2 un de 400 ml,"Lacteos, Huevos y Congelados",Crema,higiene_fuera_de_higiene,Higiene Personal,Cuidado Facial,Alta
2026-06-01T22:54:55,scraper_unimarc,Pasta dental aquafresh intense white 2 u de 96 g,"Lacteos, Huevos y Congelados",Crema,higiene_fuera_de_higiene,Higiene Personal,Cuidado Bucal,Alta
2026-06-01T22:55:31,scraper_unimarc,Zanahoria de jugo bolsa 1 kg,Frutas y Verduras,Frutas,bebida_fuera_de_bebidas,Bebidas,Jugos,Media
2026-06-01T22:55:49,scraper_unimarc,Bebida isotónica gatorade frutas tropicales 1 l.,Frutas y Verduras,Frutas,mascota_fuera_de_mascotas,Mascotas,Alimento Gatos,Alta
2026-06-01T22:55:57,scraper_unimarc,Bebida energética red bull sabor fruta del dragón 250 ml,Frutas y Verduras,Frutas,bebida_fuera_de_bebidas,Bebidas,Bebidas Energeticas,Media
2026-06-01T22:55:58,scraper_unimarc,Bebida isotónica gatorade frutas tropicales 500 ml,Frutas y Verduras,Frutas,mascota_fuera_de_mascotas,Mascotas,Alimento Gatos,Alta
2026-06-01T22:55:58,scraper_unimarc,Pasta dental pepsodent frutas 90 g,Frutas y Verduras,Frutas,higiene_fuera_de_higiene,Higiene Personal,Cuidado Bucal,Alta
2026-06-01T22:56:07,scraper_unimarc,Pulpa jugo minuto verde mango 335 g,Frutas y Verduras,Frutas,bebida_fuera_de_bebidas,Bebidas,Jugos,Media
2026-06-01T22:56:16,scraper_unimarc,Jugo vivo 100% jugo de fruta de manzana 1 l,Frutas y Verduras,Frutas,bebida_fuera_de_bebidas,Bebidas,Jugos,Media
2026-06-01T22:56:16,scraper_unimarc,Bebida isotónica gatorade frutas tropicales 750 ml,Frutas y Verduras,Frutas,mascota_fuera_de_mascotas,Mascotas,Alimento Gatos,Alta
2026-06-01T22:56:16,scraper_unimarc,Desinfectante frutas y verduras germalip 250 ml,Frutas y Verduras,Frutas,limpieza_fuera_de_limpieza,Limpieza,Limpiadores,Alta
2026-06-01T22:57:06,scraper_unimarc,Zanahoria de jugo bolsa 1 kg,Frutas y Verduras,Verduras,bebida_fuera_de_bebidas,Bebidas,Jugos,Media
2026-06-01T22:57:45,scraper_unimarc,Pulpa jugo minuto verde mango 335 g,Frutas y Verduras,Verduras,bebida_fuera_de_bebidas,Bebidas,Jugos,Media
2026-06-01T22:58:02,scraper_unimarc,Desinfectante frutas y verduras germalip 250 ml,Frutas y Verduras,Verduras,limpieza_fuera_de_limpieza,Limpieza,Limpiadores,Alta
2026-06-01T22:59:13,scraper_unimarc,Alimento perro adulto master dog carne 15 kg,Carnes y Pescados,Carnes,mascota_fuera_de_mascotas,Mascotas,Alimento Perros,Alta
2026-06-01T22:59:13,scraper_unimarc,Alimento perro adulto champion dog carne y pollo 15 kg,Carnes y Pescados,Carnes,mascota_fuera_de_mascotas,Mascotas,Alimento Perros,Alta
2026-06-01T22:59:14,scraper_unimarc,Alimento perro cachorro master dog carne y leche 15 kg,Carnes y Pescados,Carnes,mascota_fuera_de_mascotas,Mascotas,Alimento Perros,Alta
2026-06-01T22:59:22,scraper_unimarc,"Alimento perro adulto pedigree carne, pollo y cereales 15 kg",Carnes y Pescados,Carnes,mascota_fuera_de_mascotas,Mascotas,Alimento Perros,Alta
2026-06-01T22:59:22,scraper_unimarc,Alimento perro adulto dog chow raza mediana y grande carne y pollo 12 kg,Carnes y Pescados,Carnes,mascota_fuera_de_mascotas,Mascotas,Alimento Perros,Alta
2026-06-01T22:59:23,scraper_unimarc,Alimento húmedo perro pedigree razas pequeñas carne sobre 100 g,Carnes y Pescados,Carnes,mascota_fuera_de_mascotas,Mascotas,Alimento Perros,Alta
2026-06-01T22:59:23,scraper_unimarc,Alimento húmedo gato felix sabor carne 85 g,Carnes y Pescados,Carnes,mascota_fuera_de_mascotas,Mascotas,Alimento Gatos,Alta
2026-06-01T22:59:23,scraper_unimarc,Alimento perro adulto dog chow minis y pequeños carne y pollo 3 kg,Carnes y Pescados,Carnes,mascota_fuera_de_mascotas,Mascotas,Alimento Perros,Alta
2026-06-01T22:59:23,scraper_unimarc,Alimento húmedo perro pedigree adulto carne sobre 100 g,Carnes y Pescados,Carnes,mascota_fuera_de_mascotas,Mascotas,Alimento Perros,Alta
2026-06-01T22:59:31,scraper_unimarc,Alimento húmedo gato whiskas carne sobre 85 g,Carnes y Pescados,Carnes,mascota_fuera_de_mascotas,Mascotas,Alimento Gatos,Alta
2026-06-01T22:59:31,scraper_unimarc,Alimento gatitos cat chow carne y leche 1 kg,Carnes y Pescados,Carnes,mascota_fuera_de_mascotas,Mascotas,Alimento Gatos,Alta
2026-06-01T22:59:31,scraper_unimarc,Alimento perro adulto the boss carne y cereales 15 kg,Carnes y Pescados,Carnes,mascota_fuera_de_mascotas,Mascotas,Alimento Perros,Alta
2026-06-01T22:59:32,scraper_unimarc,Alimento húmedo gatitos whiskas carne sobre 85 g,Carnes y Pescados,Carnes,mascota_fuera_de_mascotas,Mascotas,Alimento Perros,Alta
2026-06-01T22:59:32,scraper_unimarc,Alimento húmedo perro pedigree cachorro carne sobre 85 g,Carnes y Pescados,Carnes,mascota_fuera_de_mascotas,Mascotas,Alimento Perros,Alta
2026-06-01T22:59:32,scraper_unimarc,Alimento gato adulto cat chow carne 1 kg,Carnes y Pescados,Carnes,mascota_fuera_de_mascotas,Mascotas,Alimento Gatos,Alta
2026-06-01T22:59:32,scraper_unimarc,Alimento perro adulto sabrokan carne 9 kg,Carnes y Pescados,Carnes,mascota_fuera_de_mascotas,Mascotas,Alimento Perros,Alta
2026-06-01T22:59:32,scraper_unimarc,Alimento húmedo perro champion dog trocitos carne y verdura100g,Carnes y Pescados,Carnes,mascota_fuera_de_mascotas,Mascotas,Alimento Perros,Alta
2026-06-01T22:59:32,scraper_unimarc,Alimento húmedo perro pedigree senior carne sobre 100 g,Carnes y Pescados,Carnes,mascota_fuera_de_mascotas,Mascotas,Alimento Perros,Alta
2026-06-01T22:59:32,scraper_unimarc,Alimento gatos adulto whiskas sabor carne bolsa 8 kg,Carnes y Pescados,Carnes,mascota_fuera_de_mascotas,Mascotas,Alimento Gatos,Alta
2026-06-01T22:59:33,scraper_unimarc,Alimento perro cachorro dog chow razas pequeñas carne y pollo 3 kg,Carnes y Pescados,Carnes,mascota_fuera_de_mascotas,Mascotas,Alimento Perros,Alta
2026-06-01T22:59:33,scraper_unimarc,Alimento perro adulto dog chow medianos y grandes carne y pollo 3 kg,Carnes y Pescados,Carnes,mascota_fuera_de_mascotas,Mascotas,Alimento Perros,Alta
2026-06-01T22:59:48,scraper_unimarc,Alimento húmedo perro masterdog carne 250 g,Carnes y Pescados,Carnes,mascota_fuera_de_mascotas,Mascotas,Alimento Perros,Alta
2026-06-01T22:59:49,scraper_unimarc,Alimento gatitos cat chow carne y leche 3 kg,Carnes y Pescados,Carnes,mascota_fuera_de_mascotas,Mascotas,Alimento Gatos,Alta
2026-06-01T22:59:49,scraper_unimarc,Alimento húmedo perro master dog trocitos de carne 100 g,Carnes y Pescados,Carnes,mascota_fuera_de_mascotas,Mascotas,Alimento Perros,Alta
2026-06-01T22:59:49,scraper_unimarc,Alimento gato adulto champion cat carne 8 kg,Carnes y Pescados,Carnes,mascota_fuera_de_mascotas,Mascotas,Alimento Gatos,Alta
2026-06-01T22:59:50,scraper_unimarc,Alimento perro cachorro dog chow razas medianas y grandes carne y pollo 8 kg,Carnes y Pescados,Carnes,mascota_fuera_de_mascotas,Mascotas,Alimento Perros,Alta
2026-06-01T22:59:58,scraper_unimarc,Snack pedigree rodeo sabor sabor carne 70 g,Carnes y Pescados,Carnes,mascota_fuera_de_mascotas,Mascotas,Alimento Perros,Alta
2026-06-01T22:59:58,scraper_unimarc,Alimento perro adulto pedigree razas pequeñas y minis carne y vegetales 3 kg,Carnes y Pescados,Carnes,mascota_fuera_de_mascotas,Mascotas,Alimento Perros,Alta
2026-06-01T22:59:58,scraper_unimarc,Alimento húmedo gatitos master cat trocitos jugosos carne y leche 85 g,Carnes y Pescados,Carnes,mascota_fuera_de_mascotas,Mascotas,Alimento Gatos,Alta
2026-06-01T22:59:58,scraper_unimarc,Salsa para perros master dog salsa pet carne al jugo 300 g,Carnes y Pescados,Carnes,mascota_fuera_de_mascotas,Mascotas,Alimento Perros,Alta
2026-06-01T22:59:59,scraper_unimarc,Galleta para perros the boss carne 460 g,Carnes y Pescados,Carnes,mascota_fuera_de_mascotas,Mascotas,Alimento Perros,Alta
2026-06-01T22:59:59,scraper_unimarc,Alimento adulto master cat pollo carne y leche 3 kg,Carnes y Pescados,Carnes,mascota_fuera_de_mascotas,Mascotas,Alimento Gatos,Alta
2026-06-01T22:59:59,scraper_unimarc,Alimento húmedo perro dog chow sabor carne 100 g,Carnes y Pescados,Carnes,mascota_fuera_de_mascotas,Mascotas,Alimento Perros,Alta
2026-06-01T22:59:59,scraper_unimarc,Alimento húmedo gato master cat trocitos jugosos carne 85 g,Carnes y Pescados,Carnes,mascota_fuera_de_mascotas,Mascotas,Alimento Gatos,Alta
2026-06-01T23:00:06,scraper_unimarc,Alimento húmedo perro champion dog carne lata 315 g,Carnes y Pescados,Carnes,mascota_fuera_de_mascotas,Mascotas,Alimento Perros,Alta
2026-06-01T23:00:06,scraper_unimarc,"Alimento perro cachorro pedigree carne, pollo y cereales 3 kg",Carnes y Pescados,Carnes,mascota_fuera_de_mascotas,Mascotas,Alimento Perros,Alta
2026-06-01T23:00:06,scraper_unimarc,"Alimento perro adulto pedigree carne, pollo y cereales 3 kg",Carnes y Pescados,Carnes,mascota_fuera_de_mascotas,Mascotas,Alimento Perros,Alta
2026-06-01T23:00:07,scraper_unimarc,Alimento para perro pedigree senior carne y vegetales 3 kg,Carnes y Pescados,Carnes,mascota_fuera_de_mascotas,Mascotas,Alimento Perros,Alta
2026-06-01T23:00:07,scraper_unimarc,Alimento húmedo perro master dog razas pequeñas trocitos carne 100 g,Carnes y Pescados,Carnes,mascota_fuera_de_mascotas,Mascotas,Alimento Perros,Alta
2026-06-01T23:00:07,scraper_unimarc,Alimento perro adulto champion dog razas pequeñas carne y pollo 3 kg,Carnes y Pescados,Carnes,mascota_fuera_de_mascotas,Mascotas,Alimento Perros,Alta
2026-06-01T23:00:07,scraper_unimarc,Alimento gato adulto whiskas sabor carne 3 kg,Carnes y Pescados,Carnes,mascota_fuera_de_mascotas,Mascotas,Alimento Gatos,Alta
2026-06-01T23:00:07,scraper_unimarc,Alimento húmedo gato champion cat carne lata 315 g,Carnes y Pescados,Carnes,mascota_fuera_de_mascotas,Mascotas,Alimento Gatos,Alta
2026-06-01T23:00:07,scraper_unimarc,Snack para gato whiskas sabor carne 80 g,Carnes y Pescados,Carnes,mascota_fuera_de_mascotas,Mascotas,Alimento Gatos,Alta
2026-06-01T23:00:07,scraper_unimarc,Alimento gatitos whiskas carne y leche 3 kg,Carnes y Pescados,Carnes,mascota_fuera_de_mascotas,Mascotas,Alimento Perros,Alta
2026-06-01T23:00:07,scraper_unimarc,Alimento perro adulto champion dog razas medianas/grandes carne y cereal 3 kg,Carnes y Pescados,Carnes,mascota_fuera_de_mascotas,Mascotas,Alimento Perros,Alta
2026-06-01T23:00:07,scraper_unimarc,Alimento perro adulto sabrokan carne 3 kg,Carnes y Pescados,Carnes,mascota_fuera_de_mascotas,Mascotas,Alimento Perros,Alta
2026-06-01T23:00:08,scraper_unimarc,Galleta hueso perro pet food factory sabor carne 460 g,Carnes y Pescados,Carnes,mascota_fuera_de_mascotas,Mascotas,Alimento Perros,Alta
2026-06-01T23:00:08,scraper_unimarc,Alimento gato adulto champion cat carne 3 kg,Carnes y Pescados,Carnes,mascota_fuera_de_mascotas,Mascotas,Alimento Gatos,Alta
2026-06-01T23:00:08,scraper_unimarc,Alimento gatos castrados whiskas sabor mix de carnes bolsa 3 kg,Carnes y Pescados,Carnes,mascota_fuera_de_mascotas,Mascotas,Alimento Gatos,Alta
2026-06-01T23:00:15,scraper_unimarc,Alimento perro adulto champion dog carne y cereales 9 kg,Carnes y Pescados,Carnes,mascota_fuera_de_mascotas,Mascotas,Alimento Perros,Alta
2026-06-01T23:00:15,scraper_unimarc,Alimento húmedo perro purina one adulto y cachorro carne y pollo 85 g,Carnes y Pescados,Carnes,mascota_fuera_de_mascotas,Mascotas,Alimento Perros,Alta
2026-06-01T23:00:15,scraper_unimarc,Alimento perro adulto merkat sabor carne 15 kg,Carnes y Pescados,Carnes,mascota_fuera_de_mascotas,Mascotas,Alimento Perros,Alta
2026-06-01T23:01:49,scraper_unimarc,Sucedáneo jugo de limón nuestra cocina botella 500 ml,Carnes y Pescados,Cecinas,bebida_fuera_de_bebidas,Bebidas,Jugos,Media
2026-06-01T23:02:06,scraper_unimarc,Sucedáneo jugo limón de pica nuestra cocina botella 500 ml,Carnes y Pescados,Cecinas,bebida_fuera_de_bebidas,Bebidas,Jugos,Media
2026-06-01T23:02:07,scraper_unimarc,Vino las encinas sauvignon blanc 750 cc,Carnes y Pescados,Cecinas,bebida_fuera_de_bebidas,Bebidas,Vinos,Media
2026-06-01T23:02:07,scraper_unimarc,Limpiador kh-7 antisarro 750 ml,Carnes y Pescados,Cecinas,limpieza_fuera_de_limpieza,Limpieza,Limpiadores,Alta
2026-06-01T23:02:07,scraper_unimarc,Limpiador en crema cif bioactive limón 750 g,Carnes y Pescados,Cecinas,limpieza_fuera_de_limpieza,Limpieza,Limpiadores,Alta
2026-06-01T23:02:07,scraper_unimarc,Limpiador en crema cif bioactive original 750 g,Carnes y Pescados,Cecinas,limpieza_fuera_de_limpieza,Limpieza,Limpiadores,Alta
2026-06-01T23:02:07,scraper_unimarc,Limpiador crema virutex biodegradable 750 gr,Carnes y Pescados,Cecinas,limpieza_fuera_de_limpieza,Limpieza,Limpiadores,Alta
2026-06-01T23:02:07,scraper_unimarc,Cloro clorinda tradicional 2 l,Carnes y Pescados,Cecinas,limpieza_fuera_de_limpieza,Limpieza,Limpiadores,Alta
2026-06-01T23:02:07,scraper_unimarc,Cloro gel smart clean limón 900 ml,Carnes y Pescados,Cecinas,limpieza_fuera_de_limpieza,Limpieza,Limpiadores,Alta
2026-06-01T23:02:18,scraper_unimarc,Cloro concentrado smart clean 2 kg,Carnes y Pescados,Cecinas,limpieza_fuera_de_limpieza,Limpieza,Limpiadores,Alta
2026-06-01T23:02:18,scraper_unimarc,Limpiador mr. músculo antigrasa naranja doypack 450 ml,Carnes y Pescados,Cecinas,limpieza_fuera_de_limpieza,Limpieza,Limpiadores,Alta
2026-06-01T23:02:18,scraper_unimarc,Limpiador crema smart clean limón 750 g,Carnes y Pescados,Cecinas,limpieza_fuera_de_limpieza,Limpieza,Limpiadores,Alta
2026-06-01T23:02:19,scraper_unimarc,Cloro gel clorox original 900 ml,Carnes y Pescados,Cecinas,limpieza_fuera_de_limpieza,Limpieza,Limpiadores,Alta
2026-06-01T23:02:19,scraper_unimarc,Limpiador cif antigrasa recarga 450 ml,Carnes y Pescados,Cecinas,limpieza_fuera_de_limpieza,Limpieza,Limpiadores,Alta
2026-06-01T23:02:19,scraper_unimarc,Cloro gel smart clean tradicional 900 ml,Carnes y Pescados,Cecinas,limpieza_fuera_de_limpieza,Limpieza,Limpiadores,Alta
2026-06-01T23:02:19,scraper_unimarc,Cloro smart clean concentrado 4 kg,Carnes y Pescados,Cecinas,limpieza_fuera_de_limpieza,Limpieza,Limpiadores,Alta
2026-06-01T23:02:19,scraper_unimarc,Cloro gel cif lavanda máxima higiene 800 ml,Carnes y Pescados,Cecinas,limpieza_fuera_de_limpieza,Limpieza,Limpiadores,Alta
2026-06-01T23:02:19,scraper_unimarc,Cloro gel smart clean lavanda 900 ml,Carnes y Pescados,Cecinas,limpieza_fuera_de_limpieza,Limpieza,Limpiadores,Alta
2026-06-01T23:02:19,scraper_unimarc,Sal lavavajillas sun regeneradora 1 kg,Carnes y Pescados,Cecinas,limpieza_fuera_de_limpieza,Limpieza,Limpiadores,Alta
2026-06-01T23:02:19,scraper_unimarc,Cloro gel clorinda original 900 ml,Carnes y Pescados,Cecinas,limpieza_fuera_de_limpieza,Limpieza,Limpiadores,Alta
2026-06-01T23:02:19,scraper_unimarc,Cloro concentrado smart clean 1 kg,Carnes y Pescados,Cecinas,limpieza_fuera_de_limpieza,Limpieza,Limpiadores,Alta
2026-06-01T23:02:19,scraper_unimarc,Limpiador crema smart clean tradicional 750 g,Carnes y Pescados,Cecinas,limpieza_fuera_de_limpieza,Limpieza,Limpiadores,Alta
2026-06-01T23:02:19,scraper_unimarc,Limpiador antigrasa mr músculo cocina gatillo 500 ml,Carnes y Pescados,Cecinas,limpieza_fuera_de_limpieza,Limpieza,Limpiadores,Alta
2026-06-01T23:02:19,scraper_unimarc,Limpiador de baño smart clean doypack 450 ml,Carnes y Pescados,Cecinas,limpieza_fuera_de_limpieza,Limpieza,Limpiadores,Alta
2026-06-01T23:02:19,scraper_unimarc,Limpiador cif antigrasa dosificador 500 ml,Carnes y Pescados,Cecinas,limpieza_fuera_de_limpieza,Limpieza,Limpiadores,Alta
2026-06-01T23:02:19,scraper_unimarc,Lavavajillas en polvo sun 1kg,Carnes y Pescados,Cecinas,limpieza_fuera_de_limpieza,Limpieza,Limpiadores,Alta
2026-06-01T23:02:19,scraper_unimarc,Gel limpiador inodoro virutex energía floral 250 ml,Carnes y Pescados,Cecinas,limpieza_fuera_de_limpieza,Limpieza,Limpiadores,Alta
2026-06-01T23:02:19,scraper_unimarc,Limpiador antihongos smart clean 500 ml,Carnes y Pescados,Cecinas,limpieza_fuera_de_limpieza,Limpieza,Limpiadores,Alta
2026-06-01T23:02:19,scraper_unimarc,Gel limpiador inodoro virutex energía tropical 250 ml,Carnes y Pescados,Cecinas,limpieza_fuera_de_limpieza,Limpieza,Limpiadores,Alta
2026-06-01T23:02:19,scraper_unimarc,Cloro clorox lavanda 1.9 l,Carnes y Pescados,Cecinas,limpieza_fuera_de_limpieza,Limpieza,Limpiadores,Alta
2026-06-01T23:02:20,scraper_unimarc,Cloro clorox frutos cítricos 1.9 l,Carnes y Pescados,Cecinas,limpieza_fuera_de_limpieza,Limpieza,Limpiadores,Alta
2026-06-01T23:02:20,scraper_unimarc,Limpiador cif baño recarga 450 ml,Carnes y Pescados,Cecinas,limpieza_fuera_de_limpieza,Limpieza,Limpiadores,Alta
2026-06-01T23:02:27,scraper_unimarc,Abrillantador sun progess lavavajillas 500 ml,Carnes y Pescados,Cecinas,limpieza_fuera_de_limpieza,Limpieza,Limpiadores,Alta
2026-06-01T23:02:28,scraper_unimarc,Cloro baja concentración smart clean 1 kg,Carnes y Pescados,Cecinas,limpieza_fuera_de_limpieza,Limpieza,Limpiadores,Alta
2026-06-01T23:02:28,scraper_unimarc,Cloro gel cif tradicional máxima higiene 800 ml,Carnes y Pescados,Cecinas,limpieza_fuera_de_limpieza,Limpieza,Limpiadores,Alta
2026-06-01T23:02:28,scraper_unimarc,Cloro smart clean aroma lavanda 1.9 l,Carnes y Pescados,Cecinas,limpieza_fuera_de_limpieza,Limpieza,Limpiadores,Alta
2026-06-01T23:02:28,scraper_unimarc,Limpiador antigrasa mr músculo extra power limón doypack 450 ml,Carnes y Pescados,Cecinas,limpieza_fuera_de_limpieza,Limpieza,Limpiadores,Alta
2026-06-01T23:02:28,scraper_unimarc,Limpiador cocina mr. músculo extra power limón gatillo 500 ml,Carnes y Pescados,Cecinas,limpieza_fuera_de_limpieza,Limpieza,Limpiadores,Alta
2026-06-01T23:02:28,scraper_unimarc,Limpiador cif baño 500 ml,Carnes y Pescados,Cecinas,limpieza_fuera_de_limpieza,Limpieza,Limpiadores,Alta
2026-06-01T23:02:28,scraper_unimarc,Cloro gel clorox menta 900 ml,Carnes y Pescados,Cecinas,limpieza_fuera_de_limpieza,Limpieza,Limpiadores,Alta
2026-06-01T23:02:28,scraper_unimarc,Limpiador antigrasa mr músculo cocina doypack 900 ml,Carnes y Pescados,Cecinas,limpieza_fuera_de_limpieza,Limpieza,Limpiadores,Alta
2026-06-01T23:02:28,scraper_unimarc,Limpiador baño smart clean gatillo 500 ml,Carnes y Pescados,Cecinas,limpieza_fuera_de_limpieza,Limpieza,Limpiadores,Alta
2026-06-01T23:02:28,scraper_unimarc,Cloro smart clean aroma limón 1.9 l,Carnes y Pescados,Cecinas,limpieza_fuera_de_limpieza,Limpieza,Limpiadores,Alta
2026-06-01T23:02:28,scraper_unimarc,Cloro gel cif limón máxima higiene 800 ml,Carnes y Pescados,Cecinas,limpieza_fuera_de_limpieza,Limpieza,Limpiadores,Alta
2026-06-01T23:02:28,scraper_unimarc,Cloro gel clorox lavanda 900 ml,Carnes y Pescados,Cecinas,limpieza_fuera_de_limpieza,Limpieza,Limpiadores,Alta
2026-06-01T23:02:29,scraper_unimarc,Limpiador gel pato purific para inodoro brisa tropical 500 ml,Carnes y Pescados,Cecinas,limpieza_fuera_de_limpieza,Limpieza,Limpiadores,Alta
2026-06-01T23:02:29,scraper_unimarc,Limpiador anti cal electrodomésticos dr beckmann 250 ml,Carnes y Pescados,Cecinas,limpieza_fuera_de_limpieza,Limpieza,Limpiadores,Alta
2026-06-01T23:02:29,scraper_unimarc,Limpiador gel pato purific activo para inodoro encanto floral 500 ml,Carnes y Pescados,Cecinas,limpieza_fuera_de_limpieza,Limpieza,Limpiadores,Alta
2026-06-01T23:02:37,scraper_unimarc,Cloro gel clorinda menta 900 ml,Carnes y Pescados,Cecinas,limpieza_fuera_de_limpieza,Limpieza,Limpiadores,Alta
2026-06-01T23:02:37,scraper_unimarc,Gel limpiador harpic desinfectante para inodoros max power original 750 ml,Carnes y Pescados,Cecinas,limpieza_fuera_de_limpieza,Limpieza,Limpiadores,Alta
2026-06-01T23:02:37,scraper_unimarc,Limpiador inodoro pastillas pato lavanda 25 gr,Carnes y Pescados,Cecinas,limpieza_fuera_de_limpieza,Limpieza,Limpiadores,Alta
2026-06-01T23:02:37,scraper_unimarc,Cloro líquido igenix tradicional 1 kg,Carnes y Pescados,Cecinas,limpieza_fuera_de_limpieza,Limpieza,Limpiadores,Alta
2026-06-01T23:02:38,scraper_unimarc,Cloro clorinda tradicional 4 l,Carnes y Pescados,Cecinas,limpieza_fuera_de_limpieza,Limpieza,Limpiadores,Alta
2026-06-01T23:02:38,scraper_unimarc,Limpiador inodoro discos activos pato marina aparato 36 ml,Carnes y Pescados,Cecinas,limpieza_fuera_de_limpieza,Limpieza,Limpiadores,Alta
2026-06-01T23:02:38,scraper_unimarc,Rollos de acero virutex mago pads sin jabón 6 un,Carnes y Pescados,Cecinas,higiene_fuera_de_higiene,Higiene Personal,Jabon,Alta
2026-06-01T23:02:38,scraper_unimarc,Cloro clorox tradicional 2 l,Carnes y Pescados,Cecinas,limpieza_fuera_de_limpieza,Limpieza,Limpiadores,Alta
2026-06-01T23:02:38,scraper_unimarc,Cloro gel clorinda flores silvestres 900 ml,Carnes y Pescados,Cecinas,limpieza_fuera_de_limpieza,Limpieza,Limpiadores,Alta
2026-06-01T23:02:38,scraper_unimarc,Cloro clorinda tradicional 1 l,Carnes y Pescados,Cecinas,limpieza_fuera_de_limpieza,Limpieza,Limpiadores,Alta
2026-06-01T23:02:46,scraper_unimarc,Cloro gel clorinda flores silvestres doypack 650 ml,Carnes y Pescados,Cecinas,limpieza_fuera_de_limpieza,Limpieza,Limpiadores,Alta
2026-06-01T23:02:46,scraper_unimarc,Gel limpiador harpic desinfectante para inodoros 750 ml,Carnes y Pescados,Cecinas,limpieza_fuera_de_limpieza,Limpieza,Limpiadores,Alta
2026-06-01T23:02:46,scraper_unimarc,Rollos de acero virutex mago pads sin jabón 12 un,Carnes y Pescados,Cecinas,higiene_fuera_de_higiene,Higiene Personal,Jabon,Alta
2026-06-01T23:02:46,scraper_unimarc,Limpiador desinfectante clorox antihongos gatillo 500 ml,Carnes y Pescados,Cecinas,limpieza_fuera_de_limpieza,Limpieza,Limpiadores,Alta
2026-06-01T23:02:46,scraper_unimarc,Cloro gel clorinda lavanda 900 ml,Carnes y Pescados,Cecinas,limpieza_fuera_de_limpieza,Limpieza,Limpiadores,Alta
2026-06-01T23:02:46,scraper_unimarc,Set 4 copas vino collection dkora 520ml,Carnes y Pescados,Cecinas,bebida_fuera_de_bebidas,Bebidas,Vinos,Media
2026-06-01T23:02:46,scraper_unimarc,Limpiador inodoro discos activos pato marina 36 ml,Carnes y Pescados,Cecinas,limpieza_fuera_de_limpieza,Limpieza,Limpiadores,Alta
2026-06-01T23:02:46,scraper_unimarc,Limpiador desinfectante clorox antihongos doypack 450 ml,Carnes y Pescados,Cecinas,limpieza_fuera_de_limpieza,Limpieza,Limpiadores,Alta
2026-06-01T23:02:47,scraper_unimarc,Limpiador antigrasa smart clean doypack 450 ml,Carnes y Pescados,Cecinas,limpieza_fuera_de_limpieza,Limpieza,Limpiadores,Alta
2026-06-01T23:02:47,scraper_unimarc,Limpiador antigrasa gatillo wyn 750 ml.,Carnes y Pescados,Cecinas,limpieza_fuera_de_limpieza,Limpieza,Limpiadores,Alta
2026-06-01T23:02:47,scraper_unimarc,Limpiador cif antigrasa doy pack 900 ml,Carnes y Pescados,Cecinas,limpieza_fuera_de_limpieza,Limpieza,Limpiadores,Alta
2026-06-01T23:02:55,scraper_unimarc,Cloro gel igenix floral 900 ml,Carnes y Pescados,Cecinas,limpieza_fuera_de_limpieza,Limpieza,Limpiadores,Alta
2026-06-01T23:02:55,scraper_unimarc,Set copas critar vino tinto versalles 6 un,Carnes y Pescados,Cecinas,bebida_fuera_de_bebidas,Bebidas,Vinos,Media
2026-06-01T23:02:55,scraper_unimarc,Cloro clorox tradicional 4 l,Carnes y Pescados,Cecinas,limpieza_fuera_de_limpieza,Limpieza,Limpiadores,Alta
2026-06-01T23:02:55,scraper_unimarc,Limpiador inodoro discos activos pato brisa tropical 38 gr,Carnes y Pescados,Cecinas,limpieza_fuera_de_limpieza,Limpieza,Limpiadores,Alta
2026-06-01T23:02:55,scraper_unimarc,Limpiador inodoro gel removedor sarro pato marina 710 ml,Carnes y Pescados,Cecinas,limpieza_fuera_de_limpieza,Limpieza,Limpiadores,Alta
2026-06-01T23:02:55,scraper_unimarc,Cloro gel igenix eucaliptus 900 ml,Carnes y Pescados,Cecinas,limpieza_fuera_de_limpieza,Limpieza,Limpiadores,Alta
2026-06-01T23:02:55,scraper_unimarc,Cloro gel clorinda original doypack 650 ml,Carnes y Pescados,Cecinas,limpieza_fuera_de_limpieza,Limpieza,Limpiadores,Alta
2026-06-01T23:02:55,scraper_unimarc,Limpiador kh-7 baños 750 ml,Carnes y Pescados,Cecinas,limpieza_fuera_de_limpieza,Limpieza,Limpiadores,Alta
2026-06-01T23:02:55,scraper_unimarc,Cloro gel clorinda lavanda doypack 650 ml,Carnes y Pescados,Cecinas,limpieza_fuera_de_limpieza,Limpieza,Limpiadores,Alta
2026-06-01T23:02:55,scraper_unimarc,Gel limpiador wc smart clean 200 ml,Carnes y Pescados,Cecinas,limpieza_fuera_de_limpieza,Limpieza,Limpiadores,Alta
2026-06-01T23:02:55,scraper_unimarc,Cloro clorox no salpica tradicional 1.9 kg,Carnes y Pescados,Cecinas,limpieza_fuera_de_limpieza,Limpieza,Limpiadores,Alta
2026-06-01T23:02:56,scraper_unimarc,Limpiador cif baño recarga 900 ml,Carnes y Pescados,Cecinas,limpieza_fuera_de_limpieza,Limpieza,Limpiadores,Alta
2026-06-01T23:03:04,scraper_unimarc,Cloro clorox lavanda 950 g,Carnes y Pescados,Cecinas,limpieza_fuera_de_limpieza,Limpieza,Limpiadores,Alta
2026-06-01T23:03:04,scraper_unimarc,Limpiador desinfectante clorox antihongos doypack 900 ml,Carnes y Pescados,Cecinas,limpieza_fuera_de_limpieza,Limpieza,Limpiadores,Alta
2026-06-01T23:03:04,scraper_unimarc,Lavavajillas cascade complete citrus botella 2.12 kg,Carnes y Pescados,Cecinas,limpieza_fuera_de_limpieza,Limpieza,Limpiadores,Alta
2026-06-01T23:03:04,scraper_unimarc,Cloro clorox tradicional 1 l,Carnes y Pescados,Cecinas,limpieza_fuera_de_limpieza,Limpieza,Limpiadores,Alta
2026-06-01T23:03:04,scraper_unimarc,Gel limpiador wc smart clean 750 ml,Carnes y Pescados,Cecinas,limpieza_fuera_de_limpieza,Limpieza,Limpiadores,Alta
2026-06-01T23:03:04,scraper_unimarc,Set vasos vino dkora 6 un de 170 ml,Carnes y Pescados,Cecinas,bebida_fuera_de_bebidas,Bebidas,Vinos,Media
2026-06-01T23:03:04,scraper_unimarc,Cloro gel igenix lavanda 900 ml,Carnes y Pescados,Cecinas,limpieza_fuera_de_limpieza,Limpieza,Limpiadores,Alta
2026-06-01T23:03:04,scraper_unimarc,Cloro gel cif tradicional máxima higiene 1.3 ml,Carnes y Pescados,Cecinas,limpieza_fuera_de_limpieza,Limpieza,Limpiadores,Alta
2026-06-01T23:03:12,scraper_unimarc,Abrillantador finish para lavavajillas 400 ml,Carnes y Pescados,Cecinas,limpieza_fuera_de_limpieza,Limpieza,Limpiadores,Alta
2026-06-01T23:03:12,scraper_unimarc,Limpiador antigrasa smart clean gatillo 500 ml,Carnes y Pescados,Cecinas,limpieza_fuera_de_limpieza,Limpieza,Limpiadores,Alta
2026-06-01T23:03:12,scraper_unimarc,Desodorante inodoro arom lavanda 40 g,Carnes y Pescados,Cecinas,higiene_fuera_de_higiene,Higiene Personal,Desodorantes,Alta
2026-06-01T23:03:12,scraper_unimarc,Cloro clorox frutos cítricos 950 g,Carnes y Pescados,Cecinas,limpieza_fuera_de_limpieza,Limpieza,Limpiadores,Alta
2026-06-01T23:03:13,scraper_unimarc,Cloro clorox no salpica tradicional 950 g,Carnes y Pescados,Cecinas,limpieza_fuera_de_limpieza,Limpieza,Limpiadores,Alta
2026-06-01T23:03:13,scraper_unimarc,Set 6 copas vino rioja cristar,Carnes y Pescados,Cecinas,bebida_fuera_de_bebidas,Bebidas,Vinos,Media
2026-06-01T23:03:13,scraper_unimarc,Cloro gel clorox regular 1.5 l,Carnes y Pescados,Cecinas,limpieza_fuera_de_limpieza,Limpieza,Limpiadores,Alta
2026-06-01T23:03:21,scraper_unimarc,Limpiador de baño smart clean doypack 900 ml,Carnes y Pescados,Cecinas,limpieza_fuera_de_limpieza,Limpieza,Limpiadores,Alta
2026-06-01T23:03:21,scraper_unimarc,Limpiador inodoro discos adhesivos pato purific encanto floral repuesto 6 un,Carnes y Pescados,Cecinas,limpieza_fuera_de_limpieza,Limpieza,Limpiadores,Alta
2026-06-01T23:03:21,scraper_unimarc,Cloro smart clean aroma limón 950 ml,Carnes y Pescados,Cecinas,limpieza_fuera_de_limpieza,Limpieza,Limpiadores,Alta
2026-06-01T23:03:21,scraper_unimarc,Cloro smart clean aroma lavanda 950 ml,Carnes y Pescados,Cecinas,limpieza_fuera_de_limpieza,Limpieza,Limpiadores,Alta
2026-06-01T23:03:21,scraper_unimarc,Cloro clorinda lavanda 950 ml,Carnes y Pescados,Cecinas,limpieza_fuera_de_limpieza,Limpieza,Limpiadores,Alta
2026-06-01T23:03:22,scraper_unimarc,Cloro clorinda lavanda 1.9 l,Carnes y Pescados,Cecinas,limpieza_fuera_de_limpieza,Limpieza,Limpiadores,Alta
2026-06-01T23:03:22,scraper_unimarc,Cloro clorinda limón 1.9 l,Carnes y Pescados,Cecinas,limpieza_fuera_de_limpieza,Limpieza,Limpiadores,Alta
2026-06-01T23:03:22,scraper_unimarc,Cloro gel cif limón máxima higiene 1.3 l,Carnes y Pescados,Cecinas,limpieza_fuera_de_limpieza,Limpieza,Limpiadores,Alta
2026-06-01T23:03:22,scraper_unimarc,Desodorante inodoro arom lavanda 3 un de 40 g,Carnes y Pescados,Cecinas,higiene_fuera_de_higiene,Higiene Personal,Desodorantes,Alta
2026-06-01T23:03:33,scraper_unimarc,Cloro clorinda limón 950 ml,Carnes y Pescados,Cecinas,limpieza_fuera_de_limpieza,Limpieza,Limpiadores,Alta
2026-06-01T23:03:33,scraper_unimarc,Cloro gel clorox lavanda 1.5 l,Carnes y Pescados,Cecinas,limpieza_fuera_de_limpieza,Limpieza,Limpiadores,Alta
2026-06-01T23:03:33,scraper_unimarc,Cloro gel clorox cítrica 900 ml,Carnes y Pescados,Cecinas,limpieza_fuera_de_limpieza,Limpieza,Limpiadores,Alta
2026-06-01T23:03:33,scraper_unimarc,Cloro gel clorinda lavanda 1.5 l,Carnes y Pescados,Cecinas,limpieza_fuera_de_limpieza,Limpieza,Limpiadores,Alta
2026-06-01T23:03:34,scraper_unimarc,Cloro gel clorox menta 1.5 l,Carnes y Pescados,Cecinas,limpieza_fuera_de_limpieza,Limpieza,Limpiadores,Alta
2026-06-01T23:03:41,scraper_unimarc,Bebida de coco coco lópez 400 g,Carnes y Pescados,Cecinas,bebida_fuera_de_bebidas,Bebidas,Bebidas,Media
2026-06-01T23:04:45,scraper_unimarc,Alimento húmedo gato felix pescado blanco 85 g,Carnes y Pescados,Pescados,mascota_fuera_de_mascotas,Mascotas,Alimento Gatos,Alta
2026-06-01T23:04:45,scraper_unimarc,Alimento húmedo gato champion cat pescado lata 315 g,Carnes y Pescados,Pescados,mascota_fuera_de_mascotas,Mascotas,Alimento Gatos,Alta
2026-06-01T23:04:45,scraper_unimarc,Alimento gato adulto whiskas sabor pescado 1 kg,Carnes y Pescados,Pescados,mascota_fuera_de_mascotas,Mascotas,Alimento Gatos,Alta
2026-06-01T23:04:45,scraper_unimarc,Alimento gato adulto champion cat pescado 1 kg,Carnes y Pescados,Pescados,mascota_fuera_de_mascotas,Mascotas,Alimento Gatos,Alta
2026-06-01T23:04:45,scraper_unimarc,Alimento gato adulto champion cat hogareño pescado y pollo 1 kg,Carnes y Pescados,Pescados,mascota_fuera_de_mascotas,Mascotas,Alimento Gatos,Alta
2026-06-01T23:04:45,scraper_unimarc,Alimento gato adulto champion cat pescado 3 kg,Carnes y Pescados,Pescados,mascota_fuera_de_mascotas,Mascotas,Alimento Gatos,Alta
2026-06-01T23:04:45,scraper_unimarc,Alimento gato adulto whiskas sabor pescado 3 kg,Carnes y Pescados,Pescados,mascota_fuera_de_mascotas,Mascotas,Alimento Gatos,Alta
2026-06-01T23:05:08,scraper_unimarc,Pack cerveza corona extra botella 12 un de 330 cc,Carnes y Pescados,Mariscos,bebida_fuera_de_bebidas,Bebidas,Cervezas,Media
2026-06-01T23:05:08,scraper_unimarc,Pack cerveza royal guard lata 24 un de 350 cc,Carnes y Pescados,Mariscos,bebida_fuera_de_bebidas,Bebidas,Cervezas,Media
2026-06-01T23:05:08,scraper_unimarc,Pack cerveza budweiser lata 24 un de 354 cc,Carnes y Pescados,Mariscos,bebida_fuera_de_bebidas,Bebidas,Cervezas,Media
2026-06-01T23:05:08,scraper_unimarc,Cerveza cristal botella 24 un de 355 cc,Carnes y Pescados,Mariscos,bebida_fuera_de_bebidas,Bebidas,Cervezas,Media
2026-06-01T23:05:09,scraper_unimarc,Pack cerveza becker lata 24 un de 354 cc,Carnes y Pescados,Mariscos,bebida_fuera_de_bebidas,Bebidas,Cervezas,Media
2026-06-01T23:05:09,scraper_unimarc,Cerveza stones maracuyá lata 6 un de 350 cc,Carnes y Pescados,Mariscos,bebida_fuera_de_bebidas,Bebidas,Cervezas,Media
2026-06-01T23:05:09,scraper_unimarc,Pack cerveza sol botella 12 un de 330 cc,Carnes y Pescados,Mariscos,bebida_fuera_de_bebidas,Bebidas,Cervezas,Media
2026-06-01T23:05:17,scraper_unimarc,Pack cerveza stella artois botella 6 un de 330 cc,Carnes y Pescados,Mariscos,bebida_fuera_de_bebidas,Bebidas,Cervezas,Media
2026-06-01T23:05:17,scraper_unimarc,Vino mahuida gran reserva carmenere 750 cc,Carnes y Pescados,Mariscos,bebida_fuera_de_bebidas,Bebidas,Vinos,Media
2026-06-01T23:05:17,scraper_unimarc,Pack cerveza coors original botella 6 un de 355 cc,Carnes y Pescados,Mariscos,bebida_fuera_de_bebidas,Bebidas,Cervezas,Media
2026-06-01T23:05:17,scraper_unimarc,Agua mineral con gas manantial 3l,Carnes y Pescados,Mariscos,bebida_fuera_de_bebidas,Bebidas,Aguas,Media
2026-06-01T23:05:17,scraper_unimarc,Bebida láctea nido buen día semidescremada bolsa 700 g,Carnes y Pescados,Mariscos,bebida_fuera_de_bebidas,Bebidas,Bebidas,Media
2026-06-01T23:05:17,scraper_unimarc,Agua saborizada más citrus 1.6 l,Carnes y Pescados,Mariscos,bebida_fuera_de_bebidas,Bebidas,Aguas,Media
2026-06-01T23:05:17,scraper_unimarc,Cerveza stones berries lata 6 un de 350 ml,Carnes y Pescados,Mariscos,bebida_fuera_de_bebidas,Bebidas,Cervezas,Media
2026-06-01T23:05:17,scraper_unimarc,Pack cerveza heineken lata 12 un de 355 cc,Carnes y Pescados,Mariscos,bebida_fuera_de_bebidas,Bebidas,Cervezas,Media
2026-06-01T23:05:26,scraper_unimarc,Pack néctar andina del valle naranja 6 un de 200 ml,Carnes y Pescados,Mariscos,bebida_fuera_de_bebidas,Bebidas,Jugos,Media
2026-06-01T23:05:26,scraper_unimarc,Agua saborizada más manzana 1.6 l,Carnes y Pescados,Mariscos,bebida_fuera_de_bebidas,Bebidas,Aguas,Media
2026-06-01T23:05:26,scraper_unimarc,Vino vientos del sur carmenere botella 750 cc,Carnes y Pescados,Mariscos,bebida_fuera_de_bebidas,Bebidas,Vinos,Media
2026-06-01T23:05:26,scraper_unimarc,Pack bebida láctea chamyto nestlé frutilla 18 un de 80 ml,Carnes y Pescados,Mariscos,bebida_fuera_de_bebidas,Bebidas,Bebidas,Media
2026-06-01T23:05:26,scraper_unimarc,Pack cerveza lemon stones lata 6 un de 350 cc,Carnes y Pescados,Mariscos,bebida_fuera_de_bebidas,Bebidas,Cervezas,Media
2026-06-01T23:05:26,scraper_unimarc,Agua saborizada más pera 1.6 l,Carnes y Pescados,Mariscos,bebida_fuera_de_bebidas,Bebidas,Aguas,Media
2026-06-01T23:05:26,scraper_unimarc,Zanahoria de jugo bolsa 1 kg,Carnes y Pescados,Mariscos,bebida_fuera_de_bebidas,Bebidas,Jugos,Media
2026-06-01T23:05:26,scraper_unimarc,Pack cerveza budweiser botella 6 un de 330 cc,Carnes y Pescados,Mariscos,bebida_fuera_de_bebidas,Bebidas,Cervezas,Media
2026-06-01T23:05:26,scraper_unimarc,Agua saborizada más granada 1.6 l,Carnes y Pescados,Mariscos,bebida_fuera_de_bebidas,Bebidas,Aguas,Media
2026-06-01T23:05:27,scraper_unimarc,Pack néctar andina del valle manzana 6 un de 200 ml,Carnes y Pescados,Mariscos,bebida_fuera_de_bebidas,Bebidas,Jugos,Media
2026-06-01T23:05:27,scraper_unimarc,Néctar watt's light naranja boca ancha 1.5 l,Carnes y Pescados,Mariscos,bebida_fuera_de_bebidas,Bebidas,Jugos,Media
2026-06-01T23:05:34,scraper_unimarc,Pack néctar andina del valle durazno 6 un de 200 ml,Carnes y Pescados,Mariscos,bebida_fuera_de_bebidas,Bebidas,Jugos,Media
2026-06-01T23:05:34,scraper_unimarc,Pack cerveza stella artois botella 24 un de 330 cc,Carnes y Pescados,Mariscos,bebida_fuera_de_bebidas,Bebidas,Cervezas,Media
2026-06-01T23:05:35,scraper_unimarc,Vino diablo dark red ensamblaje botella 750 cc,Carnes y Pescados,Mariscos,bebida_fuera_de_bebidas,Bebidas,Vinos,Media
2026-06-01T23:05:35,scraper_unimarc,Néctar watt's durazno boca ancha 1.5 l,Carnes y Pescados,Mariscos,bebida_fuera_de_bebidas,Bebidas,Jugos,Media
2026-06-01T23:05:35,scraper_unimarc,Pack néctar andina del valle piña 6 un de 200 ml,Carnes y Pescados,Mariscos,bebida_fuera_de_bebidas,Bebidas,Jugos,Media
2026-06-01T23:05:35,scraper_unimarc,Vino vientos del sur carmenere gran reserva 750 ml,Carnes y Pescados,Mariscos,bebida_fuera_de_bebidas,Bebidas,Vinos,Media
2026-06-01T23:05:35,scraper_unimarc,Pack cerveza quilmes clásica botella 24 un de 300 cc,Carnes y Pescados,Mariscos,bebida_fuera_de_bebidas,Bebidas,Cervezas,Media
2026-06-01T23:05:36,scraper_unimarc,Gatolate evercrisp sabor chocolate 200 g,Carnes y Pescados,Mariscos,mascota_fuera_de_mascotas,Mascotas,Alimento Gatos,Alta
2026-06-01T23:05:43,scraper_unimarc,Cerveza stones mango lata 6 un de 350 ml,Carnes y Pescados,Mariscos,bebida_fuera_de_bebidas,Bebidas,Cervezas,Media
2026-06-01T23:05:43,scraper_unimarc,Galletas mckay vino 155 g,Carnes y Pescados,Mariscos,bebida_fuera_de_bebidas,Bebidas,Vinos,Media
2026-06-01T23:05:43,scraper_unimarc,Vino vientos del sur cabernet sauvignon botella 750 cc,Carnes y Pescados,Mariscos,bebida_fuera_de_bebidas,Bebidas,Vinos,Media
2026-06-01T23:05:44,scraper_unimarc,Pack cerveza budweiser lata 6 un de 473 cc,Carnes y Pescados,Mariscos,bebida_fuera_de_bebidas,Bebidas,Cervezas,Media
2026-06-01T23:05:44,scraper_unimarc,Agua purificada benedictino con gas botella 1.5 l,Carnes y Pescados,Mariscos,bebida_fuera_de_bebidas,Bebidas,Aguas,Media
2026-06-01T23:05:44,scraper_unimarc,Vino mahuida gran reserva cabernet sauvignon 750 cc,Carnes y Pescados,Mariscos,bebida_fuera_de_bebidas,Bebidas,Vinos,Media
2026-06-01T23:05:54,scraper_unimarc,Agua mineral vital con gas botella 1.6 l,Carnes y Pescados,Mariscos,bebida_fuera_de_bebidas,Bebidas,Aguas,Media
2026-06-01T23:05:54,scraper_unimarc,Agua saborizada más mango y maracuyá 1.6 l,Carnes y Pescados,Mariscos,bebida_fuera_de_bebidas,Bebidas,Aguas,Media
2026-06-01T23:05:55,scraper_unimarc,Vino casa silva colección carmenere 750 cc,Carnes y Pescados,Mariscos,bebida_fuera_de_bebidas,Bebidas,Vinos,Media
2026-06-01T23:05:55,scraper_unimarc,Vino indómita gran reserva carmenere 750 cc,Carnes y Pescados,Mariscos,bebida_fuera_de_bebidas,Bebidas,Vinos,Media
2026-06-01T23:05:55,scraper_unimarc,Vino palo alto reserva merlot botella 750 cc,Carnes y Pescados,Mariscos,bebida_fuera_de_bebidas,Bebidas,Vinos,Media
2026-06-01T23:05:55,scraper_unimarc,Agua saborizada más piña 1.6 l,Carnes y Pescados,Mariscos,bebida_fuera_de_bebidas,Bebidas,Aguas,Media
2026-06-01T23:05:55,scraper_unimarc,Pack néctar andina del valle multi frutilla 6 un de 200 ml,Carnes y Pescados,Mariscos,bebida_fuera_de_bebidas,Bebidas,Jugos,Media
2026-06-01T23:05:55,scraper_unimarc,Pasta rigatoni carozzi 400 g,Carnes y Pescados,Mariscos,mascota_fuera_de_mascotas,Mascotas,Alimento Gatos,Alta
2026-06-01T23:05:55,scraper_unimarc,Cerveza kunstmann valdivia pale lager lata 470 cc,Carnes y Pescados,Mariscos,bebida_fuera_de_bebidas,Bebidas,Cervezas,Media
2026-06-01T23:05:55,scraper_unimarc,Vino aromo reserva privada cabernet sauvignon 750 cc,Carnes y Pescados,Mariscos,bebida_fuera_de_bebidas,Bebidas,Vinos,Media
2026-06-01T23:06:03,scraper_unimarc,Cerveza sabor sandía stones 350ml,Carnes y Pescados,Mariscos,bebida_fuera_de_bebidas,Bebidas,Cervezas,Media
2026-06-01T23:06:03,scraper_unimarc,Pack helado danky mini nogatonga 5 un de 80 ml,Carnes y Pescados,Mariscos,mascota_fuera_de_mascotas,Mascotas,Alimento Gatos,Alta
2026-06-01T23:06:03,scraper_unimarc,Agua saborizada más con gas sabor limonada frambuesa 1.6 l,Carnes y Pescados,Mariscos,bebida_fuera_de_bebidas,Bebidas,Aguas,Media
2026-06-01T23:06:03,scraper_unimarc,Vino oveja negra reserva ensamblaje 750 cc,Carnes y Pescados,Mariscos,bebida_fuera_de_bebidas,Bebidas,Vinos,Media
2026-06-01T23:06:03,scraper_unimarc,Vino casa silva colección cabernet sauvignon 750 cc,Carnes y Pescados,Mariscos,bebida_fuera_de_bebidas,Bebidas,Vinos,Media
2026-06-01T23:06:03,scraper_unimarc,Néctar watt's light piña 1.5 l,Carnes y Pescados,Mariscos,bebida_fuera_de_bebidas,Bebidas,Jugos,Media
2026-06-01T23:06:03,scraper_unimarc,Néctar watt's piña boca ancha 1.5 l,Carnes y Pescados,Mariscos,bebida_fuera_de_bebidas,Bebidas,Jugos,Media
2026-06-01T23:06:03,scraper_unimarc,Agua saborizada más uva 1.6 l,Carnes y Pescados,Mariscos,bebida_fuera_de_bebidas,Bebidas,Aguas,Media
2026-06-01T23:06:04,scraper_unimarc,Vino aromo reserva carmenere botella 750 cc,Carnes y Pescados,Mariscos,bebida_fuera_de_bebidas,Bebidas,Vinos,Media
2026-06-01T23:06:04,scraper_unimarc,Vino palo alto reserva cabernet sauvignon franc y shiraz 750 cc,Carnes y Pescados,Mariscos,bebida_fuera_de_bebidas,Bebidas,Vinos,Media
2026-06-01T23:06:04,scraper_unimarc,Vino las casas de vaquería lago sur gran reserva carmenere 750 cc,Carnes y Pescados,Mariscos,bebida_fuera_de_bebidas,Bebidas,Vinos,Media
2026-06-01T23:06:04,scraper_unimarc,Vino casa silva colección chardonnay 750 cc,Carnes y Pescados,Mariscos,bebida_fuera_de_bebidas,Bebidas,Vinos,Media
2026-06-01T23:06:04,scraper_unimarc,Vino vientos del sur cabernet sauvignon gran reserva 750 ml,Carnes y Pescados,Mariscos,bebida_fuera_de_bebidas,Bebidas,Vinos,Media
2026-06-01T23:06:04,scraper_unimarc,Vino casa donoso private collection carmenere 750 cc,Carnes y Pescados,Mariscos,bebida_fuera_de_bebidas,Bebidas,Vinos,Media
2026-06-01T23:06:04,scraper_unimarc,Vino vientos del sur rosé 750 ml,Carnes y Pescados,Mariscos,bebida_fuera_de_bebidas,Bebidas,Vinos,Media
2026-06-01T23:06:04,scraper_unimarc,Vino indómita gran reserva carignan 750 cc,Carnes y Pescados,Mariscos,bebida_fuera_de_bebidas,Bebidas,Vinos,Media
2026-06-01T23:06:12,scraper_unimarc,Vino oveja negra carmenere-cabernet franc 750 cc,Carnes y Pescados,Mariscos,bebida_fuera_de_bebidas,Bebidas,Vinos,Media
2026-06-01T23:06:12,scraper_unimarc,Néctar watt's tutti frutilla boca ancha 1.5 l,Carnes y Pescados,Mariscos,bebida_fuera_de_bebidas,Bebidas,Jugos,Media
2026-06-01T23:06:12,scraper_unimarc,Agua mineral cachantun strong con gas 1.6 l,Carnes y Pescados,Mariscos,bebida_fuera_de_bebidas,Bebidas,Aguas,Media
2026-06-01T23:06:12,scraper_unimarc,Néctar watt's naranja boca ancha 1.5 l,Carnes y Pescados,Mariscos,bebida_fuera_de_bebidas,Bebidas,Jugos,Media
2026-06-01T23:06:12,scraper_unimarc,Vino indómita gran reserva cabernet sauvignon 750 cc,Carnes y Pescados,Mariscos,bebida_fuera_de_bebidas,Bebidas,Vinos,Media
2026-06-01T23:06:13,scraper_unimarc,Cerveza patagonia austral hoppy lager lata 470 cc,Carnes y Pescados,Mariscos,bebida_fuera_de_bebidas,Bebidas,Cervezas,Media
2026-06-01T23:06:13,scraper_unimarc,Vino las casas de vaquería lago sur gran reserva cabernet sauvignon 750 cc,Carnes y Pescados,Mariscos,bebida_fuera_de_bebidas,Bebidas,Vinos,Media
2026-06-01T23:06:13,scraper_unimarc,Jugo en polvo vivo berries rinde 1 l,Carnes y Pescados,Mariscos,bebida_fuera_de_bebidas,Bebidas,Jugos,Media
2026-06-01T23:06:13,scraper_unimarc,Vino casa donoso private collection cabernet sauvignon 750 cc,Carnes y Pescados,Mariscos,bebida_fuera_de_bebidas,Bebidas,Vinos,Media
2026-06-01T23:06:13,scraper_unimarc,Agua purificada benedictino sin gas bidón 6.5 l,Carnes y Pescados,Mariscos,bebida_fuera_de_bebidas,Bebidas,Aguas,Media
2026-06-01T23:06:13,scraper_unimarc,Cerveza austral patagonia lager lata 470 cc,Carnes y Pescados,Mariscos,bebida_fuera_de_bebidas,Bebidas,Cervezas,Media
2026-06-01T23:06:13,scraper_unimarc,Vino las casas de vaquería gran reserva sauvignon blanc 750 cc,Carnes y Pescados,Mariscos,bebida_fuera_de_bebidas,Bebidas,Vinos,Media
2026-06-01T23:06:21,scraper_unimarc,Vino vientos del sur chardonnay gran reserva 750 ml,Carnes y Pescados,Mariscos,bebida_fuera_de_bebidas,Bebidas,Vinos,Media
2026-06-01T23:06:21,scraper_unimarc,Agua saborizada benedictino sin gas manzana botella 1.5 l,Carnes y Pescados,Mariscos,bebida_fuera_de_bebidas,Bebidas,Aguas,Media
2026-06-01T23:06:21,scraper_unimarc,Pack bebida láctea chamyto nestlé frutilla 12 un de 80 ml,Carnes y Pescados,Mariscos,bebida_fuera_de_bebidas,Bebidas,Bebidas,Media
2026-06-01T23:06:22,scraper_unimarc,Néctar watt's tutti arándano botella 1.5 l,Carnes y Pescados,Mariscos,bebida_fuera_de_bebidas,Bebidas,Jugos,Media
2026-06-01T23:06:22,scraper_unimarc,Vino casa donoso terroir carmenere 750 cc,Carnes y Pescados,Mariscos,bebida_fuera_de_bebidas,Bebidas,Vinos,Media
2026-06-01T23:06:22,scraper_unimarc,Vino casa silva colección syrah 750 cc,Carnes y Pescados,Mariscos,bebida_fuera_de_bebidas,Bebidas,Vinos,Media
2026-06-01T23:06:22,scraper_unimarc,Néctar watt's light durazno boca ancha 1.5 l,Carnes y Pescados,Mariscos,bebida_fuera_de_bebidas,Bebidas,Jugos,Media
2026-06-01T23:06:22,scraper_unimarc,Vino vientos del sur sauvignon blanc 750 ml,Carnes y Pescados,Mariscos,bebida_fuera_de_bebidas,Bebidas,Vinos,Media
2026-06-01T23:06:22,scraper_unimarc,Vino vientos del sur sauvignon blanc reserva 750 ml,Carnes y Pescados,Mariscos,bebida_fuera_de_bebidas,Bebidas,Vinos,Media
2026-06-01T23:06:22,scraper_unimarc,Vino vientos del sur carmenere reserva 750 ml,Carnes y Pescados,Mariscos,bebida_fuera_de_bebidas,Bebidas,Vinos,Media
2026-06-01T23:06:22,scraper_unimarc,Agua saborizada benedictino sin gas pomelo menta botella 1.5 l,Carnes y Pescados,Mariscos,bebida_fuera_de_bebidas,Bebidas,Aguas,Media
2026-06-01T23:06:22,scraper_unimarc,Saborizante para leche milo bolsa 300 g,Carnes y Pescados,Mariscos,bebida_fuera_de_bebidas,Bebidas,Bebidas,Media
2026-06-01T23:06:22,scraper_unimarc,Vino vientos del sur rosé reserva 750 ml,Carnes y Pescados,Mariscos,bebida_fuera_de_bebidas,Bebidas,Vinos,Media
2026-06-01T23:06:22,scraper_unimarc,Vino vientos del sur cabernet sauvignon reserva 750 ml,Carnes y Pescados,Mariscos,bebida_fuera_de_bebidas,Bebidas,Vinos,Media
2026-06-01T23:06:22,scraper_unimarc,Vino casa donoso terroir merlot 750 cc,Carnes y Pescados,Mariscos,bebida_fuera_de_bebidas,Bebidas,Vinos,Media
2026-06-01T23:06:23,scraper_unimarc,Agua mineral sin gas manantial 3l,Carnes y Pescados,Mariscos,bebida_fuera_de_bebidas,Bebidas,Aguas,Media
2026-06-01T23:06:23,scraper_unimarc,Vino caliterra reserva carmenere reserva 750 cc,Carnes y Pescados,Mariscos,bebida_fuera_de_bebidas,Bebidas,Vinos,Media
2026-06-01T23:06:30,scraper_unimarc,Vino chungará gran reserva merlot 750 cc,Carnes y Pescados,Mariscos,bebida_fuera_de_bebidas,Bebidas,Vinos,Media
2026-06-01T23:06:30,scraper_unimarc,Vino sol de chile reserva carmenere 750 cc,Carnes y Pescados,Mariscos,bebida_fuera_de_bebidas,Bebidas,Vinos,Media
2026-06-01T23:06:30,scraper_unimarc,Agua saborizada benedictino sin gas pera botella 1.5 l,Carnes y Pescados,Mariscos,bebida_fuera_de_bebidas,Bebidas,Aguas,Media
2026-06-01T23:06:30,scraper_unimarc,Vino idolatría sangría botella 750 cc,Carnes y Pescados,Mariscos,bebida_fuera_de_bebidas,Bebidas,Vinos,Media
2026-06-01T23:06:30,scraper_unimarc,Vino vientos del sur sauvignon blanc gran reserva 750 ml,Carnes y Pescados,Mariscos,bebida_fuera_de_bebidas,Bebidas,Vinos,Media
2026-06-01T23:06:30,scraper_unimarc,Vino san vicente reserva tatio carmenere 750 cc,Carnes y Pescados,Mariscos,bebida_fuera_de_bebidas,Bebidas,Vinos,Media
2026-06-01T23:06:31,scraper_unimarc,Saborizante para leche milo activ-go bolsa 1 kg,Carnes y Pescados,Mariscos,bebida_fuera_de_bebidas,Bebidas,Bebidas,Media
2026-06-01T23:06:31,scraper_unimarc,Vino chungará gran reserva chardonnay 750 cc,Carnes y Pescados,Mariscos,bebida_fuera_de_bebidas,Bebidas,Vinos,Media
2026-06-01T23:06:31,scraper_unimarc,Vino las casas de vaqueria reserva merlot 750 cc,Carnes y Pescados,Mariscos,bebida_fuera_de_bebidas,Bebidas,Vinos,Media
2026-06-01T23:06:31,scraper_unimarc,Vino santa helena reserva merlot 750 cc,Carnes y Pescados,Mariscos,bebida_fuera_de_bebidas,Bebidas,Vinos,Media
2026-06-01T23:06:31,scraper_unimarc,Vino oveja negra cabernet sauvignon-syrah 750 cc,Carnes y Pescados,Mariscos,bebida_fuera_de_bebidas,Bebidas,Vinos,Media
2026-06-01T23:06:31,scraper_unimarc,Jugo en polvo zuko naranja plátano rinde 1 l,Carnes y Pescados,Mariscos,bebida_fuera_de_bebidas,Bebidas,Jugos,Media
2026-06-01T23:06:31,scraper_unimarc,Vino chungará gran reserva carmenere 750 cc,Carnes y Pescados,Mariscos,bebida_fuera_de_bebidas,Bebidas,Vinos,Media
2026-06-01T23:06:31,scraper_unimarc,Cerveza patagonia austral red lager lata 470 cc,Carnes y Pescados,Mariscos,bebida_fuera_de_bebidas,Bebidas,Cervezas,Media
2026-06-01T23:06:31,scraper_unimarc,Cereal milo sabor chocolate 700 g,Carnes y Pescados,Mariscos,bebida_fuera_de_bebidas,Bebidas,Bebidas,Media
2026-06-01T23:06:31,scraper_unimarc,Vino santa helena cabernet sauvignon 750 cc,Carnes y Pescados,Mariscos,bebida_fuera_de_bebidas,Bebidas,Vinos,Media
2026-06-01T23:06:31,scraper_unimarc,Vino caliterra reserva cabernet sauvignon 750 cc,Carnes y Pescados,Mariscos,bebida_fuera_de_bebidas,Bebidas,Vinos,Media
2026-06-01T23:06:32,scraper_unimarc,Vino santa helena reserva carmenere 750 cc,Carnes y Pescados,Mariscos,bebida_fuera_de_bebidas,Bebidas,Vinos,Media
2026-06-01T23:06:32,scraper_unimarc,Vino chungará gran reserva cabernet sauvignon 750 cc,Carnes y Pescados,Mariscos,bebida_fuera_de_bebidas,Bebidas,Vinos,Media
2026-06-01T23:06:39,scraper_unimarc,Vino san vicente reserva tatio merlot 750 cc,Carnes y Pescados,Mariscos,bebida_fuera_de_bebidas,Bebidas,Vinos,Media
2026-06-01T23:06:39,scraper_unimarc,Vino chungará gran reserva sauvignon blanc 750 cc,Carnes y Pescados,Mariscos,bebida_fuera_de_bebidas,Bebidas,Vinos,Media
2026-06-01T23:06:39,scraper_unimarc,Vino san vicente reserva tatio cabernet sauvignon 750 cc,Carnes y Pescados,Mariscos,bebida_fuera_de_bebidas,Bebidas,Vinos,Media
2026-06-01T23:06:40,scraper_unimarc,Vino las casas de vaqueria reserva cabernet sauvignon 750 cc,Carnes y Pescados,Mariscos,bebida_fuera_de_bebidas,Bebidas,Vinos,Media
2026-06-01T23:06:40,scraper_unimarc,Vino las casas de vaqueria reserva carmenere 750 cc,Carnes y Pescados,Mariscos,bebida_fuera_de_bebidas,Bebidas,Vinos,Media
2026-06-01T23:06:40,scraper_unimarc,Agua mineral vital sin gas botella 1.6 l,Carnes y Pescados,Mariscos,bebida_fuera_de_bebidas,Bebidas,Aguas,Media
2026-06-01T23:06:40,scraper_unimarc,Vino sol de chile reserva cabernet sauvignon 750 cc,Carnes y Pescados,Mariscos,bebida_fuera_de_bebidas,Bebidas,Vinos,Media
2026-06-01T23:06:40,scraper_unimarc,Pack néctar livean manzana 0% azúcar 6 un de 200 ml,Carnes y Pescados,Mariscos,bebida_fuera_de_bebidas,Bebidas,Jugos,Media
2026-06-01T23:06:40,scraper_unimarc,Vino santa helena reserva sauvignon blanc 750 cc,Carnes y Pescados,Mariscos,bebida_fuera_de_bebidas,Bebidas,Vinos,Media
2026-06-01T23:06:40,scraper_unimarc,Vino santa helena carmenere 750 cc,Carnes y Pescados,Mariscos,bebida_fuera_de_bebidas,Bebidas,Vinos,Media
2026-06-01T23:06:40,scraper_unimarc,Jugo en polvo zuko frambuesa rinde 1 l,Carnes y Pescados,Mariscos,bebida_fuera_de_bebidas,Bebidas,Jugos,Media
2026-06-01T23:06:40,scraper_unimarc,Cereal milo nestlé caja 300 g,Carnes y Pescados,Mariscos,bebida_fuera_de_bebidas,Bebidas,Bebidas,Media
2026-06-01T23:06:40,scraper_unimarc,Vino santa helena merlot 750 cc,Carnes y Pescados,Mariscos,bebida_fuera_de_bebidas,Bebidas,Vinos,Media
2026-06-01T23:06:48,scraper_unimarc,Jugo en polvo zuko piña rinde 1 l,Carnes y Pescados,Mariscos,bebida_fuera_de_bebidas,Bebidas,Jugos,Media
2026-06-01T23:06:48,scraper_unimarc,Agua mineral cachantun con gas 1.6 l,Carnes y Pescados,Mariscos,bebida_fuera_de_bebidas,Bebidas,Aguas,Media
2026-06-01T23:06:48,scraper_unimarc,Cerveza corona extra lata 6 un de 473 cc,Carnes y Pescados,Mariscos,bebida_fuera_de_bebidas,Bebidas,Cervezas,Media
2026-06-01T23:06:49,scraper_unimarc,Agua mineral nestlé pure life sin gas bidón 6 l,Carnes y Pescados,Mariscos,bebida_fuera_de_bebidas,Bebidas,Aguas,Media
2026-06-01T23:06:49,scraper_unimarc,Jugo en polvo zuko melón tuna rinde 1 l,Carnes y Pescados,Mariscos,bebida_fuera_de_bebidas,Bebidas,Jugos,Media
2026-06-01T23:06:49,scraper_unimarc,Cerveza calafate austral lata 470 cc,Carnes y Pescados,Mariscos,bebida_fuera_de_bebidas,Bebidas,Cervezas,Media
2026-06-01T23:06:49,scraper_unimarc,Pack cerveza corelli lager lata 6 un de 330 cc,Carnes y Pescados,Mariscos,bebida_fuera_de_bebidas,Bebidas,Cervezas,Media
2026-06-01T23:06:57,scraper_unimarc,Cerveza patagonia austral megaloceros black lager lata 470 cc,Carnes y Pescados,Mariscos,bebida_fuera_de_bebidas,Bebidas,Cervezas,Media
2026-06-01T23:06:57,scraper_unimarc,Agua mineral cachantun light con gas 1.6 l,Carnes y Pescados,Mariscos,bebida_fuera_de_bebidas,Bebidas,Aguas,Media
2026-06-01T23:06:57,scraper_unimarc,Pack cerveza cristal lata 12 un de 350 cc,Carnes y Pescados,Mariscos,bebida_fuera_de_bebidas,Bebidas,Cervezas,Media
2026-06-01T23:06:57,scraper_unimarc,Agua purificada benedictino sin gas botella 1.5 l,Carnes y Pescados,Mariscos,bebida_fuera_de_bebidas,Bebidas,Aguas,Media
2026-06-01T23:06:57,scraper_unimarc,Néctar watt's light tutti frutilla botella 1.5 l,Carnes y Pescados,Mariscos,bebida_fuera_de_bebidas,Bebidas,Jugos,Media
2026-06-01T23:06:57,scraper_unimarc,Jugo en polvo vivo piña rinde 1 l,Carnes y Pescados,Mariscos,bebida_fuera_de_bebidas,Bebidas,Jugos,Media
2026-06-01T23:06:58,scraper_unimarc,Cerveza kunstmann torobayo lata 470 cc,Carnes y Pescados,Mariscos,bebida_fuera_de_bebidas,Bebidas,Cervezas,Media
2026-06-01T23:06:58,scraper_unimarc,Saborizante para leche milo activ-go 620 g,Carnes y Pescados,Mariscos,bebida_fuera_de_bebidas,Bebidas,Bebidas,Media
2026-06-01T23:06:58,scraper_unimarc,Néctar watt's light mango boca ancha 1.5 l,Carnes y Pescados,Mariscos,bebida_fuera_de_bebidas,Bebidas,Jugos,Media
2026-06-01T23:06:58,scraper_unimarc,Jugo en polvo zuko naranja rinde 1 l,Carnes y Pescados,Mariscos,bebida_fuera_de_bebidas,Bebidas,Jugos,Media
2026-06-01T23:07:06,scraper_unimarc,Jugo en polvo zuko frutilla rinde 1 l,Carnes y Pescados,Mariscos,bebida_fuera_de_bebidas,Bebidas,Jugos,Media
2026-06-01T23:07:06,scraper_unimarc,Cerveza kunstmann torobayo lata 10 un de 350 cc,Carnes y Pescados,Mariscos,bebida_fuera_de_bebidas,Bebidas,Cervezas,Media
2026-06-01T23:07:06,scraper_unimarc,Jugo en polvo zuko limón dulce rinde 1 l,Carnes y Pescados,Mariscos,bebida_fuera_de_bebidas,Bebidas,Jugos,Media
2026-06-01T23:07:06,scraper_unimarc,Jugo en polvo vivo naranja rinde 1 l,Carnes y Pescados,Mariscos,bebida_fuera_de_bebidas,Bebidas,Jugos,Media
2026-06-01T23:07:06,scraper_unimarc,Néctar watt's naranja manzana botella 1.5 l,Carnes y Pescados,Mariscos,bebida_fuera_de_bebidas,Bebidas,Jugos,Media
2026-06-01T23:07:06,scraper_unimarc,Jugo en polvo zuko durazno rinde 1 l,Carnes y Pescados,Mariscos,bebida_fuera_de_bebidas,Bebidas,Jugos,Media
2026-06-01T23:07:07,scraper_unimarc,Jugo en polvo zuko huesillo rinde 1 l,Carnes y Pescados,Mariscos,bebida_fuera_de_bebidas,Bebidas,Jugos,Media
2026-06-01T23:07:07,scraper_unimarc,Pack cerveza cristal cero radler sin alcohol lata 6 un de 350 cc,Carnes y Pescados,Mariscos,bebida_fuera_de_bebidas,Bebidas,Cervezas,Media
2026-06-01T23:07:16,scraper_unimarc,Jugo en polvo vivo frutilla rinde 1 l,Carnes y Pescados,Mariscos,bebida_fuera_de_bebidas,Bebidas,Jugos,Media
2026-06-01T23:07:17,scraper_unimarc,Agua mineral vital sin gas botella 600 ml,Carnes y Pescados,Mariscos,bebida_fuera_de_bebidas,Bebidas,Aguas,Media
2026-06-01T23:07:17,scraper_unimarc,Néctar andina piña 1.75 l,Carnes y Pescados,Mariscos,bebida_fuera_de_bebidas,Bebidas,Jugos,Media
2026-06-01T23:07:17,scraper_unimarc,Pack bebida láctea chamyto manzana 12 un de 80 ml,Carnes y Pescados,Mariscos,bebida_fuera_de_bebidas,Bebidas,Bebidas,Media
2026-06-01T23:07:17,scraper_unimarc,Jugo en polvo vivo pera rinde 1 l,Carnes y Pescados,Mariscos,bebida_fuera_de_bebidas,Bebidas,Jugos,Media
2026-06-01T23:07:17,scraper_unimarc,Néctar andina naranja 1.75 l,Carnes y Pescados,Mariscos,bebida_fuera_de_bebidas,Bebidas,Jugos,Media
2026-06-01T23:07:17,scraper_unimarc,Jugo en polvo vivo manzana rinde 1 l,Carnes y Pescados,Mariscos,bebida_fuera_de_bebidas,Bebidas,Jugos,Media
2026-06-01T23:07:18,scraper_unimarc,Vino castillo de molina gran reserva carmenere 750 cc,Carnes y Pescados,Mariscos,bebida_fuera_de_bebidas,Bebidas,Vinos,Media
2026-06-01T23:07:25,scraper_unimarc,Néctar andina durazno 1.75 l,Carnes y Pescados,Mariscos,bebida_fuera_de_bebidas,Bebidas,Jugos,Media
2026-06-01T23:07:25,scraper_unimarc,Jugo en polvo vivo equillibrio arándano ciruela rinde 1 l,Carnes y Pescados,Mariscos,bebida_fuera_de_bebidas,Bebidas,Jugos,Media
2026-06-01T23:07:26,scraper_unimarc,Vino emiliana coyam orgánico syrah-carmenere 750 cc,Carnes y Pescados,Mariscos,bebida_fuera_de_bebidas,Bebidas,Vinos,Media
2026-06-01T23:07:26,scraper_unimarc,Pack néctar livean piña 0% azúcar 6 un de 200 ml,Carnes y Pescados,Mariscos,bebida_fuera_de_bebidas,Bebidas,Jugos,Media
2026-06-01T23:07:26,scraper_unimarc,Pack néctar watt's piña light 6 un de 200 ml,Carnes y Pescados,Mariscos,bebida_fuera_de_bebidas,Bebidas,Jugos,Media
2026-06-01T23:07:34,scraper_unimarc,Sucedáneo jugo de limón traverso 500 ml,Carnes y Pescados,Mariscos,bebida_fuera_de_bebidas,Bebidas,Jugos,Media
2026-06-01T23:07:34,scraper_unimarc,Leche chocolate fortificada milo 200 ml.,Carnes y Pescados,Mariscos,bebida_fuera_de_bebidas,Bebidas,Bebidas,Media
2026-06-01T23:07:35,scraper_unimarc,Pack cerveza stella artois lata 12 un de 354 cc,Carnes y Pescados,Mariscos,bebida_fuera_de_bebidas,Bebidas,Cervezas,Media
2026-06-01T23:07:35,scraper_unimarc,Cerveza radler sabor pomelo kunstmann lata 470ml,Carnes y Pescados,Mariscos,bebida_fuera_de_bebidas,Bebidas,Cervezas,Media
2026-06-01T23:07:35,scraper_unimarc,Vino casillero del diablo reserva carmenere 750 cc,Carnes y Pescados,Mariscos,bebida_fuera_de_bebidas,Bebidas,Vinos,Media
2026-06-01T23:07:35,scraper_unimarc,Jugo en polvo zuko mango rinde 1 l,Carnes y Pescados,Mariscos,bebida_fuera_de_bebidas,Bebidas,Jugos,Media
2026-06-01T23:07:35,scraper_unimarc,Cerveza royal guard lager lata 710 cc,Carnes y Pescados,Mariscos,bebida_fuera_de_bebidas,Bebidas,Cervezas,Media
2026-06-01T23:07:36,scraper_unimarc,Pack cerveza corona extra botella 6 un de 330 cc,Carnes y Pescados,Mariscos,bebida_fuera_de_bebidas,Bebidas,Cervezas,Media
2026-06-01T23:07:44,scraper_unimarc,Vino casillero del diablo reserva privada cabernet sauvignon 750 cc,Carnes y Pescados,Mariscos,bebida_fuera_de_bebidas,Bebidas,Vinos,Media
2026-06-01T23:07:44,scraper_unimarc,Cerveza patagonia austral blond lager lata 470 cc,Carnes y Pescados,Mariscos,bebida_fuera_de_bebidas,Bebidas,Cervezas,Media
2026-06-01T23:07:44,scraper_unimarc,Jugo en polvo vivo durazno huesillo rinde 1 l,Carnes y Pescados,Mariscos,bebida_fuera_de_bebidas,Bebidas,Jugos,Media
2026-06-01T23:07:44,scraper_unimarc,Pack cerveza heineken cero botella 6 un de 330 cc,Carnes y Pescados,Mariscos,bebida_fuera_de_bebidas,Bebidas,Cervezas,Media
2026-06-01T23:07:44,scraper_unimarc,Cerveza heineken lata 710 cc,Carnes y Pescados,Mariscos,bebida_fuera_de_bebidas,Bebidas,Cervezas,Media
2026-06-01T23:07:44,scraper_unimarc,Jugo en polvo sprim frambuesa rinde 1 l,Carnes y Pescados,Mariscos,bebida_fuera_de_bebidas,Bebidas,Jugos,Media
2026-06-01T23:07:44,scraper_unimarc,Agua mineral cachantun sin gas 1.6 l,Carnes y Pescados,Mariscos,bebida_fuera_de_bebidas,Bebidas,Aguas,Media
2026-06-01T23:07:44,scraper_unimarc,Cerveza volcanes del sur summer lúcuma lata 470 cc,Carnes y Pescados,Mariscos,bebida_fuera_de_bebidas,Bebidas,Cervezas,Media
2026-06-01T23:07:44,scraper_unimarc,Jugo en polvo vivo mango rinde 1 l,Carnes y Pescados,Mariscos,bebida_fuera_de_bebidas,Bebidas,Jugos,Media
2026-06-01T23:07:44,scraper_unimarc,Jugo en polvo vivo limonada rinde 1 l,Carnes y Pescados,Mariscos,bebida_fuera_de_bebidas,Bebidas,Jugos,Media
2026-06-01T23:07:44,scraper_unimarc,Jugo en polvo sprim frutilla rinde 1 l,Carnes y Pescados,Mariscos,bebida_fuera_de_bebidas,Bebidas,Jugos,Media
2026-06-01T23:07:45,scraper_unimarc,Jugo en polvo sprim naranja rinde 1 l,Carnes y Pescados,Mariscos,bebida_fuera_de_bebidas,Bebidas,Jugos,Media
2026-06-01T23:07:52,scraper_unimarc,Pack cerveza heineken botella 6 un de 330 cc,Carnes y Pescados,Mariscos,bebida_fuera_de_bebidas,Bebidas,Cervezas,Media
2026-06-01T23:07:52,scraper_unimarc,Vino tarapacá gran reserva carménère 750 cc,Carnes y Pescados,Mariscos,bebida_fuera_de_bebidas,Bebidas,Vinos,Media
2026-06-01T23:07:52,scraper_unimarc,Cerveza patagonia red lager whisky honey lata 350 cc,Carnes y Pescados,Mariscos,bebida_fuera_de_bebidas,Bebidas,Cervezas,Media
2026-06-01T23:07:52,scraper_unimarc,Jugo en polvo vivo papaya rinde 1 l,Carnes y Pescados,Mariscos,bebida_fuera_de_bebidas,Bebidas,Jugos,Media
2026-06-01T23:07:52,scraper_unimarc,Vino casillero del diablo reserva privada carmenere 750 cc,Carnes y Pescados,Mariscos,bebida_fuera_de_bebidas,Bebidas,Vinos,Media
2026-06-01T23:07:53,scraper_unimarc,Jugo en polvo sprim papaya rinde 1 l,Carnes y Pescados,Mariscos,bebida_fuera_de_bebidas,Bebidas,Jugos,Media
2026-06-01T23:07:53,scraper_unimarc,Cerveza torres del paine austral lata 470 cc,Carnes y Pescados,Mariscos,bebida_fuera_de_bebidas,Bebidas,Cervezas,Media
2026-06-01T23:07:53,scraper_unimarc,Cerveza patagonia hoppy lager gin tonic lata 350 cc,Carnes y Pescados,Mariscos,bebida_fuera_de_bebidas,Bebidas,Cervezas,Media
2026-06-01T23:07:53,scraper_unimarc,Pack cerveza cristal ultra liviana lata 6 un de 470 cc,Carnes y Pescados,Mariscos,bebida_fuera_de_bebidas,Bebidas,Cervezas,Media
2026-06-01T23:07:53,scraper_unimarc,Cerveza kross gold pale ale lata 470 cc,Carnes y Pescados,Mariscos,bebida_fuera_de_bebidas,Bebidas,Cervezas,Media
2026-06-01T23:07:53,scraper_unimarc,Galletas costa vino 160 g,Carnes y Pescados,Mariscos,bebida_fuera_de_bebidas,Bebidas,Vinos,Media
2026-06-01T23:07:53,scraper_unimarc,Vino diablo volcanic cabernet sauvignon botella 750 cc,Carnes y Pescados,Mariscos,bebida_fuera_de_bebidas,Bebidas,Vinos,Media
2026-06-01T23:07:53,scraper_unimarc,Vino misiones de rengo gran reserva cuvée carmenere 750 cc,Carnes y Pescados,Mariscos,bebida_fuera_de_bebidas,Bebidas,Vinos,Media
2026-06-01T23:08:01,scraper_unimarc,Cerveza volcanes del sur premium lager lata 470 cc,Carnes y Pescados,Mariscos,bebida_fuera_de_bebidas,Bebidas,Cervezas,Media
2026-06-01T23:08:01,scraper_unimarc,Pack néctar watt's naranja light 6 un de 200 ml,Carnes y Pescados,Mariscos,bebida_fuera_de_bebidas,Bebidas,Jugos,Media
2026-06-01T23:08:01,scraper_unimarc,Pack cerveza escudo lata 6 un de 470 cc,Carnes y Pescados,Mariscos,bebida_fuera_de_bebidas,Bebidas,Cervezas,Media
2026-06-01T23:08:02,scraper_unimarc,Jugo en polvo vivo durazno rinde 1 l,Carnes y Pescados,Mariscos,bebida_fuera_de_bebidas,Bebidas,Jugos,Media
2026-06-01T23:08:02,scraper_unimarc,Agua mineral vital con gas botella 600 ml,Carnes y Pescados,Mariscos,bebida_fuera_de_bebidas,Bebidas,Aguas,Media
2026-06-01T23:08:02,scraper_unimarc,Cerveza austral lager lata 470 cc,Carnes y Pescados,Mariscos,bebida_fuera_de_bebidas,Bebidas,Cervezas,Media
2026-06-01T23:08:10,scraper_unimarc,Pack cerveza austral calafate lata 6 un de 350 cc,Carnes y Pescados,Mariscos,bebida_fuera_de_bebidas,Bebidas,Cervezas,Media
2026-06-01T23:08:10,scraper_unimarc,Cerveza budweiser lata 710 cc,Carnes y Pescados,Mariscos,bebida_fuera_de_bebidas,Bebidas,Cervezas,Media
2026-06-01T23:08:10,scraper_unimarc,Pack néctar watts manzana light 6 un de 200 ml,Carnes y Pescados,Mariscos,bebida_fuera_de_bebidas,Bebidas,Jugos,Media
2026-06-01T23:08:10,scraper_unimarc,Cerveza volcanes del sur strong lager lata 470 cc,Carnes y Pescados,Mariscos,bebida_fuera_de_bebidas,Bebidas,Cervezas,Media
2026-06-01T23:08:10,scraper_unimarc,Cerveza blond lager moscow mule patagonia lata 350ml,Carnes y Pescados,Mariscos,bebida_fuera_de_bebidas,Bebidas,Cervezas,Media
2026-06-01T23:08:10,scraper_unimarc,Vino diablo deep carmenere botella 750 cc,Carnes y Pescados,Mariscos,bebida_fuera_de_bebidas,Bebidas,Vinos,Media
2026-06-01T23:08:11,scraper_unimarc,Pack cerveza quilmes clásica lata 12 un de 354 cc,Carnes y Pescados,Mariscos,bebida_fuera_de_bebidas,Bebidas,Cervezas,Media
2026-06-01T23:08:11,scraper_unimarc,Jugo en polvo vivo maracuyá rinde 1 l,Carnes y Pescados,Mariscos,bebida_fuera_de_bebidas,Bebidas,Jugos,Media
2026-06-01T23:08:11,scraper_unimarc,Néctar del valle sabor durazno lata 340 ml,Carnes y Pescados,Mariscos,bebida_fuera_de_bebidas,Bebidas,Jugos,Media
2026-06-01T23:08:19,scraper_unimarc,Pack cerveza coors original lata 12 un de 350 cc,Carnes y Pescados,Mariscos,bebida_fuera_de_bebidas,Bebidas,Cervezas,Media
2026-06-01T23:08:19,scraper_unimarc,Jugo en polvo sprim flipy rinde 1 l,Carnes y Pescados,Mariscos,bebida_fuera_de_bebidas,Bebidas,Jugos,Media
2026-06-01T23:08:19,scraper_unimarc,Jugo en polvo sprim multifrut rinde 1 l,Carnes y Pescados,Mariscos,bebida_fuera_de_bebidas,Bebidas,Jugos,Media
2026-06-01T23:08:19,scraper_unimarc,Vino concha y toro marques de casa concha carmenere 750 cc,Carnes y Pescados,Mariscos,bebida_fuera_de_bebidas,Bebidas,Vinos,Media
2026-06-01T23:08:19,scraper_unimarc,Vino castillo de molina gran reserva cabernet sauvignon 750 cc,Carnes y Pescados,Mariscos,bebida_fuera_de_bebidas,Bebidas,Vinos,Media
2026-06-01T23:08:20,scraper_unimarc,Néctar del valle sabor pera lata 340 ml,Carnes y Pescados,Mariscos,bebida_fuera_de_bebidas,Bebidas,Jugos,Media
2026-06-01T23:08:20,scraper_unimarc,Jugo 100% exprimido citric naranja 1.5 l,Carnes y Pescados,Mariscos,bebida_fuera_de_bebidas,Bebidas,Jugos,Media
2026-06-01T23:08:20,scraper_unimarc,Agua saborizada benedictino manzana 500 ml,Carnes y Pescados,Mariscos,bebida_fuera_de_bebidas,Bebidas,Aguas,Media
2026-06-01T23:08:20,scraper_unimarc,Pack cerveza escudo lata 12 un de 350 cc,Carnes y Pescados,Mariscos,bebida_fuera_de_bebidas,Bebidas,Cervezas,Media
2026-06-01T23:08:28,scraper_unimarc,Pack néctar watt's manzana 6 un de 200 ml,Carnes y Pescados,Mariscos,bebida_fuera_de_bebidas,Bebidas,Jugos,Media
2026-06-01T23:08:28,scraper_unimarc,Cerveza botella corona cero 6 un 330 cc,Carnes y Pescados,Mariscos,bebida_fuera_de_bebidas,Bebidas,Cervezas,Media
2026-06-01T23:08:28,scraper_unimarc,Pack cerveza quilmes clásica lata 6 un de 473 cc,Carnes y Pescados,Mariscos,bebida_fuera_de_bebidas,Bebidas,Cervezas,Media
2026-06-01T23:08:28,scraper_unimarc,Cerveza radler sabor limón kunstmann lata 470ml,Carnes y Pescados,Mariscos,bebida_fuera_de_bebidas,Bebidas,Cervezas,Media
2026-06-01T23:08:28,scraper_unimarc,Néctar del valle sabor manzana lata 340 ml,Carnes y Pescados,Mariscos,bebida_fuera_de_bebidas,Bebidas,Jugos,Media
2026-06-01T23:08:28,scraper_unimarc,Agua mineral cachantun con gas 2.5 l,Carnes y Pescados,Mariscos,bebida_fuera_de_bebidas,Bebidas,Aguas,Media
2026-06-01T23:08:28,scraper_unimarc,Agua saborizada benedictino pera 500 ml,Carnes y Pescados,Mariscos,bebida_fuera_de_bebidas,Bebidas,Aguas,Media
2026-06-01T23:08:29,scraper_unimarc,Pack cerveza escudo silver lata 12 un de 350 cc,Carnes y Pescados,Mariscos,bebida_fuera_de_bebidas,Bebidas,Cervezas,Media
2026-06-01T23:08:29,scraper_unimarc,Pack cerveza cristal lata 6 un de 470 cc,Carnes y Pescados,Mariscos,bebida_fuera_de_bebidas,Bebidas,Cervezas,Media
2026-06-01T23:08:29,scraper_unimarc,Bebida láctea milo sin lactosa 200 ml,Carnes y Pescados,Mariscos,bebida_fuera_de_bebidas,Bebidas,Bebidas,Media
2026-06-01T23:08:29,scraper_unimarc,Agua saborizada benedictino frutos rojos 500 ml,Carnes y Pescados,Mariscos,bebida_fuera_de_bebidas,Bebidas,Aguas,Media
2026-06-01T23:08:29,scraper_unimarc,Cerveza kunstmann valdivia pale lager botella 6 un de 330 cc,Carnes y Pescados,Mariscos,bebida_fuera_de_bebidas,Bebidas,Cervezas,Media
2026-06-01T23:08:29,scraper_unimarc,Vino casillero del diablo reserva cabernet sauvignon 750 cc,Carnes y Pescados,Mariscos,bebida_fuera_de_bebidas,Bebidas,Vinos,Media
2026-06-01T23:08:37,scraper_unimarc,Cerveza cusqueña dorada lager lata 710 cc,Carnes y Pescados,Mariscos,bebida_fuera_de_bebidas,Bebidas,Cervezas,Media
2026-06-01T23:08:37,scraper_unimarc,Vino misiones de rengo reserva carménère 750 cc,Carnes y Pescados,Mariscos,bebida_fuera_de_bebidas,Bebidas,Vinos,Media
2026-06-01T23:08:37,scraper_unimarc,Pack cerveza royal guard lata 6 un de 470 cc,Carnes y Pescados,Mariscos,bebida_fuera_de_bebidas,Bebidas,Cervezas,Media
2026-06-01T23:08:38,scraper_unimarc,Cerveza coors original botella 620 cc,Carnes y Pescados,Mariscos,bebida_fuera_de_bebidas,Bebidas,Cervezas,Media
2026-06-01T23:08:38,scraper_unimarc,Vino misiones de rengo gran reserva cuvée cabernet sauvignon 750 cc,Carnes y Pescados,Mariscos,bebida_fuera_de_bebidas,Bebidas,Vinos,Media
2026-06-01T23:08:38,scraper_unimarc,Pack néctar livean durazno 0% azúcar 6 un de 200 ml,Carnes y Pescados,Mariscos,bebida_fuera_de_bebidas,Bebidas,Jugos,Media
2026-06-01T23:08:38,scraper_unimarc,Vino 1865 san pedro carmenere 750 cc,Carnes y Pescados,Mariscos,bebida_fuera_de_bebidas,Bebidas,Vinos,Media
2026-06-01T23:08:38,scraper_unimarc,Cóctel de vino 120 spritz rosato botella 1.5 l,Carnes y Pescados,Mariscos,bebida_fuera_de_bebidas,Bebidas,Vinos,Media
2026-06-01T23:08:38,scraper_unimarc,Cerveza quilmes lata 710 cc,Carnes y Pescados,Mariscos,bebida_fuera_de_bebidas,Bebidas,Cervezas,Media
2026-06-01T23:08:46,scraper_unimarc,Pack cerveza cusqueña lata 6 un de 473 cc,Carnes y Pescados,Mariscos,bebida_fuera_de_bebidas,Bebidas,Cervezas,Media
2026-06-01T23:08:47,scraper_unimarc,Pack néctar livean naranja 0% azúcar 6 un de 200 ml,Carnes y Pescados,Mariscos,bebida_fuera_de_bebidas,Bebidas,Jugos,Media
2026-06-01T23:08:47,scraper_unimarc,Vino marqués de casa concha carmenere blue botella 750 cc,Carnes y Pescados,Mariscos,bebida_fuera_de_bebidas,Bebidas,Vinos,Media
2026-06-01T23:08:47,scraper_unimarc,Sucedáneo jugo de limón traverso 1 l,Carnes y Pescados,Mariscos,bebida_fuera_de_bebidas,Bebidas,Jugos,Media
2026-06-01T23:08:55,scraper_unimarc,Jugo en polvo livean melón tuna rinde 1 l,Carnes y Pescados,Mariscos,bebida_fuera_de_bebidas,Bebidas,Jugos,Media
2026-06-01T23:08:55,scraper_unimarc,Vino marqués casa concha cabernet sauvignon 750 cc,Carnes y Pescados,Mariscos,bebida_fuera_de_bebidas,Bebidas,Vinos,Media
2026-06-01T23:08:55,scraper_unimarc,Cóctel de vino donnaluna rossato botella 750 cc,Carnes y Pescados,Mariscos,bebida_fuera_de_bebidas,Bebidas,Vinos,Media
2026-06-01T23:08:55,scraper_unimarc,Vino casillero del diablo reserva red blend botella 750 cc,Carnes y Pescados,Mariscos,bebida_fuera_de_bebidas,Bebidas,Vinos,Media
2026-06-01T23:08:55,scraper_unimarc,Agua mineral cachantun sin gas 600 ml,Carnes y Pescados,Mariscos,bebida_fuera_de_bebidas,Bebidas,Aguas,Media
2026-06-01T23:08:55,scraper_unimarc,Vino misión gran reserva medium sweet carmenere 750 cc,Carnes y Pescados,Mariscos,bebida_fuera_de_bebidas,Bebidas,Vinos,Media
2026-06-01T23:08:55,scraper_unimarc,Vino diablo velvet merlot botella 750 cc,Carnes y Pescados,Mariscos,bebida_fuera_de_bebidas,Bebidas,Vinos,Media
2026-06-01T23:08:56,scraper_unimarc,Galleta mini vino costa 35 g,Carnes y Pescados,Mariscos,bebida_fuera_de_bebidas,Bebidas,Vinos,Media
2026-06-01T23:09:03,scraper_unimarc,Agua mineral cachantun con gas 600 ml,Carnes y Pescados,Mariscos,bebida_fuera_de_bebidas,Bebidas,Aguas,Media
2026-06-01T23:09:03,scraper_unimarc,Pack cerveza cristal lata 18 un de 350 cc,Carnes y Pescados,Mariscos,bebida_fuera_de_bebidas,Bebidas,Cervezas,Media
2026-06-01T23:09:04,scraper_unimarc,Cerveza rose royal guard lata 350ml,Carnes y Pescados,Mariscos,bebida_fuera_de_bebidas,Bebidas,Cervezas,Media
2026-06-01T23:09:04,scraper_unimarc,Vino misión red blend medium sweet 750 cc,Carnes y Pescados,Mariscos,bebida_fuera_de_bebidas,Bebidas,Vinos,Media
2026-06-01T23:09:04,scraper_unimarc,Cerveza royal golden lager lata 6 un de 470 cc,Carnes y Pescados,Mariscos,bebida_fuera_de_bebidas,Bebidas,Cervezas,Media
2026-06-01T23:09:04,scraper_unimarc,Jugo en polvo livean frutilla rinde 1 l,Carnes y Pescados,Mariscos,bebida_fuera_de_bebidas,Bebidas,Jugos,Media
2026-06-01T23:09:05,scraper_unimarc,"Pack cerveza stella artois, lata 6 un de 473 cc",Carnes y Pescados,Mariscos,bebida_fuera_de_bebidas,Bebidas,Cervezas,Media
2026-06-01T23:09:05,scraper_unimarc,Vino tarapacá gran reserva etiqueta negra carmenere 750 cc,Carnes y Pescados,Mariscos,bebida_fuera_de_bebidas,Bebidas,Vinos,Media
2026-06-01T23:09:05,scraper_unimarc,Vino concha y toro terrunyo carmenere 750 cc,Carnes y Pescados,Mariscos,bebida_fuera_de_bebidas,Bebidas,Vinos,Media
2026-06-01T23:09:05,scraper_unimarc,Jugo en polvo livean piña rinde 1 l,Carnes y Pescados,Mariscos,bebida_fuera_de_bebidas,Bebidas,Jugos,Media
2026-06-01T23:09:05,scraper_unimarc,Cóctel de vino donnaluna tinto rosso botella 750 cc,Carnes y Pescados,Mariscos,bebida_fuera_de_bebidas,Bebidas,Vinos,Media
2026-06-01T23:09:05,scraper_unimarc,Vino tarapacá gran reserva cabernet sauvignon 750 cc,Carnes y Pescados,Mariscos,bebida_fuera_de_bebidas,Bebidas,Vinos,Media
2026-06-01T23:09:13,scraper_unimarc,Jugo exprimido de naranja selección watts 1.5 l,Carnes y Pescados,Mariscos,bebida_fuera_de_bebidas,Bebidas,Jugos,Media
2026-06-01T23:09:13,scraper_unimarc,Vino diablo purple malbec botella 750 cc,Carnes y Pescados,Mariscos,bebida_fuera_de_bebidas,Bebidas,Vinos,Media
2026-06-01T23:09:13,scraper_unimarc,Vino marqués de casa concha cabernet sauvignon gold botella 750 cc,Carnes y Pescados,Mariscos,bebida_fuera_de_bebidas,Bebidas,Vinos,Media
2026-06-01T23:09:13,scraper_unimarc,Néctar watt's selección naranja valencia 1 l,Carnes y Pescados,Mariscos,bebida_fuera_de_bebidas,Bebidas,Jugos,Media
2026-06-01T23:09:14,scraper_unimarc,Bebida a base de cebada ecco instantáneo 170 gr,Carnes y Pescados,Mariscos,bebida_fuera_de_bebidas,Bebidas,Bebidas,Media
2026-06-01T23:09:14,scraper_unimarc,Vino misiones de rengo reserva merlot 750 cc,Carnes y Pescados,Mariscos,bebida_fuera_de_bebidas,Bebidas,Vinos,Media
2026-06-01T23:09:14,scraper_unimarc,Vino castillo de molina gran reserva red blend 750 cc,Carnes y Pescados,Mariscos,bebida_fuera_de_bebidas,Bebidas,Vinos,Media
2026-06-01T23:09:21,scraper_unimarc,Vino sutil carmenere reserva 750 cc,Carnes y Pescados,Mariscos,bebida_fuera_de_bebidas,Bebidas,Vinos,Media
2026-06-01T23:09:22,scraper_unimarc,Pack cerveza stella artois sin alcohol 6 un de 330 cc,Carnes y Pescados,Mariscos,bebida_fuera_de_bebidas,Bebidas,Cervezas,Media
2026-06-01T23:09:22,scraper_unimarc,Vino miguel torres gran reserva carmenere botella 750 cc,Carnes y Pescados,Mariscos,bebida_fuera_de_bebidas,Bebidas,Vinos,Media
2026-06-01T23:09:22,scraper_unimarc,Bebida vegetal notmilk low fat 1 l,Carnes y Pescados,Mariscos,bebida_fuera_de_bebidas,Bebidas,Bebidas,Media
2026-06-01T23:09:22,scraper_unimarc,Jugo de naranja quillayes natural one 1.3 l,Carnes y Pescados,Mariscos,bebida_fuera_de_bebidas,Bebidas,Jugos,Media
2026-06-01T23:09:22,scraper_unimarc,Vino 1865 san pedro cabernet sauvignon 750 cc,Carnes y Pescados,Mariscos,bebida_fuera_de_bebidas,Bebidas,Vinos,Media
2026-06-01T23:09:23,scraper_unimarc,Pack cerveza kross stout botella 4 un de 330 cc,Carnes y Pescados,Mariscos,bebida_fuera_de_bebidas,Bebidas,Cervezas,Media
2026-06-01T23:09:23,scraper_unimarc,Vino tarapacá gran reserva chardonnay 750 cc,Carnes y Pescados,Mariscos,bebida_fuera_de_bebidas,Bebidas,Vinos,Media
2026-06-01T23:09:23,scraper_unimarc,Vino san pedro altair sideral ensamblaje 750 cc,Carnes y Pescados,Mariscos,bebida_fuera_de_bebidas,Bebidas,Vinos,Media
2026-06-01T23:09:30,scraper_unimarc,Vino misión cabernet sauvignon medium sweet 750 cc,Carnes y Pescados,Mariscos,bebida_fuera_de_bebidas,Bebidas,Vinos,Media
2026-06-01T23:09:30,scraper_unimarc,Pack yogu yogu loncoleche mora 6 un de 200 ml,Carnes y Pescados,Mariscos,bebida_fuera_de_bebidas,Bebidas,Bebidas,Media
2026-06-01T23:09:31,scraper_unimarc,Vino concha y toro terrunyo cabernet sauvignon 750 cc,Carnes y Pescados,Mariscos,bebida_fuera_de_bebidas,Bebidas,Vinos,Media
2026-06-01T23:09:31,scraper_unimarc,Pack cerveza michelob ultra botella 6 un de 330 cc,Carnes y Pescados,Mariscos,bebida_fuera_de_bebidas,Bebidas,Cervezas,Media
2026-06-01T23:09:31,scraper_unimarc,Cerveza budweiser zero botella 6 un de 330 cc,Carnes y Pescados,Mariscos,bebida_fuera_de_bebidas,Bebidas,Cervezas,Media
2026-06-01T23:09:31,scraper_unimarc,Vino casillero del diablo devil's carnaval sweet 750 cc,Carnes y Pescados,Mariscos,bebida_fuera_de_bebidas,Bebidas,Vinos,Media
2026-06-01T23:09:31,scraper_unimarc,Vino sutil carmenere gran reserva 750 cc,Carnes y Pescados,Mariscos,bebida_fuera_de_bebidas,Bebidas,Vinos,Media
2026-06-01T23:09:31,scraper_unimarc,Néctar del valle durazno light botella 1.75 l,Carnes y Pescados,Mariscos,bebida_fuera_de_bebidas,Bebidas,Jugos,Media
2026-06-01T23:09:39,scraper_unimarc,Vino casa silva reserva carmenere 750 cc,Carnes y Pescados,Mariscos,bebida_fuera_de_bebidas,Bebidas,Vinos,Media
2026-06-01T23:09:39,scraper_unimarc,Cerveza dolbek maqui botella 4x330 cc,Carnes y Pescados,Mariscos,bebida_fuera_de_bebidas,Bebidas,Cervezas,Media
2026-06-01T23:09:39,scraper_unimarc,Vino castillo de molina gran reserva pinot noir 750 cc,Carnes y Pescados,Mariscos,bebida_fuera_de_bebidas,Bebidas,Vinos,Media
2026-06-01T23:09:39,scraper_unimarc,Vino tarapacá gran reserva etiqueta roja blend 750 cc,Carnes y Pescados,Mariscos,bebida_fuera_de_bebidas,Bebidas,Vinos,Media
2026-06-01T23:09:39,scraper_unimarc,Cerveza kross odissea amber ale lata 470 cc,Carnes y Pescados,Mariscos,bebida_fuera_de_bebidas,Bebidas,Cervezas,Media
2026-06-01T23:09:40,scraper_unimarc,Vino tarapacá gran reserva merlot 750 cc,Carnes y Pescados,Mariscos,bebida_fuera_de_bebidas,Bebidas,Vinos,Media
2026-06-01T23:09:40,scraper_unimarc,Pack cerveza cusqueña botella 6 un de 330 cc,Carnes y Pescados,Mariscos,bebida_fuera_de_bebidas,Bebidas,Cervezas,Media
2026-06-01T23:09:40,scraper_unimarc,Vino tarapacá gran reserva orgánico ensamblaje 750 cc,Carnes y Pescados,Mariscos,bebida_fuera_de_bebidas,Bebidas,Vinos,Media
2026-06-01T23:09:40,scraper_unimarc,Cóctel de vino 120 spritz tinto de verano botella 1.5 l,Carnes y Pescados,Mariscos,bebida_fuera_de_bebidas,Bebidas,Vinos,Media
2026-06-01T23:09:40,scraper_unimarc,Vino castillo de molina gran reserva merlot 750 cc,Carnes y Pescados,Mariscos,bebida_fuera_de_bebidas,Bebidas,Vinos,Media
2026-06-01T23:09:40,scraper_unimarc,Jugo en polvo livean berries rinde 1 l,Carnes y Pescados,Mariscos,bebida_fuera_de_bebidas,Bebidas,Jugos,Media
2026-06-01T23:09:40,scraper_unimarc,Vino las mulas orgánico reserva carmenere botella 750 cc,Carnes y Pescados,Mariscos,bebida_fuera_de_bebidas,Bebidas,Vinos,Media
2026-06-01T23:09:40,scraper_unimarc,Vino concha y toro marqués de casa concha merlot 750 cc,Carnes y Pescados,Mariscos,bebida_fuera_de_bebidas,Bebidas,Vinos,Media
2026-06-01T23:09:48,scraper_unimarc,Pack bebida láctea chamyto frutilla 6 un de 80 ml,Carnes y Pescados,Mariscos,bebida_fuera_de_bebidas,Bebidas,Bebidas,Media
2026-06-01T23:09:48,scraper_unimarc,Vino misiones de rengo reserva cabernet sauvignon 750 cc,Carnes y Pescados,Mariscos,bebida_fuera_de_bebidas,Bebidas,Vinos,Media
2026-06-01T23:09:48,scraper_unimarc,Vino maycas limari reserva especial pinot noir 750 ml,Carnes y Pescados,Mariscos,bebida_fuera_de_bebidas,Bebidas,Vinos,Media
2026-06-01T23:09:48,scraper_unimarc,Vino castillo de molina gran reserva chardonnay 750 cc,Carnes y Pescados,Mariscos,bebida_fuera_de_bebidas,Bebidas,Vinos,Media
2026-06-01T23:09:49,scraper_unimarc,Vino don matias gran reserva cabernet sauvignon 750 cc,Carnes y Pescados,Mariscos,bebida_fuera_de_bebidas,Bebidas,Vinos,Media
2026-06-01T23:09:49,scraper_unimarc,Vino carmenere cousino macul don matias gran reserva botella 750ml,Carnes y Pescados,Mariscos,bebida_fuera_de_bebidas,Bebidas,Vinos,Media
2026-06-01T23:09:49,scraper_unimarc,Vino marques concha y toro chardonnay 750 cc,Carnes y Pescados,Mariscos,bebida_fuera_de_bebidas,Bebidas,Vinos,Media
2026-06-01T23:09:49,scraper_unimarc,Vino casillero del diablo reserva merlot 750 cc,Carnes y Pescados,Mariscos,bebida_fuera_de_bebidas,Bebidas,Vinos,Media
2026-06-01T23:09:49,scraper_unimarc,Vino patagonia carmenere 750 cc,Carnes y Pescados,Mariscos,bebida_fuera_de_bebidas,Bebidas,Vinos,Media
2026-06-01T23:09:49,scraper_unimarc,Vino sutil bella rosé botella 750 cc,Carnes y Pescados,Mariscos,bebida_fuera_de_bebidas,Bebidas,Vinos,Media
2026-06-01T23:09:49,scraper_unimarc,Vino casillero del diablo reserva chardonnay 750 cc,Carnes y Pescados,Mariscos,bebida_fuera_de_bebidas,Bebidas,Vinos,Media
2026-06-01T23:09:56,scraper_unimarc,Vino gran tarapacá reserva etiqueta negra cabernet sauvignon 750 cc,Carnes y Pescados,Mariscos,bebida_fuera_de_bebidas,Bebidas,Vinos,Media
2026-06-01T23:09:56,scraper_unimarc,Vino gran tarapaca blend 750 cc,Carnes y Pescados,Mariscos,bebida_fuera_de_bebidas,Bebidas,Vinos,Media
2026-06-01T23:09:57,scraper_unimarc,Vino castillo de molina gran reserva sauvignon blanc 750 cc,Carnes y Pescados,Mariscos,bebida_fuera_de_bebidas,Bebidas,Vinos,Media
2026-06-01T23:09:57,scraper_unimarc,Cóctel de vino donnaluna bianco botella 750 cc,Carnes y Pescados,Mariscos,bebida_fuera_de_bebidas,Bebidas,Vinos,Media
2026-06-01T23:09:57,scraper_unimarc,Néctar del valle naranja light botella 1.75 l,Carnes y Pescados,Mariscos,bebida_fuera_de_bebidas,Bebidas,Jugos,Media
2026-06-01T23:09:57,scraper_unimarc,Pack cerveza becker lata 6 un de 473 cc,Carnes y Pescados,Mariscos,bebida_fuera_de_bebidas,Bebidas,Cervezas,Media
2026-06-01T23:09:57,scraper_unimarc,Vino castillo de molina gran reserva syrah 750 cc,Carnes y Pescados,Mariscos,bebida_fuera_de_bebidas,Bebidas,Vinos,Media
2026-06-01T23:09:57,scraper_unimarc,Vino misiones de rengo black gran reserva cabernet sauvignon 750 cc,Carnes y Pescados,Mariscos,bebida_fuera_de_bebidas,Bebidas,Vinos,Media
2026-06-01T23:09:57,scraper_unimarc,Néctar watt's selección mango maracuya 1 l,Carnes y Pescados,Mariscos,bebida_fuera_de_bebidas,Bebidas,Jugos,Media
2026-06-01T23:09:57,scraper_unimarc,Vino misiones de rengo black gran reserva carmenere 750 cc,Carnes y Pescados,Mariscos,bebida_fuera_de_bebidas,Bebidas,Vinos,Media
2026-06-01T23:09:58,scraper_unimarc,Vino tarapacá gran reserva sauvignon blanc 750 cc,Carnes y Pescados,Mariscos,bebida_fuera_de_bebidas,Bebidas,Vinos,Media
2026-06-01T23:09:58,scraper_unimarc,Pack cerveza budweiser lata 12 un de 354 cc,Carnes y Pescados,Mariscos,bebida_fuera_de_bebidas,Bebidas,Cervezas,Media
2026-06-01T23:09:58,scraper_unimarc,Cerveza kunstmann lager blanc botella 6 un de 330 cc,Carnes y Pescados,Mariscos,bebida_fuera_de_bebidas,Bebidas,Cervezas,Media
2026-06-01T23:09:58,scraper_unimarc,Pack cerveza cristal cero sin alcohol lata 6 un de 350 cc,Carnes y Pescados,Mariscos,bebida_fuera_de_bebidas,Bebidas,Cervezas,Media
2026-06-01T23:09:58,scraper_unimarc,Pack bebida láctea chamyto frambuesa 6 un de 80 ml,Carnes y Pescados,Mariscos,bebida_fuera_de_bebidas,Bebidas,Bebidas,Media
2026-06-01T23:10:05,scraper_unimarc,Bebida vegetal vilay wilk original 1 l,Carnes y Pescados,Mariscos,bebida_fuera_de_bebidas,Bebidas,Bebidas,Media
2026-06-01T23:10:06,scraper_unimarc,Cerveza odissea tropic ale lata 470 cc,Carnes y Pescados,Mariscos,bebida_fuera_de_bebidas,Bebidas,Cervezas,Media
2026-06-01T23:10:06,scraper_unimarc,Cerveza becker classic lager lata 710 cc,Carnes y Pescados,Mariscos,bebida_fuera_de_bebidas,Bebidas,Cervezas,Media
2026-06-01T23:10:06,scraper_unimarc,Vino doña dominga carmenere 750 cc,Carnes y Pescados,Mariscos,bebida_fuera_de_bebidas,Bebidas,Vinos,Media
2026-06-01T23:10:06,scraper_unimarc,Pack néctar watt's durazno 6 un de 200 ml,Carnes y Pescados,Mariscos,bebida_fuera_de_bebidas,Bebidas,Jugos,Media
2026-06-01T23:10:06,scraper_unimarc,Vino sutil gran reserva red blend botella 750 cc,Carnes y Pescados,Mariscos,bebida_fuera_de_bebidas,Bebidas,Vinos,Media
2026-06-01T23:10:06,scraper_unimarc,Vino la playa gran reserva carmenere botella 750 cc,Carnes y Pescados,Mariscos,bebida_fuera_de_bebidas,Bebidas,Vinos,Media
2026-06-01T23:10:07,scraper_unimarc,Vino sutil cabernet sauvignon reserva 750 cc,Carnes y Pescados,Mariscos,bebida_fuera_de_bebidas,Bebidas,Vinos,Media
2026-06-01T23:10:07,scraper_unimarc,Vino casillero del diablo reserva malbec 750 cc,Carnes y Pescados,Mariscos,bebida_fuera_de_bebidas,Bebidas,Vinos,Media
2026-06-01T23:10:07,scraper_unimarc,Bebida vegetal vilay wilk chocolate 1 l,Carnes y Pescados,Mariscos,bebida_fuera_de_bebidas,Bebidas,Bebidas,Media
2026-06-01T23:10:07,scraper_unimarc,Vino novas carmenere orgánico 750 cc,Carnes y Pescados,Mariscos,bebida_fuera_de_bebidas,Bebidas,Vinos,Media
2026-06-01T23:10:07,scraper_unimarc,Vino 1865 san pedro malbec 750 cc,Carnes y Pescados,Mariscos,bebida_fuera_de_bebidas,Bebidas,Vinos,Media
2026-06-01T23:10:07,scraper_unimarc,Vino 1865 syrah reserva botella 750 cc,Carnes y Pescados,Mariscos,bebida_fuera_de_bebidas,Bebidas,Vinos,Media
2026-06-01T23:10:15,scraper_unimarc,Vino 1865 merlot botella 750 cc,Carnes y Pescados,Mariscos,bebida_fuera_de_bebidas,Bebidas,Vinos,Media
2026-06-01T23:10:15,scraper_unimarc,Cerveza kross pink ale odissea lata 470 cc,Carnes y Pescados,Mariscos,bebida_fuera_de_bebidas,Bebidas,Cervezas,Media
2026-06-01T23:10:15,scraper_unimarc,Cóctel de vino 120 spritz blanco tropical botella 1.5 l,Carnes y Pescados,Mariscos,bebida_fuera_de_bebidas,Bebidas,Vinos,Media
2026-06-01T23:10:16,scraper_unimarc,Vino sutil cabernet sauvignon gran reserva 750 cc,Carnes y Pescados,Mariscos,bebida_fuera_de_bebidas,Bebidas,Vinos,Media
2026-06-01T23:10:16,scraper_unimarc,Vino ensamblaje marqués de casa concha noble blend 750 cc,Carnes y Pescados,Mariscos,bebida_fuera_de_bebidas,Bebidas,Vinos,Media
2026-06-01T23:10:16,scraper_unimarc,Vino cousiño macul antigua reserva cabernet sauvignon 750 cc,Carnes y Pescados,Mariscos,bebida_fuera_de_bebidas,Bebidas,Vinos,Media
2026-06-01T23:10:16,scraper_unimarc,Cerveza leyendas de origen trauco lata 473 cc,Carnes y Pescados,Mariscos,bebida_fuera_de_bebidas,Bebidas,Cervezas,Media
2026-06-01T23:10:16,scraper_unimarc,Pack cerveza royal guard golden lager botella 6 un de 355 cc,Carnes y Pescados,Mariscos,bebida_fuera_de_bebidas,Bebidas,Cervezas,Media
2026-06-01T23:10:16,scraper_unimarc,Vino gran reserva don matias merlot botella 750 cc,Carnes y Pescados,Mariscos,bebida_fuera_de_bebidas,Bebidas,Vinos,Media
2026-06-01T23:10:17,scraper_unimarc,Vino doña dominga ensamblaje cabernet-carmenere 750 cc,Carnes y Pescados,Mariscos,bebida_fuera_de_bebidas,Bebidas,Vinos,Media
2026-06-01T23:10:17,scraper_unimarc,Vino doña dominga merlot 750 cc,Carnes y Pescados,Mariscos,bebida_fuera_de_bebidas,Bebidas,Vinos,Media
2026-06-01T23:10:17,scraper_unimarc,Vino casillero del diablo reserva sauvignon blanc 750 cc,Carnes y Pescados,Mariscos,bebida_fuera_de_bebidas,Bebidas,Vinos,Media
2026-06-01T23:10:17,scraper_unimarc,Vino la playa reserva carmenere botella 750 cc,Carnes y Pescados,Mariscos,bebida_fuera_de_bebidas,Bebidas,Vinos,Media
2026-06-01T23:10:17,scraper_unimarc,Vino floresta carmenere botella 750 cc,Carnes y Pescados,Mariscos,bebida_fuera_de_bebidas,Bebidas,Vinos,Media
2026-06-01T23:10:17,scraper_unimarc,Vino cousino macul botella carmenere antigua reserva 750cc,Carnes y Pescados,Mariscos,bebida_fuera_de_bebidas,Bebidas,Vinos,Media
2026-06-01T23:10:25,scraper_unimarc,Vino cousino macul reserva chardonnay 750 cc,Carnes y Pescados,Mariscos,bebida_fuera_de_bebidas,Bebidas,Vinos,Media
2026-06-01T23:10:25,scraper_unimarc,Vino patagonia sauvignon blanc 750ml,Carnes y Pescados,Mariscos,bebida_fuera_de_bebidas,Bebidas,Vinos,Media
2026-06-01T23:10:25,scraper_unimarc,Vino patagonia cabernet sauvignon botella 750 cc,Carnes y Pescados,Mariscos,bebida_fuera_de_bebidas,Bebidas,Vinos,Media
2026-06-01T23:10:25,scraper_unimarc,Vino diablo dark black cabernet sauvignon botella 750 cc,Carnes y Pescados,Mariscos,bebida_fuera_de_bebidas,Bebidas,Vinos,Media
2026-06-01T23:10:25,scraper_unimarc,Cerveza leyendas de origen pincoya lata 473 cc,Carnes y Pescados,Mariscos,bebida_fuera_de_bebidas,Bebidas,Cervezas,Media
2026-06-01T23:10:25,scraper_unimarc,Vino casa silva reserva cabernet sauvignon 750 cc,Carnes y Pescados,Mariscos,bebida_fuera_de_bebidas,Bebidas,Vinos,Media
2026-06-01T23:10:26,scraper_unimarc,Cerveza kross odissea hoppy ale lata 470 cc,Carnes y Pescados,Mariscos,bebida_fuera_de_bebidas,Bebidas,Cervezas,Media
2026-06-01T23:10:26,scraper_unimarc,Vino doña dominga cabernet sauvignon 750 cc,Carnes y Pescados,Mariscos,bebida_fuera_de_bebidas,Bebidas,Vinos,Media
2026-06-01T23:10:26,scraper_unimarc,Pack cerveza coors original lata 6 un de 470 cc,Carnes y Pescados,Mariscos,bebida_fuera_de_bebidas,Bebidas,Cervezas,Media
2026-06-01T23:10:26,scraper_unimarc,Salchichón cerveza receta del abuelo 150 g,Carnes y Pescados,Mariscos,bebida_fuera_de_bebidas,Bebidas,Cervezas,Media
2026-06-01T23:10:26,scraper_unimarc,Vino casillero del diablo reserva pinot noir 750 cc,Carnes y Pescados,Mariscos,bebida_fuera_de_bebidas,Bebidas,Vinos,Media
2026-06-01T23:10:27,scraper_unimarc,Cóctel de vino gato selección dulce tinto botellón 1.5 l,Carnes y Pescados,Mariscos,mascota_fuera_de_mascotas,Mascotas,Alimento Gatos,Alta
2026-06-01T23:10:34,scraper_unimarc,Vino casillero del diablo belight sauvignon blanc 750 cc,Carnes y Pescados,Mariscos,bebida_fuera_de_bebidas,Bebidas,Vinos,Media
2026-06-01T23:10:35,scraper_unimarc,Vino espumante amaranta brut 750 cc,Carnes y Pescados,Mariscos,bebida_fuera_de_bebidas,Bebidas,Vinos,Media
2026-06-01T23:10:35,scraper_unimarc,Vino casillero del diablo reserva shyraz botella 750 cc,Carnes y Pescados,Mariscos,bebida_fuera_de_bebidas,Bebidas,Vinos,Media
2026-06-01T23:10:35,scraper_unimarc,Jugo fresco watt's selección naranja mix 1.6 l,Carnes y Pescados,Mariscos,bebida_fuera_de_bebidas,Bebidas,Jugos,Media
2026-06-01T23:10:35,scraper_unimarc,Cerveza royal guard cero premium lager botella 6 un de 355 cc,Carnes y Pescados,Mariscos,bebida_fuera_de_bebidas,Bebidas,Cervezas,Media
2026-06-01T23:10:36,scraper_unimarc,Pack cerveza kross pilsner botella 4 un de 330 cc,Carnes y Pescados,Mariscos,bebida_fuera_de_bebidas,Bebidas,Cervezas,Media
2026-06-01T23:10:43,scraper_unimarc,Agua purificada benedictino sin gas botella 3 l,Carnes y Pescados,Mariscos,bebida_fuera_de_bebidas,Bebidas,Aguas,Media
2026-06-01T23:10:44,scraper_unimarc,Cerveza sweet royal guard lata 350ml,Carnes y Pescados,Mariscos,bebida_fuera_de_bebidas,Bebidas,Cervezas,Media
2026-06-01T23:10:44,scraper_unimarc,Cóctel de vino gato selección dulce borgoña frutilla 1.5 l,Carnes y Pescados,Mariscos,mascota_fuera_de_mascotas,Mascotas,Alimento Gatos,Alta
2026-06-01T23:10:44,scraper_unimarc,Vino late harvest concha y toro frontera botella 750 cc,Carnes y Pescados,Mariscos,bebida_fuera_de_bebidas,Bebidas,Vinos,Media
2026-06-01T23:10:45,scraper_unimarc,Vino miguel torres gran reserva cabernet sauvignon 750 cc,Carnes y Pescados,Mariscos,bebida_fuera_de_bebidas,Bebidas,Vinos,Media
2026-06-01T23:10:45,scraper_unimarc,Vino late harvest francisco de aguirre prologo 12° botella 375 cc,Carnes y Pescados,Mariscos,bebida_fuera_de_bebidas,Bebidas,Vinos,Media
2026-06-01T23:10:45,scraper_unimarc,Pack bebida láctea chamyto manzana 6 un de 80 ml,Carnes y Pescados,Mariscos,bebida_fuera_de_bebidas,Bebidas,Bebidas,Media
2026-06-01T23:10:53,scraper_unimarc,Pack cerveza kunstmann miel botella 4 un de 330 cc,Carnes y Pescados,Mariscos,bebida_fuera_de_bebidas,Bebidas,Cervezas,Media
2026-06-01T23:10:53,scraper_unimarc,Vino tributo gran reserva castillo de molina carmenere botella 750 cc,Carnes y Pescados,Mariscos,bebida_fuera_de_bebidas,Bebidas,Vinos,Media
2026-06-01T23:10:53,scraper_unimarc,Vino diablo chardonay golden botella 750 cc,Carnes y Pescados,Mariscos,bebida_fuera_de_bebidas,Bebidas,Vinos,Media
2026-06-01T23:10:53,scraper_unimarc,Pack cerveza royal guard lata 12 un de 350 cc,Carnes y Pescados,Mariscos,bebida_fuera_de_bebidas,Bebidas,Cervezas,Media
2026-06-01T23:10:53,scraper_unimarc,Vino casillero del diablo belight red blend 750 cc,Carnes y Pescados,Mariscos,bebida_fuera_de_bebidas,Bebidas,Vinos,Media
2026-06-01T23:10:54,scraper_unimarc,Agua mineral cachantun strong con gas 600 ml,Carnes y Pescados,Mariscos,bebida_fuera_de_bebidas,Bebidas,Aguas,Media
2026-06-01T23:10:54,scraper_unimarc,Néctar watt's selección piña guayaba 1 l,Carnes y Pescados,Mariscos,bebida_fuera_de_bebidas,Bebidas,Jugos,Media
2026-06-01T23:11:02,scraper_unimarc,Jugo bless maracuyá-naranja-piña-manzana y limón 1 l,Carnes y Pescados,Mariscos,bebida_fuera_de_bebidas,Bebidas,Jugos,Media
2026-06-01T23:11:02,scraper_unimarc,Vino las mulas orgánico reserva cabernet sauvignon 750 cc,Carnes y Pescados,Mariscos,bebida_fuera_de_bebidas,Bebidas,Vinos,Media
2026-06-01T23:11:02,scraper_unimarc,Cóctel de vino gato selección dulce rosé botella 1.5 l,Carnes y Pescados,Mariscos,mascota_fuera_de_mascotas,Mascotas,Alimento Gatos,Alta
2026-06-01T23:11:02,scraper_unimarc,Vino santa digna gran reserva carmenere botella 750 cc,Carnes y Pescados,Mariscos,bebida_fuera_de_bebidas,Bebidas,Vinos,Media
2026-06-01T23:11:03,scraper_unimarc,Vino tinto dulce gran 120 santa rita botellón 1.5 l,Carnes y Pescados,Mariscos,bebida_fuera_de_bebidas,Bebidas,Vinos,Media
2026-06-01T23:11:03,scraper_unimarc,Bebida vegetal notmilk original 1 l,Carnes y Pescados,Mariscos,bebida_fuera_de_bebidas,Bebidas,Bebidas,Media
2026-06-01T23:11:03,scraper_unimarc,Cerveza sol mix spritz frutos rojos lata 350 cc,Carnes y Pescados,Mariscos,bebida_fuera_de_bebidas,Bebidas,Cervezas,Media
2026-06-01T23:11:11,scraper_unimarc,Pack cerveza escudo silver lata 6 un de 470 cc,Carnes y Pescados,Mariscos,bebida_fuera_de_bebidas,Bebidas,Cervezas,Media
2026-06-01T23:11:12,scraper_unimarc,Cerveza sol mix mango margarita lata 350 cc,Carnes y Pescados,Mariscos,bebida_fuera_de_bebidas,Bebidas,Cervezas,Media
2026-06-01T23:11:12,scraper_unimarc,Vino misiones de rengo reserva merlot 750 cc,Carnes y Pescados,Mariscos,bebida_fuera_de_bebidas,Bebidas,Vinos,Media
2026-06-01T23:11:12,scraper_unimarc,Bebida vegetal notmilk zero sin azúcar 1 l,Carnes y Pescados,Mariscos,bebida_fuera_de_bebidas,Bebidas,Bebidas,Media
2026-06-01T23:11:12,scraper_unimarc,Vino castillo de molina cabernet sauvignon 750 cc,Carnes y Pescados,Mariscos,bebida_fuera_de_bebidas,Bebidas,Vinos,Media
2026-06-01T23:11:20,scraper_unimarc,Vino misiones de rengo reserva chardonnay 750 cc,Carnes y Pescados,Mariscos,bebida_fuera_de_bebidas,Bebidas,Vinos,Media
2026-06-01T23:11:21,scraper_unimarc,Vino santa rita gran 120 red blend 1.5 l,Carnes y Pescados,Mariscos,bebida_fuera_de_bebidas,Bebidas,Vinos,Media
2026-06-01T23:11:21,scraper_unimarc,Jugo en polvo livean limonada rinde 1 l,Carnes y Pescados,Mariscos,bebida_fuera_de_bebidas,Bebidas,Jugos,Media
2026-06-01T23:11:21,scraper_unimarc,Vino tinto exportación caja 2 l,Carnes y Pescados,Mariscos,bebida_fuera_de_bebidas,Bebidas,Vinos,Media
2026-06-01T23:11:21,scraper_unimarc,Vino misiones de rengo reserva sauvignon blanc 750 cc,Carnes y Pescados,Mariscos,bebida_fuera_de_bebidas,Bebidas,Vinos,Media
2026-06-01T23:11:22,scraper_unimarc,Néctar watt's durazno boca ancha 300 ml,Carnes y Pescados,Mariscos,bebida_fuera_de_bebidas,Bebidas,Jugos,Media
2026-06-01T23:11:30,scraper_unimarc,Jugo bless pepino-espirulina-manzana-piña-jengibre y limón 1 l,Carnes y Pescados,Mariscos,bebida_fuera_de_bebidas,Bebidas,Jugos,Media
2026-06-01T23:11:30,scraper_unimarc,Jugo en polvo livean manzana rinde 1 l,Carnes y Pescados,Mariscos,bebida_fuera_de_bebidas,Bebidas,Jugos,Media
2026-06-01T23:11:30,scraper_unimarc,Pack cerveza kunstmann sin alcohol botella 4 un de 330 cc,Carnes y Pescados,Mariscos,bebida_fuera_de_bebidas,Bebidas,Cervezas,Media
2026-06-01T23:11:30,scraper_unimarc,Vino casillero del diablo devil's carnaval red 750 cc,Carnes y Pescados,Mariscos,bebida_fuera_de_bebidas,Bebidas,Vinos,Media
2026-06-01T23:11:30,scraper_unimarc,Vino casa donoso 1810 ensamblaje 750 cc,Carnes y Pescados,Mariscos,bebida_fuera_de_bebidas,Bebidas,Vinos,Media
2026-06-01T23:11:30,scraper_unimarc,Cóctel de vino gato selección dulce chocolate botella 1.5 l,Carnes y Pescados,Mariscos,mascota_fuera_de_mascotas,Mascotas,Alimento Gatos,Alta
2026-06-01T23:11:31,scraper_unimarc,Pack cerveza kross golden ale botella 4 un de 330 cc,Carnes y Pescados,Mariscos,bebida_fuera_de_bebidas,Bebidas,Cervezas,Media
2026-06-01T23:11:39,scraper_unimarc,Vino blanco gato caja 500 cc,Carnes y Pescados,Mariscos,mascota_fuera_de_mascotas,Mascotas,Alimento Gatos,Alta
2026-06-01T23:11:40,scraper_unimarc,Vino misiones de rengo reserva cabernet syrah 750 cc,Carnes y Pescados,Mariscos,bebida_fuera_de_bebidas,Bebidas,Vinos,Media
2026-06-01T23:11:40,scraper_unimarc,Vino gato merlot 1.5 l,Carnes y Pescados,Mariscos,mascota_fuera_de_mascotas,Mascotas,Alimento Gatos,Alta
2026-06-01T23:11:40,scraper_unimarc,Vino blanco santa helena tetra 1 l,Carnes y Pescados,Mariscos,bebida_fuera_de_bebidas,Bebidas,Vinos,Media
2026-06-01T23:11:40,scraper_unimarc,Vino tarapacá reserva caménère 750 cc,Carnes y Pescados,Mariscos,bebida_fuera_de_bebidas,Bebidas,Vinos,Media
2026-06-01T23:11:40,scraper_unimarc,Vino casa donoso bicentenario gran reserva cabernet sauvignon 750 cc,Carnes y Pescados,Mariscos,bebida_fuera_de_bebidas,Bebidas,Vinos,Media
2026-06-01T23:11:48,scraper_unimarc,Pack cerveza heineken silver lata 6 un de 470 cc,Carnes y Pescados,Mariscos,bebida_fuera_de_bebidas,Bebidas,Cervezas,Media
2026-06-01T23:11:48,scraper_unimarc,Pack cerveza sol botella 6 un de 330 cc,Carnes y Pescados,Mariscos,bebida_fuera_de_bebidas,Bebidas,Cervezas,Media
2026-06-01T23:11:49,scraper_unimarc,Jugo en polvo livean mango rinde 1 l,Carnes y Pescados,Mariscos,bebida_fuera_de_bebidas,Bebidas,Jugos,Media
2026-06-01T23:11:49,scraper_unimarc,Pack cerveza royal guard botella 6 un de 355 cc,Carnes y Pescados,Mariscos,bebida_fuera_de_bebidas,Bebidas,Cervezas,Media
2026-06-01T23:11:49,scraper_unimarc,Cóctel de vino exportación ice frutos rojos botella 1.5 l,Carnes y Pescados,Mariscos,bebida_fuera_de_bebidas,Bebidas,Vinos,Media
2026-06-01T23:11:57,scraper_unimarc,Pack néctar watt's piña 6 un de 200 ml,Carnes y Pescados,Mariscos,bebida_fuera_de_bebidas,Bebidas,Jugos,Media
2026-06-01T23:11:57,scraper_unimarc,Néctar vivo manzana 1 l,Carnes y Pescados,Mariscos,bebida_fuera_de_bebidas,Bebidas,Jugos,Media
2026-06-01T23:11:58,scraper_unimarc,Jugo bless frambuesa betarraga zanahoria y manzana 1 l,Carnes y Pescados,Mariscos,bebida_fuera_de_bebidas,Bebidas,Jugos,Media
2026-06-01T23:11:58,scraper_unimarc,Cóctel de vino gato selección dulce tinto botella 750 cc,Carnes y Pescados,Mariscos,mascota_fuera_de_mascotas,Mascotas,Alimento Gatos,Alta
2026-06-01T23:11:58,scraper_unimarc,Néctar vivo piña 1 l,Carnes y Pescados,Mariscos,bebida_fuera_de_bebidas,Bebidas,Jugos,Media
2026-06-01T23:11:58,scraper_unimarc,Vino casillero del diablo carmenere reserva especial 750 cc,Carnes y Pescados,Mariscos,bebida_fuera_de_bebidas,Bebidas,Vinos,Media
2026-06-01T23:11:58,scraper_unimarc,Vino gato cabernet sauvignon tetra 500 cc,Carnes y Pescados,Mariscos,mascota_fuera_de_mascotas,Mascotas,Alimento Gatos,Alta
2026-06-01T23:11:58,scraper_unimarc,Néctar watt's naranja boca ancha 300 ml,Carnes y Pescados,Mariscos,bebida_fuera_de_bebidas,Bebidas,Jugos,Media
2026-06-01T23:11:58,scraper_unimarc,Agua mineral cachantun light gas botella 600 ml,Carnes y Pescados,Mariscos,bebida_fuera_de_bebidas,Bebidas,Aguas,Media
2026-06-01T23:11:59,scraper_unimarc,Vino casillero del diablo reserva especial merlot botella 750 cc,Carnes y Pescados,Mariscos,bebida_fuera_de_bebidas,Bebidas,Vinos,Media
2026-06-01T23:12:06,scraper_unimarc,Vino misiones de rengo reserva malbec 750 cc,Carnes y Pescados,Mariscos,bebida_fuera_de_bebidas,Bebidas,Vinos,Media
2026-06-01T23:12:06,scraper_unimarc,Vino león de tarapacá merlot 750 cc,Carnes y Pescados,Mariscos,bebida_fuera_de_bebidas,Bebidas,Vinos,Media
2026-06-01T23:12:07,scraper_unimarc,Cóctel de vino gato selección dulce borgoña frutilla 750 cc,Carnes y Pescados,Mariscos,mascota_fuera_de_mascotas,Mascotas,Alimento Gatos,Alta
2026-06-01T23:12:07,scraper_unimarc,Vino 7 colores carmenere viognier gran reserva botella 750 cc,Carnes y Pescados,Mariscos,bebida_fuera_de_bebidas,Bebidas,Vinos,Media
2026-06-01T23:12:07,scraper_unimarc,Vino casillero del diablo reserva especial cabernet sauvignon 750 cc,Carnes y Pescados,Mariscos,bebida_fuera_de_bebidas,Bebidas,Vinos,Media
2026-06-01T23:12:07,scraper_unimarc,Cóctel de vino exportación frutilla naranja botella 1.5 l,Carnes y Pescados,Mariscos,bebida_fuera_de_bebidas,Bebidas,Vinos,Media
2026-06-01T23:12:07,scraper_unimarc,Vino emiliana adobe orgánico reserva carmenere 750 cc,Carnes y Pescados,Mariscos,bebida_fuera_de_bebidas,Bebidas,Vinos,Media
2026-06-01T23:12:07,scraper_unimarc,Vino 120 santa rita gran edición cabernet sauvignon 1.5 l,Carnes y Pescados,Mariscos,bebida_fuera_de_bebidas,Bebidas,Vinos,Media
2026-06-01T23:12:07,scraper_unimarc,Jugo en polvo livean naranja rinde 1 l,Carnes y Pescados,Mariscos,bebida_fuera_de_bebidas,Bebidas,Jugos,Media
2026-06-01T23:12:07,scraper_unimarc,Vino blue blend gran 120 santa rita botella 1.5l,Carnes y Pescados,Mariscos,bebida_fuera_de_bebidas,Bebidas,Vinos,Media
2026-06-01T23:12:16,scraper_unimarc,Vino león de tarapacá carmenere 750 cc,Carnes y Pescados,Mariscos,bebida_fuera_de_bebidas,Bebidas,Vinos,Media
2026-06-01T23:12:16,scraper_unimarc,Vino santa rita cabernet sauvignon 120 gran reserva botellon 2 l,Carnes y Pescados,Mariscos,bebida_fuera_de_bebidas,Bebidas,Vinos,Media
2026-06-01T23:12:16,scraper_unimarc,Vino castillo de molina late harvest 500 cc,Carnes y Pescados,Mariscos,bebida_fuera_de_bebidas,Bebidas,Vinos,Media
2026-06-01T23:12:16,scraper_unimarc,Vino león de tarapacá cabernet syrah 750 cc,Carnes y Pescados,Mariscos,bebida_fuera_de_bebidas,Bebidas,Vinos,Media
2026-06-01T23:12:16,scraper_unimarc,Vino santa emiliana cabernet sauvignon 700 cc,Carnes y Pescados,Mariscos,bebida_fuera_de_bebidas,Bebidas,Vinos,Media
2026-06-01T23:12:16,scraper_unimarc,Vino santa emiliana carmenere 700 cc,Carnes y Pescados,Mariscos,bebida_fuera_de_bebidas,Bebidas,Vinos,Media
2026-06-01T23:12:16,scraper_unimarc,Pack cerveza patagonia hoppy lager 6 un de 330 cc,Carnes y Pescados,Mariscos,bebida_fuera_de_bebidas,Bebidas,Cervezas,Media
2026-06-01T23:12:16,scraper_unimarc,Cóctel de vino gato selección dulce chirimoya 1.5 l,Carnes y Pescados,Mariscos,mascota_fuera_de_mascotas,Mascotas,Alimento Gatos,Alta
2026-06-01T23:12:17,scraper_unimarc,Bebida vegetal loncoleche almendra 1 l,Carnes y Pescados,Mariscos,bebida_fuera_de_bebidas,Bebidas,Bebidas,Media
2026-06-01T23:12:17,scraper_unimarc,Vino exportación blanco caja 2 l,Carnes y Pescados,Mariscos,bebida_fuera_de_bebidas,Bebidas,Vinos,Media
2026-06-01T23:12:17,scraper_unimarc,Vino santa emiliana merlot 700 cc,Carnes y Pescados,Mariscos,bebida_fuera_de_bebidas,Bebidas,Vinos,Media
2026-06-01T23:12:17,scraper_unimarc,Vino emiliana adobe orgánico reserva merlot 750 cc,Carnes y Pescados,Mariscos,bebida_fuera_de_bebidas,Bebidas,Vinos,Media
2026-06-01T23:12:17,scraper_unimarc,Vino clos de pirque tinto caja 500 cc,Carnes y Pescados,Mariscos,bebida_fuera_de_bebidas,Bebidas,Vinos,Media
2026-06-01T23:12:17,scraper_unimarc,Vino casillero del diablo devil's carnaval cabernet sauvignon 750 cc,Carnes y Pescados,Mariscos,bebida_fuera_de_bebidas,Bebidas,Vinos,Media
2026-06-01T23:12:17,scraper_unimarc,Vino león de tarapacá cabernet sauvignon 750 cc,Carnes y Pescados,Mariscos,bebida_fuera_de_bebidas,Bebidas,Vinos,Media
2026-06-01T23:12:25,scraper_unimarc,Vino 120 santa rita merlot 2 l,Carnes y Pescados,Mariscos,bebida_fuera_de_bebidas,Bebidas,Vinos,Media
2026-06-01T23:12:25,scraper_unimarc,Vino emiliana adobe orgánico reserva cabernet sauvignon 750 cc,Carnes y Pescados,Mariscos,bebida_fuera_de_bebidas,Bebidas,Vinos,Media
2026-06-01T23:12:25,scraper_unimarc,Vino undurraga th carmenere 750 cc,Carnes y Pescados,Mariscos,bebida_fuera_de_bebidas,Bebidas,Vinos,Media
2026-06-01T23:12:25,scraper_unimarc,Cóctel de vino gato selección dulce chirimoya 750 cc,Carnes y Pescados,Mariscos,mascota_fuera_de_mascotas,Mascotas,Alimento Gatos,Alta
2026-06-01T23:12:25,scraper_unimarc,Vino clos de pirque blanco caja 1 l,Carnes y Pescados,Mariscos,bebida_fuera_de_bebidas,Bebidas,Vinos,Media
2026-06-01T23:12:26,scraper_unimarc,Cóctel de vino tinto exportación selección dulce botellón 1.5 l,Carnes y Pescados,Mariscos,bebida_fuera_de_bebidas,Bebidas,Vinos,Media
2026-06-01T23:12:26,scraper_unimarc,Vino emiliana adobe orgánico reserva chardonnay 750 cc,Carnes y Pescados,Mariscos,bebida_fuera_de_bebidas,Bebidas,Vinos,Media
2026-06-01T23:12:26,scraper_unimarc,Vino santa emiliana chardonnay 700 cc,Carnes y Pescados,Mariscos,bebida_fuera_de_bebidas,Bebidas,Vinos,Media
2026-06-01T23:12:26,scraper_unimarc,Jugo en polvo livean durazno rinde 1 l,Carnes y Pescados,Mariscos,bebida_fuera_de_bebidas,Bebidas,Jugos,Media
2026-06-01T23:12:26,scraper_unimarc,Vino aliwen cabernet-syrah 750 cc,Carnes y Pescados,Mariscos,bebida_fuera_de_bebidas,Bebidas,Vinos,Media
2026-06-01T23:12:26,scraper_unimarc,Vino tarapacá reserva merlot 750 cc,Carnes y Pescados,Mariscos,bebida_fuera_de_bebidas,Bebidas,Vinos,Media
2026-06-01T23:12:26,scraper_unimarc,Cóctel de vino exportación ice piña tropical botella 1.5 l,Carnes y Pescados,Mariscos,bebida_fuera_de_bebidas,Bebidas,Vinos,Media
2026-06-01T23:12:26,scraper_unimarc,Vino errázuriz caliterra tributo malbec 750 cc,Carnes y Pescados,Mariscos,bebida_fuera_de_bebidas,Bebidas,Vinos,Media
2026-06-01T23:12:26,scraper_unimarc,Vino los mentirosos merlot botella 1.5 l,Carnes y Pescados,Mariscos,bebida_fuera_de_bebidas,Bebidas,Vinos,Media
2026-06-01T23:12:26,scraper_unimarc,Pack cerveza estrella damm botella 6 un de 330 cc,Carnes y Pescados,Mariscos,bebida_fuera_de_bebidas,Bebidas,Cervezas,Media
2026-06-01T23:12:26,scraper_unimarc,Néctar watt's tutti frutilla boca ancha 300 ml,Carnes y Pescados,Mariscos,bebida_fuera_de_bebidas,Bebidas,Jugos,Media
2026-06-01T23:12:27,scraper_unimarc,Vino carmenere gato botella 1.5 l,Carnes y Pescados,Mariscos,mascota_fuera_de_mascotas,Mascotas,Alimento Gatos,Alta
2026-06-01T23:12:34,scraper_unimarc,Vino gato cabernet sauvignon 1.5 l,Carnes y Pescados,Mariscos,mascota_fuera_de_mascotas,Mascotas,Alimento Gatos,Alta
2026-06-01T23:12:35,scraper_unimarc,Vino león de tarapacá sauvignon blanc botella 750 cc,Carnes y Pescados,Mariscos,bebida_fuera_de_bebidas,Bebidas,Vinos,Media
2026-06-01T23:12:35,scraper_unimarc,Pack cerveza kross maibock botella 4 un de 330 cc,Carnes y Pescados,Mariscos,bebida_fuera_de_bebidas,Bebidas,Cervezas,Media
2026-06-01T23:12:35,scraper_unimarc,Vino tarapacá reserva chardonnay 750 cc,Carnes y Pescados,Mariscos,bebida_fuera_de_bebidas,Bebidas,Vinos,Media
2026-06-01T23:12:35,scraper_unimarc,Vino sangría epica tetra 3 l,Carnes y Pescados,Mariscos,bebida_fuera_de_bebidas,Bebidas,Vinos,Media
2026-06-01T23:12:35,scraper_unimarc,Vino santa rita carmenere 120 botellón 2 l,Carnes y Pescados,Mariscos,bebida_fuera_de_bebidas,Bebidas,Vinos,Media
2026-06-01T23:12:35,scraper_unimarc,Bebida a base de cebada ecco instantáneo 100 gr,Carnes y Pescados,Mariscos,bebida_fuera_de_bebidas,Bebidas,Bebidas,Media
2026-06-01T23:12:35,scraper_unimarc,Vino errázuriz max reserva cabernet sauvignon 750 cc,Carnes y Pescados,Mariscos,bebida_fuera_de_bebidas,Bebidas,Vinos,Media
2026-06-01T23:12:35,scraper_unimarc,Vino aliwen cabernet-carmenere 750 cc,Carnes y Pescados,Mariscos,bebida_fuera_de_bebidas,Bebidas,Vinos,Media
2026-06-01T23:12:35,scraper_unimarc,Jugo fresco watt's selección naranja y zanahoria 1.6 l,Carnes y Pescados,Mariscos,bebida_fuera_de_bebidas,Bebidas,Jugos,Media
2026-06-01T23:12:35,scraper_unimarc,Cóctel de vino exportación frutilla botella 1.5 l,Carnes y Pescados,Mariscos,bebida_fuera_de_bebidas,Bebidas,Vinos,Media
2026-06-01T23:12:35,scraper_unimarc,Néctar vivo durazno 1 l,Carnes y Pescados,Mariscos,bebida_fuera_de_bebidas,Bebidas,Jugos,Media
2026-06-01T23:12:35,scraper_unimarc,Pack cerveza kunstmann torobayo ale long neck botella 4 un de 330 cc,Carnes y Pescados,Mariscos,bebida_fuera_de_bebidas,Bebidas,Cervezas,Media
2026-06-01T23:12:35,scraper_unimarc,Pack cerveza austral calafate botella 4 un de 330 cc,Carnes y Pescados,Mariscos,bebida_fuera_de_bebidas,Bebidas,Cervezas,Media
2026-06-01T23:12:36,scraper_unimarc,Vino tinto clos de pirque caja 1 l,Carnes y Pescados,Mariscos,bebida_fuera_de_bebidas,Bebidas,Vinos,Media
2026-06-01T23:12:36,scraper_unimarc,Vino undurraga aliwen sauvignon blanc 750 cc,Carnes y Pescados,Mariscos,bebida_fuera_de_bebidas,Bebidas,Vinos,Media
2026-06-01T23:12:36,scraper_unimarc,Jugo en polvo livean papaya rinde 1 l,Carnes y Pescados,Mariscos,bebida_fuera_de_bebidas,Bebidas,Jugos,Media
2026-06-01T23:12:36,scraper_unimarc,Vino blanco gato botellón 1.5 l,Carnes y Pescados,Mariscos,mascota_fuera_de_mascotas,Mascotas,Alimento Gatos,Alta
2026-06-01T23:12:36,scraper_unimarc,Vino errázuriz max reserva carmenere 750 cc,Carnes y Pescados,Mariscos,bebida_fuera_de_bebidas,Bebidas,Vinos,Media
2026-06-01T23:12:36,scraper_unimarc,Vino los mentirosos cabernet sauvignon botella 1.5 l,Carnes y Pescados,Mariscos,bebida_fuera_de_bebidas,Bebidas,Vinos,Media
2026-06-01T23:12:59,scraper_unimarc,Pack helado danky mini nogatonga 5 un de 80 ml,Congelados,Congelados,mascota_fuera_de_mascotas,Mascotas,Alimento Gatos,Alta
2026-06-01T23:13:44,scraper_unimarc,Pulpa jugo minuto verde mango 335 g,Congelados,Congelados,bebida_fuera_de_bebidas,Bebidas,Jugos,Media
2026-06-01T23:14:55,scraper_unimarc,Alimento perro adulto cachupín carne con arroz 9 kg,Despensa,Arroz,mascota_fuera_de_mascotas,Mascotas,Alimento Perros,Alta
2026-06-01T23:15:03,scraper_unimarc,Shampoo le petit olivier almendras dulces y arroz 250 ml,Despensa,Arroz,higiene_fuera_de_higiene,Higiene Personal,Shampoo,Alta
2026-06-01T23:15:03,scraper_unimarc,Acondicionador le petit olivier almendras dulces y arroz 200 ml,Despensa,Arroz,higiene_fuera_de_higiene,Higiene Personal,Acondicionador,Alta
2026-06-01T23:15:36,scraper_unimarc,Desodorante ambiental glade aceites naturales vainilla aparato + repuesto 21 ml,Despensa,Aceite,higiene_fuera_de_higiene,Higiene Personal,Desodorantes,Alta
2026-06-01T23:15:36,scraper_unimarc,Desodorante ambiental glade aceites naturales mango tropical repuesto 3 un de 21 ml,Despensa,Aceite,higiene_fuera_de_higiene,Higiene Personal,Desodorantes,Alta
2026-06-01T23:15:36,scraper_unimarc,Desodorante glade aceites naturales manzana y canela aparato 21 ml,Despensa,Aceite,higiene_fuera_de_higiene,Higiene Personal,Desodorantes,Alta
2026-06-01T23:15:36,scraper_unimarc,Desodorante ambiental glade aceites naturales vainilla repuesto twinpack 21 ml,Despensa,Aceite,higiene_fuera_de_higiene,Higiene Personal,Desodorantes,Alta
2026-06-01T23:15:36,scraper_unimarc,Desodorante ambiental glade aceites naturales vainilla repuesto 3 un de 21 ml,Despensa,Aceite,higiene_fuera_de_higiene,Higiene Personal,Desodorantes,Alta
2026-06-01T23:15:36,scraper_unimarc,Sucedáneo jugo de limón traverso 500 ml,Despensa,Aceite,bebida_fuera_de_bebidas,Bebidas,Jugos,Media
2026-06-01T23:15:37,scraper_unimarc,Sucedáneo jugo de limón traverso 1 l,Despensa,Aceite,bebida_fuera_de_bebidas,Bebidas,Jugos,Media
2026-06-01T23:15:37,scraper_unimarc,Sucedáneo jugo de limón nuestra cocina botella 500 ml,Despensa,Aceite,bebida_fuera_de_bebidas,Bebidas,Jugos,Media
2026-06-01T23:15:37,scraper_unimarc,Sucedáneo jugo limón de pica traverso 500 ml,Despensa,Aceite,bebida_fuera_de_bebidas,Bebidas,Jugos,Media
2026-06-01T23:15:37,scraper_unimarc,Sucedáneo jugo limón de pica nuestra cocina botella 500 ml,Despensa,Aceite,bebida_fuera_de_bebidas,Bebidas,Jugos,Media
2026-06-01T23:15:45,scraper_unimarc,Vinagre vino blanco traverso 1 l,Despensa,Aceite,bebida_fuera_de_bebidas,Bebidas,Vinos,Media
2026-06-01T23:15:45,scraper_unimarc,Vinagre traverso vino rosado 1 l,Despensa,Aceite,bebida_fuera_de_bebidas,Bebidas,Vinos,Media
2026-06-01T23:15:45,scraper_unimarc,Vinagre vino blanco traverso 500 ml,Despensa,Aceite,bebida_fuera_de_bebidas,Bebidas,Vinos,Media
2026-06-01T23:15:46,scraper_unimarc,Vinagre vino rosado traverso 500 ml,Despensa,Aceite,bebida_fuera_de_bebidas,Bebidas,Vinos,Media
2026-06-01T23:16:28,scraper_unimarc,Bebida a base de cebada ecco instantáneo 170 gr,Despensa,Cafe,bebida_fuera_de_bebidas,Bebidas,Bebidas,Media
2026-06-01T23:16:36,scraper_unimarc,Bebida a base de cebada ecco instantáneo 100 gr,Despensa,Cafe,bebida_fuera_de_bebidas,Bebidas,Bebidas,Media
2026-06-01T23:17:18,scraper_unimarc,Bebida coca cola zero desechable 3 l,Despensa,Azucar,bebida_fuera_de_bebidas,Bebidas,Bebidas,Media
2026-06-01T23:17:18,scraper_unimarc,Bebida coca cola zero 1 l,Despensa,Azucar,bebida_fuera_de_bebidas,Bebidas,Bebidas,Media
2026-06-01T23:17:18,scraper_unimarc,Pack bebida coca cola zero lata 6 un de 350 ml,Despensa,Azucar,bebida_fuera_de_bebidas,Bebidas,Bebidas,Media
2026-06-01T23:17:19,scraper_unimarc,Bebida coca cola zero botella 591 ml,Despensa,Azucar,bebida_fuera_de_bebidas,Bebidas,Bebidas,Media
2026-06-01T23:17:19,scraper_unimarc,Bebida coca cola zero 1.5 l,Despensa,Azucar,bebida_fuera_de_bebidas,Bebidas,Bebidas,Media
2026-06-01T23:17:19,scraper_unimarc,Bebida pepsi zero no retornable 3 l,Despensa,Azucar,bebida_fuera_de_bebidas,Bebidas,Bebidas,Media
2026-06-01T23:17:19,scraper_unimarc,Bebida coca cola light desechable 3 l,Despensa,Azucar,bebida_fuera_de_bebidas,Bebidas,Bebidas,Media
2026-06-01T23:17:19,scraper_unimarc,Pack bebida pepsi zero lata 6 un de 350 ml,Despensa,Azucar,bebida_fuera_de_bebidas,Bebidas,Bebidas,Media
2026-06-01T23:17:19,scraper_unimarc,Pack bebida coca cola light lata 6 un de 350 ml,Despensa,Azucar,bebida_fuera_de_bebidas,Bebidas,Bebidas,Media
2026-06-01T23:17:19,scraper_unimarc,Bebida coca cola light 1 l,Despensa,Azucar,bebida_fuera_de_bebidas,Bebidas,Bebidas,Media
2026-06-01T23:17:19,scraper_unimarc,Pack bebida coca cola + sprite sin azúcar 2 un 3 l,Despensa,Azucar,bebida_fuera_de_bebidas,Bebidas,Bebidas,Media
2026-06-01T23:17:19,scraper_unimarc,Bebida pepsi zero desechable 1.25 l,Despensa,Azucar,bebida_fuera_de_bebidas,Bebidas,Bebidas,Media
2026-06-01T23:17:19,scraper_unimarc,Bebida coca cola light botella 591 ml,Despensa,Azucar,bebida_fuera_de_bebidas,Bebidas,Bebidas,Media
2026-06-01T23:17:19,scraper_unimarc,Bebida coca cola zero lata 473 ml (diseño aleatorio),Despensa,Azucar,bebida_fuera_de_bebidas,Bebidas,Bebidas,Media
2026-06-01T23:17:19,scraper_unimarc,Pack bebida coca cola + fanta sin azúcar 2 un de 3 l,Despensa,Azucar,bebida_fuera_de_bebidas,Bebidas,Bebidas,Media
2026-06-01T23:17:19,scraper_unimarc,Bebida pepsi zero 600 ml,Despensa,Azucar,bebida_fuera_de_bebidas,Bebidas,Bebidas,Media
2026-06-01T23:17:19,scraper_unimarc,Pack bebida coca cola + nordic sin azúcar 2 un de 3 l,Despensa,Azucar,bebida_fuera_de_bebidas,Bebidas,Bebidas,Media
2026-06-01T23:17:27,scraper_unimarc,Bebida coca cola light 1.5 l,Despensa,Azucar,bebida_fuera_de_bebidas,Bebidas,Bebidas,Media
2026-06-01T23:17:27,scraper_unimarc,Cóctel whisky jack daniels y coca cola sin azúcar lata 350 ml,Despensa,Azucar,bebida_fuera_de_bebidas,Bebidas,Bebidas,Media
2026-06-01T23:17:27,scraper_unimarc,Bebida pepsi zero no retornable 1.5 l,Despensa,Azucar,bebida_fuera_de_bebidas,Bebidas,Bebidas,Media
2026-06-01T23:17:27,scraper_unimarc,Bebida coca cola original desechable 3 l,Despensa,Azucar,bebida_fuera_de_bebidas,Bebidas,Bebidas,Media
2026-06-01T23:17:27,scraper_unimarc,Bebida coca cola original 1 l,Despensa,Azucar,bebida_fuera_de_bebidas,Bebidas,Bebidas,Media
2026-06-01T23:17:27,scraper_unimarc,Pack bebida coca cola original lata 6 un de 350 ml,Despensa,Azucar,bebida_fuera_de_bebidas,Bebidas,Bebidas,Media
2026-06-01T23:17:27,scraper_unimarc,Bebida pepsi no retornable 3 l,Despensa,Azucar,bebida_fuera_de_bebidas,Bebidas,Bebidas,Media
2026-06-01T23:17:27,scraper_unimarc,Bebida kem piña no retornable 3 l,Despensa,Azucar,bebida_fuera_de_bebidas,Bebidas,Bebidas,Media
2026-06-01T23:17:28,scraper_unimarc,Bebida limón soda no retornable 3 l,Despensa,Azucar,bebida_fuera_de_bebidas,Bebidas,Bebidas,Media
2026-06-01T23:17:28,scraper_unimarc,Bebida pap no retornable 3 l,Despensa,Azucar,bebida_fuera_de_bebidas,Bebidas,Bebidas,Media
2026-06-01T23:17:28,scraper_unimarc,Bebida bilz no retornable 3 l,Despensa,Azucar,bebida_fuera_de_bebidas,Bebidas,Bebidas,Media
2026-06-01T23:17:28,scraper_unimarc,Bebida canada dry ginger ale no retornable 3 l,Despensa,Azucar,bebida_fuera_de_bebidas,Bebidas,Bebidas,Media
2026-06-01T23:17:28,scraper_unimarc,Gatolate evercrisp sabor chocolate 200 g,Despensa,Azucar,mascota_fuera_de_mascotas,Mascotas,Alimento Gatos,Alta
2026-06-01T23:17:28,scraper_unimarc,Pack bebida pepsi lata 6 un de 350 ml,Despensa,Azucar,bebida_fuera_de_bebidas,Bebidas,Bebidas,Media
2026-06-01T23:17:28,scraper_unimarc,Galletas mckay vino 155 g,Despensa,Azucar,bebida_fuera_de_bebidas,Bebidas,Vinos,Media
2026-06-01T23:17:28,scraper_unimarc,Pack bebida kem piña lata 6 un de 350 ml,Despensa,Azucar,bebida_fuera_de_bebidas,Bebidas,Bebidas,Media
2026-06-01T23:17:37,scraper_unimarc,Pack bebida limón soda lata 6 un de 350 ml,Despensa,Azucar,bebida_fuera_de_bebidas,Bebidas,Bebidas,Media
2026-06-01T23:17:37,scraper_unimarc,Pack bebida sabor original fanta lata 6un de 350 ml,Despensa,Azucar,bebida_fuera_de_bebidas,Bebidas,Bebidas,Media
2026-06-01T23:17:37,scraper_unimarc,Pack bebida bilz lata 6 un de 350 ml,Despensa,Azucar,bebida_fuera_de_bebidas,Bebidas,Bebidas,Media
2026-06-01T23:17:37,scraper_unimarc,Pack bebida pap lata 6 un de 350 ml,Despensa,Azucar,bebida_fuera_de_bebidas,Bebidas,Bebidas,Media
2026-06-01T23:17:37,scraper_unimarc,Pack helado danky mini nogatonga 5 un de 80 ml,Despensa,Azucar,mascota_fuera_de_mascotas,Mascotas,Alimento Gatos,Alta
2026-06-01T23:17:37,scraper_unimarc,Pack bebida canada dry ginger ale lata 6 un de 350 ml,Despensa,Azucar,bebida_fuera_de_bebidas,Bebidas,Bebidas,Media
2026-06-01T23:17:38,scraper_unimarc,Bebida fanta sabor pomelo lata 6 un de 350 ml,Despensa,Azucar,bebida_fuera_de_bebidas,Bebidas,Bebidas,Media
2026-06-01T23:17:38,scraper_unimarc,Pack bebida fanta sin azúcar lata 6 un de 350 ml,Despensa,Azucar,bebida_fuera_de_bebidas,Bebidas,Bebidas,Media
2026-06-01T23:17:38,scraper_unimarc,Pack bebida canada dry agua tónica lata 6 un de 350 ml,Despensa,Azucar,bebida_fuera_de_bebidas,Bebidas,Aguas,Media
2026-06-01T23:17:38,scraper_unimarc,Bebida fanta naranja desechable 1.25 l,Despensa,Azucar,bebida_fuera_de_bebidas,Bebidas,Bebidas,Media
2026-06-01T23:17:38,scraper_unimarc,Bebida agua tónica schweppes lata 6 un de 310 ml,Despensa,Azucar,bebida_fuera_de_bebidas,Bebidas,Aguas,Media
2026-06-01T23:17:38,scraper_unimarc,Bebida schweppes ginger ale sin azúcar lata 6 un de 310 ml,Despensa,Azucar,bebida_fuera_de_bebidas,Bebidas,Bebidas,Media
2026-06-01T23:17:38,scraper_unimarc,Bebida coca cola original botella 591 ml,Despensa,Azucar,bebida_fuera_de_bebidas,Bebidas,Bebidas,Media
2026-06-01T23:17:38,scraper_unimarc,Saborizante para leche milo bolsa 300 g,Despensa,Azucar,bebida_fuera_de_bebidas,Bebidas,Bebidas,Media
2026-06-01T23:17:46,scraper_unimarc,Saborizante para leche milo activ-go bolsa 1 kg,Despensa,Azucar,bebida_fuera_de_bebidas,Bebidas,Bebidas,Media
2026-06-01T23:17:46,scraper_unimarc,Cereal milo sabor chocolate 700 g,Despensa,Azucar,bebida_fuera_de_bebidas,Bebidas,Bebidas,Media
2026-06-01T23:17:46,scraper_unimarc,Pack néctar livean manzana 0% azúcar 6 un de 200 ml,Despensa,Azucar,bebida_fuera_de_bebidas,Bebidas,Jugos,Media
2026-06-01T23:17:46,scraper_unimarc,Cereal milo nestlé caja 300 g,Despensa,Azucar,bebida_fuera_de_bebidas,Bebidas,Bebidas,Media
2026-06-01T23:17:47,scraper_unimarc,Red bull bebida energética lata 250 ml,Despensa,Azucar,bebida_fuera_de_bebidas,Bebidas,Bebidas Energeticas,Media
2026-06-01T23:17:47,scraper_unimarc,Red bull bebida energética sabor tropical lata 250 ml,Despensa,Azucar,bebida_fuera_de_bebidas,Bebidas,Bebidas Energeticas,Media
2026-06-01T23:17:47,scraper_unimarc,Saborizante para leche milo activ-go 620 g,Despensa,Azucar,bebida_fuera_de_bebidas,Bebidas,Bebidas,Media
2026-06-01T23:17:47,scraper_unimarc,Bebida fanta naranja sin azúcar 1.25 l,Despensa,Azucar,bebida_fuera_de_bebidas,Bebidas,Bebidas,Media
2026-06-01T23:17:47,scraper_unimarc,Jugo en polvo zuko naranja rinde 1 l,Despensa,Azucar,bebida_fuera_de_bebidas,Bebidas,Jugos,Media
2026-06-01T23:17:56,scraper_unimarc,Red bull bebida energética sabor acaí lata 250 ml,Despensa,Azucar,bebida_fuera_de_bebidas,Bebidas,Bebidas Energeticas,Media
2026-06-01T23:17:56,scraper_unimarc,Pack néctar livean piña 0% azúcar 6 un de 200 ml,Despensa,Azucar,bebida_fuera_de_bebidas,Bebidas,Jugos,Media
2026-06-01T23:17:56,scraper_unimarc,Bebida inca kola desechable 1.25 lt,Despensa,Azucar,bebida_fuera_de_bebidas,Bebidas,Bebidas,Media
2026-06-01T23:17:57,scraper_unimarc,Red bull bebida energética sabor sandía 250 ml,Despensa,Azucar,bebida_fuera_de_bebidas,Bebidas,Bebidas Energeticas,Media
2026-06-01T23:18:04,scraper_unimarc,Bebida energética red bull sabor fruta del dragón 250 ml,Despensa,Azucar,bebida_fuera_de_bebidas,Bebidas,Bebidas Energeticas,Media
2026-06-01T23:18:04,scraper_unimarc,Red bull bebida energética sabor arándano lata 250 ml,Despensa,Azucar,bebida_fuera_de_bebidas,Bebidas,Bebidas Energeticas,Media
2026-06-01T23:18:04,scraper_unimarc,Galletas costa vino 160 g,Despensa,Azucar,bebida_fuera_de_bebidas,Bebidas,Vinos,Media
2026-06-01T23:18:05,scraper_unimarc,Bebida schweppes ginger ale sin azúcar desechable 1.25 l,Despensa,Azucar,bebida_fuera_de_bebidas,Bebidas,Bebidas,Media
2026-06-01T23:18:05,scraper_unimarc,Néctar del valle sabor durazno lata 340 ml,Despensa,Azucar,bebida_fuera_de_bebidas,Bebidas,Jugos,Media
2026-06-01T23:18:06,scraper_unimarc,Fanta naranja full sugar 591 ml pet,Despensa,Azucar,bebida_fuera_de_bebidas,Bebidas,Bebidas,Media
2026-06-01T23:18:13,scraper_unimarc,Néctar del valle sabor pera lata 340 ml,Despensa,Azucar,bebida_fuera_de_bebidas,Bebidas,Jugos,Media
2026-06-01T23:18:13,scraper_unimarc,Néctar del valle sabor manzana lata 340 ml,Despensa,Azucar,bebida_fuera_de_bebidas,Bebidas,Jugos,Media
2026-06-01T23:18:14,scraper_unimarc,Bebida coca cola retornable 2 l + envase,Despensa,Azucar,bebida_fuera_de_bebidas,Bebidas,Bebidas,Media
2026-06-01T23:18:14,scraper_unimarc,Bebida fanta sin azúcar botella 591 ml,Despensa,Azucar,bebida_fuera_de_bebidas,Bebidas,Bebidas,Media
2026-06-01T23:18:14,scraper_unimarc,Pack néctar livean durazno 0% azúcar 6 un de 200 ml,Despensa,Azucar,bebida_fuera_de_bebidas,Bebidas,Jugos,Media
2026-06-01T23:18:15,scraper_unimarc,Pack néctar livean naranja 0% azúcar 6 un de 200 ml,Despensa,Azucar,bebida_fuera_de_bebidas,Bebidas,Jugos,Media
2026-06-01T23:18:15,scraper_unimarc,Bebida canada dry agua tónica no retornable 1.5 l,Despensa,Azucar,bebida_fuera_de_bebidas,Bebidas,Aguas,Media
2026-06-01T23:18:15,scraper_unimarc,Galleta mini vino costa 35 g,Despensa,Azucar,bebida_fuera_de_bebidas,Bebidas,Vinos,Media
2026-06-01T23:18:23,scraper_unimarc,Bebida canada dry ginger ale no retornable 1.5 l,Despensa,Azucar,bebida_fuera_de_bebidas,Bebidas,Bebidas,Media
2026-06-01T23:18:23,scraper_unimarc,Bebida pap retornable 2 l + envase,Despensa,Azucar,bebida_fuera_de_bebidas,Bebidas,Bebidas,Media
2026-06-01T23:18:24,scraper_unimarc,Bebida kem xtreme no retornable 1.5 l,Despensa,Azucar,bebida_fuera_de_bebidas,Bebidas,Bebidas,Media
2026-06-01T23:18:24,scraper_unimarc,Bebida kem piña retornable 2 l + envase,Despensa,Azucar,bebida_fuera_de_bebidas,Bebidas,Bebidas,Media
2026-06-01T23:18:32,scraper_unimarc,Bebida limón soda retornable 2 l + envase,Despensa,Azucar,bebida_fuera_de_bebidas,Bebidas,Bebidas,Media
2026-06-01T23:18:33,scraper_unimarc,Bebida bilz retornable 2 l + envase,Despensa,Azucar,bebida_fuera_de_bebidas,Bebidas,Bebidas,Media
2026-06-01T23:18:33,scraper_unimarc,Bebida energética score gorilla lata 473 ml,Despensa,Azucar,bebida_fuera_de_bebidas,Bebidas,Bebidas Energeticas,Media
2026-06-01T23:18:41,scraper_unimarc,Bebida energética monster energy regular lata 473 ml,Despensa,Azucar,bebida_fuera_de_bebidas,Bebidas,Bebidas Energeticas,Media
2026-06-01T23:18:42,scraper_unimarc,Bebida energética rockstar original 500 ml,Despensa,Azucar,bebida_fuera_de_bebidas,Bebidas,Bebidas Energeticas,Media
2026-06-01T23:18:42,scraper_unimarc,Bebida bilz 600 cc,Despensa,Azucar,bebida_fuera_de_bebidas,Bebidas,Bebidas,Media
2026-06-01T23:18:42,scraper_unimarc,Bebida limón soda 600 cc,Despensa,Azucar,bebida_fuera_de_bebidas,Bebidas,Bebidas,Media
2026-06-01T23:18:42,scraper_unimarc,Bebida pepsi 600 ml,Despensa,Azucar,bebida_fuera_de_bebidas,Bebidas,Bebidas,Media
2026-06-01T23:18:51,scraper_unimarc,Bebida vegetal notmilk zero sin azúcar 1 l,Despensa,Azucar,bebida_fuera_de_bebidas,Bebidas,Bebidas,Media
2026-06-01T23:18:51,scraper_unimarc,Bebida gaseosa pap 600ml,Despensa,Azucar,bebida_fuera_de_bebidas,Bebidas,Bebidas,Media
2026-06-01T23:18:52,scraper_unimarc,Bebida kem xtreme 600 ml,Despensa,Azucar,bebida_fuera_de_bebidas,Bebidas,Bebidas,Media
2026-06-01T23:18:52,scraper_unimarc,Bebida kem 600 cc,Despensa,Azucar,bebida_fuera_de_bebidas,Bebidas,Bebidas,Media
2026-06-01T23:18:52,scraper_unimarc,Bebida limón soda zero sin azúcar 600 cc,Despensa,Azucar,bebida_fuera_de_bebidas,Bebidas,Bebidas,Media
2026-06-01T23:19:11,scraper_unimarc,Bebida point sin azúcar cola desechable 3 l,Despensa,Azucar,bebida_fuera_de_bebidas,Bebidas,Bebidas,Media
2026-06-01T23:19:11,scraper_unimarc,Saborizante para leche milo activ-go tarro 700 g,Despensa,Azucar,bebida_fuera_de_bebidas,Bebidas,Bebidas,Media
2026-06-01T23:19:11,scraper_unimarc,Bebida coca cola original 1.5 l,Despensa,Azucar,bebida_fuera_de_bebidas,Bebidas,Bebidas,Media
2026-06-01T23:19:19,scraper_unimarc,Bebida de almendra vilay sin azúcar 1 l,Despensa,Azucar,bebida_fuera_de_bebidas,Bebidas,Bebidas,Media
2026-06-01T23:19:20,scraper_unimarc,Jugo guallarauco naranja 0% azúcar añadida botella 1 l,Despensa,Azucar,bebida_fuera_de_bebidas,Bebidas,Jugos,Media
2026-06-01T23:19:20,scraper_unimarc,Agua saborizada aquarius manzana sin azúcar botella 1.6 l,Despensa,Azucar,bebida_fuera_de_bebidas,Bebidas,Aguas,Media
2026-06-01T23:19:20,scraper_unimarc,Endulzante tagasweet tagatosa gotas 180 ml,Despensa,Azucar,mascota_fuera_de_mascotas,Mascotas,Alimento Gatos,Alta
2026-06-01T23:19:28,scraper_unimarc,Bebida de coco vilay sin azúcar 1 l,Despensa,Azucar,bebida_fuera_de_bebidas,Bebidas,Bebidas,Media
2026-06-01T23:19:28,scraper_unimarc,Jugo concentrado berryvita cranberry 1 l,Despensa,Azucar,bebida_fuera_de_bebidas,Bebidas,Jugos,Media
2026-06-01T23:19:37,scraper_unimarc,Bebida energética score original lata 473 ml,Despensa,Azucar,bebida_fuera_de_bebidas,Bebidas,Bebidas Energeticas,Media
2026-06-01T23:19:37,scraper_unimarc,Bebida agua tónica schweppes sin azúcar desechable 1.5 l,Despensa,Azucar,bebida_fuera_de_bebidas,Bebidas,Aguas,Media
2026-06-01T23:19:37,scraper_unimarc,Bebida point sin azúcar papaya desechable 3 l,Despensa,Azucar,bebida_fuera_de_bebidas,Bebidas,Bebidas,Media
2026-06-01T23:19:37,scraper_unimarc,Agua saborizada aquarius limonada sin azúcar botella 1.6 l,Despensa,Azucar,bebida_fuera_de_bebidas,Bebidas,Aguas,Media
2026-06-01T23:19:46,scraper_unimarc,Bebida energética monster energy juice riper lata 473 ml,Despensa,Azucar,bebida_fuera_de_bebidas,Bebidas,Bebidas Energeticas,Media
2026-06-01T23:19:46,scraper_unimarc,Bebida point sin azúcar lima limón desechable 3 l,Despensa,Azucar,bebida_fuera_de_bebidas,Bebidas,Bebidas,Media
2026-06-01T23:19:46,scraper_unimarc,Bebida britvic ginger beer 200 ml,Despensa,Azucar,bebida_fuera_de_bebidas,Bebidas,Bebidas,Media
2026-06-01T23:19:47,scraper_unimarc,Bebida point sin azúcar naranja desechable 3 l,Despensa,Azucar,bebida_fuera_de_bebidas,Bebidas,Bebidas,Media
2026-06-01T23:19:55,scraper_unimarc,Agua saborizada aquarius uva sin azúcar añadida botella 1.6 l,Despensa,Azucar,bebida_fuera_de_bebidas,Bebidas,Aguas,Media
2026-06-01T23:19:55,scraper_unimarc,Néctar guallarauco mango 0% azúcar añadida 1 l,Despensa,Azucar,bebida_fuera_de_bebidas,Bebidas,Jugos,Media
2026-06-01T23:19:55,scraper_unimarc,Red bull bebida energética sabor tropical 4 latas de 250 ml,Despensa,Azucar,bebida_fuera_de_bebidas,Bebidas,Bebidas Energeticas,Media
2026-06-01T23:19:55,scraper_unimarc,Bebida fanta sin azúcar 1.5 l,Despensa,Azucar,bebida_fuera_de_bebidas,Bebidas,Bebidas,Media
2026-06-01T23:19:55,scraper_unimarc,Cereal milo nestlé bolsa 30 g,Despensa,Azucar,bebida_fuera_de_bebidas,Bebidas,Bebidas,Media
2026-06-01T23:19:55,scraper_unimarc,Bebida fanta sin azúcar desechable 3 l,Despensa,Azucar,bebida_fuera_de_bebidas,Bebidas,Bebidas,Media
2026-06-01T23:19:56,scraper_unimarc,Bebida energética monster peachy keen sin azúcar lata 473 ml,Despensa,Azucar,bebida_fuera_de_bebidas,Bebidas,Bebidas Energeticas,Media
2026-06-01T23:20:04,scraper_unimarc,Pack bebida guaraná antártica original 12 un de 350 ml,Despensa,Azucar,bebida_fuera_de_bebidas,Bebidas,Bebidas,Media
2026-06-01T23:20:04,scraper_unimarc,Red bull bebida energética lata 355 ml,Despensa,Azucar,bebida_fuera_de_bebidas,Bebidas,Bebidas Energeticas,Media
2026-06-01T23:20:05,scraper_unimarc,Cereal milo minis 330 g,Despensa,Azucar,bebida_fuera_de_bebidas,Bebidas,Bebidas,Media
2026-06-01T23:20:14,scraper_unimarc,Fortificante para leche milo activ go 150 g,Despensa,Azucar,bebida_fuera_de_bebidas,Bebidas,Bebidas,Media
2026-06-01T23:20:15,scraper_unimarc,Galletas mckay vino mini 40 g,Despensa,Azucar,bebida_fuera_de_bebidas,Bebidas,Vinos,Media
2026-06-01T23:20:16,scraper_unimarc,Fanta naranja full sugar 3 lt pet,Despensa,Azucar,bebida_fuera_de_bebidas,Bebidas,Bebidas,Media
2026-06-01T23:20:16,scraper_unimarc,Red bull bebida energética sin azúcar 4 latas de 250 ml,Despensa,Azucar,bebida_fuera_de_bebidas,Bebidas,Bebidas Energeticas,Media
2026-06-01T23:20:24,scraper_unimarc,Néctar livean manzana 0% azúcar botella 1.5 l,Despensa,Azucar,bebida_fuera_de_bebidas,Bebidas,Jugos,Media
2026-06-01T23:20:24,scraper_unimarc,Néctar del valle durazno 0% azúcar añadida botella 1.5 l,Despensa,Azucar,bebida_fuera_de_bebidas,Bebidas,Jugos,Media
2026-06-01T23:20:24,scraper_unimarc,Red bull bebida energética sin azúcar lata 355 ml,Despensa,Azucar,bebida_fuera_de_bebidas,Bebidas,Bebidas Energeticas,Media
2026-06-01T23:20:24,scraper_unimarc,Bebida agua tónica schweppes desechable 1.5 l,Despensa,Azucar,bebida_fuera_de_bebidas,Bebidas,Aguas,Media
2026-06-01T23:20:25,scraper_unimarc,Bebida energética monster ultra paradise sin azúcar lata 473 ml,Despensa,Azucar,bebida_fuera_de_bebidas,Bebidas,Bebidas Energeticas,Media
2026-06-01T23:20:25,scraper_unimarc,Bebida kem piña no retornable 1.5 l,Despensa,Azucar,bebida_fuera_de_bebidas,Bebidas,Bebidas,Media
2026-06-01T23:20:25,scraper_unimarc,Néctar del valle naranja 0% azúcar añadida botella 1.5 l,Despensa,Azucar,bebida_fuera_de_bebidas,Bebidas,Jugos,Media
2026-06-01T23:20:33,scraper_unimarc,Fanta pomelo full sugar 1.5 lt pet,Despensa,Azucar,bebida_fuera_de_bebidas,Bebidas,Bebidas,Media
2026-06-01T23:20:34,scraper_unimarc,Néctar livean arándano 0% azúcar botella 1.5 l,Despensa,Azucar,bebida_fuera_de_bebidas,Bebidas,Jugos,Media
2026-06-01T23:20:34,scraper_unimarc,Bebida limón soda no retornable 1.5 l,Despensa,Azucar,bebida_fuera_de_bebidas,Bebidas,Bebidas,Media
2026-06-01T23:20:34,scraper_unimarc,Bebida pepsi no retornable 1.5 l,Despensa,Azucar,bebida_fuera_de_bebidas,Bebidas,Bebidas,Media
2026-06-01T23:20:42,scraper_unimarc,Pack bebida ginger beer fever tree premium botella 4 un de 200 ml,Despensa,Azucar,bebida_fuera_de_bebidas,Bebidas,Bebidas,Media
2026-06-01T23:20:42,scraper_unimarc,Bebida bilz no retornable 1.5 l,Despensa,Azucar,bebida_fuera_de_bebidas,Bebidas,Bebidas,Media
2026-06-01T23:20:42,scraper_unimarc,Galletas dos en uno vino 160 g,Despensa,Azucar,bebida_fuera_de_bebidas,Bebidas,Vinos,Media
2026-06-01T23:20:43,scraper_unimarc,Néctar arizona 100% natural uva 680 ml,Despensa,Azucar,bebida_fuera_de_bebidas,Bebidas,Jugos,Media
2026-06-01T23:20:43,scraper_unimarc,Fanta naranja full sugar 350ml lata,Despensa,Azucar,bebida_fuera_de_bebidas,Bebidas,Bebidas,Media
2026-06-01T23:20:51,scraper_unimarc,Fanta naranja full sugar 1.5 lt pet,Despensa,Azucar,bebida_fuera_de_bebidas,Bebidas,Bebidas,Media
2026-06-01T23:20:51,scraper_unimarc,Red bull bebida energética 4 latas de 250 ml,Despensa,Azucar,bebida_fuera_de_bebidas,Bebidas,Bebidas Energeticas,Media
2026-06-01T23:20:52,scraper_unimarc,Bebida inca kola desechable 3 l,Despensa,Azucar,bebida_fuera_de_bebidas,Bebidas,Bebidas,Media
2026-06-01T23:21:01,scraper_unimarc,Bebida schweppes ginger ale sin azúcar desechable 1.5 l,Despensa,Azucar,bebida_fuera_de_bebidas,Bebidas,Bebidas,Media
2026-06-01T23:21:01,scraper_unimarc,Té helado arizona con jugo de frambuesa 680 ml,Despensa,Azucar,bebida_fuera_de_bebidas,Bebidas,Jugos,Media
2026-06-01T23:21:01,scraper_unimarc,Bebida pap no retornable 1.5 l,Despensa,Azucar,bebida_fuera_de_bebidas,Bebidas,Bebidas,Media
2026-06-01T23:21:10,scraper_unimarc,Néctar livean durazno 0% azúcar botella 1.5 l,Despensa,Azucar,bebida_fuera_de_bebidas,Bebidas,Jugos,Media
2026-06-01T23:21:19,scraper_unimarc,Néctar arizona cherry lima lata 695 ml,Despensa,Azucar,bebida_fuera_de_bebidas,Bebidas,Jugos,Media
2026-06-01T23:21:20,scraper_unimarc,Néctar livean naranja 0% azúcar botella 1.5 l,Despensa,Azucar,bebida_fuera_de_bebidas,Bebidas,Jugos,Media
2026-06-01T23:21:20,scraper_unimarc,Néctar arizona kiwi frutilla lata 680 ml,Despensa,Azucar,bebida_fuera_de_bebidas,Bebidas,Jugos,Media
2026-06-01T23:21:28,scraper_unimarc,Néctar livean piña 0% azúcar botella 1.5 l,Despensa,Azucar,bebida_fuera_de_bebidas,Bebidas,Jugos,Media
2026-06-01T23:21:28,scraper_unimarc,Red bull bebida energética lata 473 ml,Despensa,Azucar,bebida_fuera_de_bebidas,Bebidas,Bebidas Energeticas,Media
2026-06-01T23:21:38,scraper_unimarc,Pack bebida ginger ale fever tree premium botella 4 un de 200 ml,Despensa,Azucar,bebida_fuera_de_bebidas,Bebidas,Bebidas,Media
2026-06-01T23:21:39,scraper_unimarc,Cereal milo max chocolatado 300 gr,Despensa,Azucar,bebida_fuera_de_bebidas,Bebidas,Bebidas,Media
2026-06-01T23:21:50,scraper_unimarc,Red bull bebida energética sin azúcar lata 473 ml,Despensa,Azucar,bebida_fuera_de_bebidas,Bebidas,Bebidas Energeticas,Media
2026-06-01T23:22:23,scraper_unimarc,Pasta rigatoni carozzi 400 g,Despensa,Fideos,mascota_fuera_de_mascotas,Mascotas,Alimento Gatos,Alta
2026-06-01T23:24:19,scraper_unimarc,Salsa cremosa champion cat delicias sabor atún 4 un de 14 g,Despensa,Salsas,mascota_fuera_de_mascotas,Mascotas,Alimento Gatos,Alta
2026-06-01T23:24:19,scraper_unimarc,Salsa cremosa champion cat delicias sabor salmón 4 un de 14 g,Despensa,Salsas,mascota_fuera_de_mascotas,Mascotas,Alimento Gatos,Alta
2026-06-01T23:24:28,scraper_unimarc,Salsa para perros master dog salsa pet carne al jugo 300 g,Despensa,Salsas,mascota_fuera_de_mascotas,Mascotas,Alimento Perros,Alta
2026-06-01T23:24:38,scraper_unimarc,Pasta rigatoni carozzi 400 g,Despensa,Salsas,mascota_fuera_de_mascotas,Mascotas,Alimento Gatos,Alta
