sup,nombre,categoria,subcategoria,reason,conf
Jumbo,Pack Nivea Crema Corporal Soft Milk 400 ml + Q10 Reafirmante 400 ml,"Lacteos, Huevos y Congelados",Crema,higiene_fuera_de_higiene,Alta
Jumbo,Crema Nivea Milk Nutritiva Piel Extra Seca 100 ml,"Lacteos, Huevos y Congelados",Crema,higiene_fuera_de_higiene,Alta
Jumbo,Crema Facial Día L’Oréal Revitalift FPS 30 - 50 ml,"Lacteos, Huevos y Congelados",Crema,higiene_fuera_de_higiene,Alta
Jumbo,Pack Nivea Hidratantes Piel Seca Crema Día 50 ml + Crema Noche 50 ml,"Lacteos, Huevos y Congelados",Crema,higiene_fuera_de_higiene,Alta
Jumbo,Limpiador Crema Bio Virutex 500 ml,"Lacteos, Huevos y Congelados",Crema,limpieza_fuera_de_limpieza,Alta
Jumbo,Crema Corporal Nivea Hidratación Express 1000 ml,"Lacteos, Huevos y Congelados",Crema,higiene_fuera_de_higiene,Alta
Jumbo,Crema Facial LaQ Sex & Business 40 g,"Lacteos, Huevos y Congelados",Crema,higiene_fuera_de_higiene,Alta
Jumbo,Crema Facial Noche L’Oréal Revitalift Antiarrugas y Firmeza 50 ml,"Lacteos, Huevos y Congelados",Crema,higiene_fuera_de_higiene,Alta
Jumbo,Crema Facial Día L’Oréal Hidra Total 5 Hidratante Antimanchas 50 ml,"Lacteos, Huevos y Congelados",Crema,higiene_fuera_de_higiene,Alta
Jumbo,Crema Facial Día L’Oréal Hidratante Express Aclara FPS 50 - 40 g,"Lacteos, Huevos y Congelados",Crema,higiene_fuera_de_higiene,Alta
Jumbo,Pack Nivea Q10 Power Crema Facial Día 50 ml + Crema Facial Noche 50 ml,"Lacteos, Huevos y Congelados",Crema,higiene_fuera_de_higiene,Alta
Jumbo,Crema Facial Teatrical Humectante 200 g,"Lacteos, Huevos y Congelados",Crema,higiene_fuera_de_higiene,Alta
Jumbo,Limpiador Crema Home Care Tradicional 500 ml,"Lacteos, Huevos y Congelados",Crema,limpieza_fuera_de_limpieza,Alta
Jumbo,Crema de Manos Nivea Cuidado Intensivo 100 ml,"Lacteos, Huevos y Congelados",Crema,higiene_fuera_de_higiene,Alta
Jumbo,Crema Facial Neutrogena Face Care Intensive Antiedad FPS 22 - 100 g,"Lacteos, Huevos y Congelados",Crema,higiene_fuera_de_higiene,Alta
Jumbo,Crema Nivea Soft Milk Piel Seca 100 ml,"Lacteos, Huevos y Congelados",Crema,higiene_fuera_de_higiene,Alta
Jumbo,Limpiador Crema The Pink Stuff Multiuso 500 ml,"Lacteos, Huevos y Congelados",Crema,limpieza_fuera_de_limpieza,Alta
Jumbo,Crema de Tratamiento Dove Nutrición + Tri-Oleos 300 g,"Lacteos, Huevos y Congelados",Crema,higiene_fuera_de_higiene,Alta
Jumbo,Limpiador Crema Home Care Limón 500 ml,"Lacteos, Huevos y Congelados",Crema,limpieza_fuera_de_limpieza,Alta
Jumbo,Crema Facial de Día Nivea Antiarrugas Revitalizante 50 ml,"Lacteos, Huevos y Congelados",Crema,higiene_fuera_de_higiene,Alta
Jumbo,Crema Facial Teatrical Aclaradora 200 g,"Lacteos, Huevos y Congelados",Crema,higiene_fuera_de_higiene,Alta
Jumbo,Crema Facial Eucerin Hyaluron-Filler + Elasticity Día Antiedad Rosé FPS 30 con Thiamidol 50 ml,"Lacteos, Huevos y Congelados",Crema,higiene_fuera_de_higiene,Alta
Jumbo,Crema de Tratamiento Dove Hidratación + Ácido Hialurónico y Vitamina 300 g,"Lacteos, Huevos y Congelados",Crema,higiene_fuera_de_higiene,Alta
Jumbo,Shampoo Elvive Colágeno 680 ml,"Lacteos, Huevos y Congelados",Crema,higiene_fuera_de_higiene,Alta
Jumbo,Crema Facial Día L’Oréal UV Defender Invisible FPS 50 + 40 g,"Lacteos, Huevos y Congelados",Crema,higiene_fuera_de_higiene,Alta
Jumbo,Pack Nivea Luminous630 Facial Skinglow Serum 30 ml + 15 ml,"Lacteos, Huevos y Congelados",Crema,higiene_fuera_de_higiene,Alta
Jumbo,Sérum Facial Nivea Luminous 630 Glow Instantáneo 30 ml,"Lacteos, Huevos y Congelados",Crema,higiene_fuera_de_higiene,Alta
Jumbo,Crema Facial Eucerin Anti-Arrugas Día Hyaluron-Filler Piel Seca 50 ml,"Lacteos, Huevos y Congelados",Crema,higiene_fuera_de_higiene,Alta
Jumbo,Crema Facial Noche L’Oréal Jalea Real 50 ml,"Lacteos, Huevos y Congelados",Crema,higiene_fuera_de_higiene,Alta
Jumbo,Crema Facial Eucerin Fluída Ultrasensitive 50 ml,"Lacteos, Huevos y Congelados",Crema,higiene_fuera_de_higiene,Alta
Jumbo,Fluido Facial Anti-Manchas Nivea Luminous 630 40 ml,"Lacteos, Huevos y Congelados",Crema,higiene_fuera_de_higiene,Alta
Jumbo,Crema Facial Día L’Oréal Hidra Total 5 Hidratante Matificante 50 ml,"Lacteos, Huevos y Congelados",Crema,higiene_fuera_de_higiene,Alta
Jumbo,Crema Facial Anti-Arrugas Noche Hyaluron-Filler 50 ml,"Lacteos, Huevos y Congelados",Crema,higiene_fuera_de_higiene,Alta
Jumbo,Limpiador Crema Cif Original 500 ml,"Lacteos, Huevos y Congelados",Crema,limpieza_fuera_de_limpieza,Alta
Jumbo,Crema Facial Día L’Oréal Hidra Total 5 Antiarrugas +55 50 ml,"Lacteos, Huevos y Congelados",Crema,higiene_fuera_de_higiene,Alta
Jumbo,Crema Facial Día L’Oréal Hidra Total 5 Hidratante 50 ml,"Lacteos, Huevos y Congelados",Crema,higiene_fuera_de_higiene,Alta
Jumbo,Crema Facial Día L’Oréal Revitalift Ácido Hialurónico 50 ml,"Lacteos, Huevos y Congelados",Crema,higiene_fuera_de_higiene,Alta
Jumbo,Crema Facial Eucerin Anti-Arrugas Noche Elasticity + Filler 50 ml,"Lacteos, Huevos y Congelados",Crema,higiene_fuera_de_higiene,Alta
Jumbo,Crema Facial Día L’Oréal Hidratante Express Aclara Tes Media FPS 50 - 40 g,"Lacteos, Huevos y Congelados",Crema,higiene_fuera_de_higiene,Alta
Jumbo,Crema Facial Día L’Oréal Hidra Total 5 Antiarrugas +35 50 ml,"Lacteos, Huevos y Congelados",Crema,higiene_fuera_de_higiene,Alta
Jumbo,Crema Facial Anti-Arrugas Día Hyaluron-Filler Piel Normal 50 ml,"Lacteos, Huevos y Congelados",Crema,higiene_fuera_de_higiene,Alta
Jumbo,Crema Facial Día L’Oréal Glycolic Bright Antimanchas FPS 30 - 50 ml,"Lacteos, Huevos y Congelados",Crema,higiene_fuera_de_higiene,Alta
Jumbo,Crema Facial Noche L’Oréal Glycolic Bright 50 ml,"Lacteos, Huevos y Congelados",Crema,higiene_fuera_de_higiene,Alta
Jumbo,Crema Facial Noche L’Oréal Revitalift Ácido Hialurónico 50 ml,"Lacteos, Huevos y Congelados",Crema,higiene_fuera_de_higiene,Alta
Jumbo,Crema Facial Día L’Oréal Revitalift Láser Triple Acción Antiedad FPS 25 50 ml,"Lacteos, Huevos y Congelados",Crema,higiene_fuera_de_higiene,Alta
Jumbo,Crema Facial Noche L’Oréal Revitalift Láser Triple Acción Antiedad 50 ml,"Lacteos, Huevos y Congelados",Crema,higiene_fuera_de_higiene,Alta
Jumbo,Crema Facial Día L’Oréal Revitalift Retinol FPS 17 - 50 ml,"Lacteos, Huevos y Congelados",Crema,higiene_fuera_de_higiene,Alta
Jumbo,Limpiador Crema Cif Limón 500 ml,"Lacteos, Huevos y Congelados",Crema,limpieza_fuera_de_limpieza,Alta
Jumbo,Crema Corporal Nivea Regeneración Intensiva 1000 ml,"Lacteos, Huevos y Congelados",Crema,higiene_fuera_de_higiene,Alta
Jumbo,Crema Corporal Nivea Regeneración 400 ml,"Lacteos, Huevos y Congelados",Crema,higiene_fuera_de_higiene,Alta
Jumbo,Crema Facial Hydra Mag C 50 ml,"Lacteos, Huevos y Congelados",Crema,higiene_fuera_de_higiene,Alta
Jumbo,Crema Facial Eucerin Hidratante Aquaporin Piel Normal 50 ml,"Lacteos, Huevos y Congelados",Crema,higiene_fuera_de_higiene,Alta
Jumbo,Crema Facial Eucerin Anti-Enrojecimiento Día 50 ml,"Lacteos, Huevos y Congelados",Crema,higiene_fuera_de_higiene,Alta
Jumbo,Sérum Facial Nivea Q10 Doble Acción 30 ml,"Lacteos, Huevos y Congelados",Crema,higiene_fuera_de_higiene,Alta
Jumbo,Crema Multipropósito Nivea Men Creme 150 ml,"Lacteos, Huevos y Congelados",Crema,higiene_fuera_de_higiene,Alta
Jumbo,Crema Facial Eucerin Antipigmento Noche 50 ml,"Lacteos, Huevos y Congelados",Crema,higiene_fuera_de_higiene,Alta
Jumbo,Crema Facial Eucerin Día Anti-Pigment FPS30 de 50 ml,"Lacteos, Huevos y Congelados",Crema,higiene_fuera_de_higiene,Alta
Jumbo,Crema Facial Eucerin Anti-Arrugas Día Elasticity + Filler 50 ml,"Lacteos, Huevos y Congelados",Crema,higiene_fuera_de_higiene,Alta
Jumbo,Sérum Facial Nivea Nivea Cellular Expert Lift 30 ml,"Lacteos, Huevos y Congelados",Crema,higiene_fuera_de_higiene,Alta
Jumbo,Crema Facial Día L’Oréal Age Perfect Renacimiento Celular 50 ml,"Lacteos, Huevos y Congelados",Crema,higiene_fuera_de_higiene,Alta
Jumbo,Alimento Húmedo Gato Molly & Co Crema Atún 90 g,"Lacteos, Huevos y Congelados",Crema,mascota_fuera_de_mascotas,Alta
Jumbo,Alimento Húmedo Gato Molly & Co Crema Atún Salmón 90 g,"Lacteos, Huevos y Congelados",Crema,mascota_fuera_de_mascotas,Alta
Jumbo,Alimento Húmedo Gato Molly & Co Crema Salmón 90 g,"Lacteos, Huevos y Congelados",Crema,mascota_fuera_de_mascotas,Alta
Jumbo,Shampoo Colorante Just For Men Castaño 31 ml,"Lacteos, Huevos y Congelados",Crema,higiene_fuera_de_higiene,Alta
Jumbo,Crema Multipropósito Nivea Men Creme 75 ml,"Lacteos, Huevos y Congelados",Crema,higiene_fuera_de_higiene,Alta
Jumbo,Desodorante Crema Dove All Body Raspberry 75 g,"Lacteos, Huevos y Congelados",Crema,higiene_fuera_de_higiene,Alta
Jumbo,Set de Repuesto Eucerin Crema Facial Hyalluron Filler,"Lacteos, Huevos y Congelados",Crema,higiene_fuera_de_higiene,Alta
Jumbo,Crema Facial Natura Siberica Vitamina C 50 ml,"Lacteos, Huevos y Congelados",Crema,higiene_fuera_de_higiene,Alta
Jumbo,Crema Facial LaQ Hoppy Goat 40 g,"Lacteos, Huevos y Congelados",Crema,higiene_fuera_de_higiene,Alta
Jumbo,Limpiador Crema Cif Original 450 ml,"Lacteos, Huevos y Congelados",Crema,limpieza_fuera_de_limpieza,Alta
Jumbo,Limpiador Crema Wyn 750 g,"Lacteos, Huevos y Congelados",Crema,limpieza_fuera_de_limpieza,Alta
Jumbo,Limpiador Crema Home Care Bamboo 500 ml,"Lacteos, Huevos y Congelados",Crema,limpieza_fuera_de_limpieza,Alta
Jumbo,Crema Facial Millefiori Care 20 g,"Lacteos, Huevos y Congelados",Crema,higiene_fuera_de_higiene,Alta
Jumbo,Limpiador Mr. Músculo Citrus Crema 450 ml,"Lacteos, Huevos y Congelados",Crema,limpieza_fuera_de_limpieza,Alta
Jumbo,Crema Facial Q+A Colágeno 50 g,"Lacteos, Huevos y Congelados",Crema,higiene_fuera_de_higiene,Alta
Jumbo,Crema Facial Naturaloe Hidratante Día 50 ml,"Lacteos, Huevos y Congelados",Crema,higiene_fuera_de_higiene,Alta
Jumbo,Crema Facial Bioherapy Reafirmante Super Lift 50 ml,"Lacteos, Huevos y Congelados",Crema,higiene_fuera_de_higiene,Alta
Jumbo,Crema Facial Bioherapy Hidratante Iluminadora 50 ml,"Lacteos, Huevos y Congelados",Crema,higiene_fuera_de_higiene,Alta
Jumbo,Crema Facial Hidratante Nivea Matizante 50 ml,"Lacteos, Huevos y Congelados",Crema,higiene_fuera_de_higiene,Alta
Jumbo,Limpiador Mr. Músculo Crema Floral 450 ml,"Lacteos, Huevos y Congelados",Crema,limpieza_fuera_de_limpieza,Alta
Jumbo,Limpiador Crema Mr. Músculo Lavanda 450 ml,"Lacteos, Huevos y Congelados",Crema,limpieza_fuera_de_limpieza,Alta
Jumbo,Crema Facial de Día Antiarrugas Reafirmante de Nivea 50 ml,"Lacteos, Huevos y Congelados",Crema,higiene_fuera_de_higiene,Alta
Jumbo,Tratamiento Antiedad y Firmeza Crema Colágeno + Tónico,"Lacteos, Huevos y Congelados",Crema,higiene_fuera_de_higiene,Alta
Jumbo,Crema Facial Neutrogena Face Care Intensive 100 g,"Lacteos, Huevos y Congelados",Crema,higiene_fuera_de_higiene,Alta
Jumbo,Crema Facial Antiarrugas Nivea Q10 Energy Día FPS 15 - 50 ml,"Lacteos, Huevos y Congelados",Crema,higiene_fuera_de_higiene,Alta
Jumbo,Crema Facial Nivea Hidratante Nutritiva Día 50 ml,"Lacteos, Huevos y Congelados",Crema,higiene_fuera_de_higiene,Alta
Jumbo,Crema Facial Teatrical Anti-Arrugas 200 g,"Lacteos, Huevos y Congelados",Crema,higiene_fuera_de_higiene,Alta
Jumbo,Crema Facial Nivea Cellular Filler Noche 50 ml,"Lacteos, Huevos y Congelados",Crema,higiene_fuera_de_higiene,Alta
Jumbo,Crema Facial Nivea Cellular Filler Día 50 ml,"Lacteos, Huevos y Congelados",Crema,higiene_fuera_de_higiene,Alta
Jumbo,Crema Facial Nivea Regeneradora Noche 50 ml,"Lacteos, Huevos y Congelados",Crema,higiene_fuera_de_higiene,Alta
Jumbo,Crema Facial Antiarrugas Nivea Q10 Power Día FPS 30 - 50 g,"Lacteos, Huevos y Congelados",Crema,higiene_fuera_de_higiene,Alta
Jumbo,Crema Facial Neutrogena Hydro Boost Water Gel 50 g,"Lacteos, Huevos y Congelados",Crema,higiene_fuera_de_higiene,Alta
Jumbo,Crema Facial Nivea Q10 Día Antiarrugas Reducción de Poros 50 ml,"Lacteos, Huevos y Congelados",Crema,higiene_fuera_de_higiene,Alta
Jumbo,Limpiador de Baño Lysoform Antibacterial Crema 450 ml,"Lacteos, Huevos y Congelados",Crema,limpieza_fuera_de_limpieza,Alta
Jumbo,Crema Facial Nivea Rose Care Gel 50 ml,"Lacteos, Huevos y Congelados",Crema,higiene_fuera_de_higiene,Alta
Jumbo,Crema Facial Nivea Cellular Luminous 630 Anti-Manchas Noche 50 ml,"Lacteos, Huevos y Congelados",Crema,higiene_fuera_de_higiene,Alta
Jumbo,Crema Facial Nivea Q10 Power Antiarrugas Cuidado de Noche 50 ml,"Lacteos, Huevos y Congelados",Crema,higiene_fuera_de_higiene,Alta
Jumbo,Crema Facial Día L’Oréal UV Defender Hidratante FPS 50 40 g,"Lacteos, Huevos y Congelados",Crema,higiene_fuera_de_higiene,Alta
Jumbo,Crema Facial Teatrical Pie Coreana 200 g,"Lacteos, Huevos y Congelados",Crema,higiene_fuera_de_higiene,Alta
Jumbo,Crema Corporal Nivea Rosa & Aceite de Argán 400 ml,"Lacteos, Huevos y Congelados",Crema,higiene_fuera_de_higiene,Alta
Jumbo,Jabón Ballerina Crema Piel Sensible 450 ml,"Lacteos, Huevos y Congelados",Crema,higiene_fuera_de_higiene,Alta
Jumbo,Protector Solar Eucerin Crema Facial FPS 50 50 ml,"Lacteos, Huevos y Congelados",Crema,higiene_fuera_de_higiene,Alta
Jumbo,Shampoo Anticaspa Crema Eucerin Dermocapillaire 250 ml,"Lacteos, Huevos y Congelados",Crema,higiene_fuera_de_higiene,Alta
Jumbo,Limpiador Crema Frosch Limón 500 ml,"Lacteos, Huevos y Congelados",Crema,limpieza_fuera_de_limpieza,Alta
Jumbo,Crema Facial Agrado Anti-Mancha F50+ 75 ml,"Lacteos, Huevos y Congelados",Crema,higiene_fuera_de_higiene,Alta
Jumbo,Sérum Facial Nivea Cellular Expert Filler con Ácido Hialurónico 30 ml,"Lacteos, Huevos y Congelados",Crema,higiene_fuera_de_higiene,Alta
Jumbo,Crema Facial Bebé Mustela Hydra 40 ml,"Lacteos, Huevos y Congelados",Crema,higiene_fuera_de_higiene,Alta
Jumbo,Crema Facial Neutrogena Hydroboost FPS 25 - 40 g,"Lacteos, Huevos y Congelados",Crema,higiene_fuera_de_higiene,Alta
Jumbo,Pack Neutrogena: Sérum Hydro Boost 30 ml + Crema Facial Water Gel 50 g,"Lacteos, Huevos y Congelados",Crema,higiene_fuera_de_higiene,Alta
Jumbo,Pack Nivea Crema Facial Piel Seca 50 ml + Crema Regeneradora de Noche 50 ml,"Lacteos, Huevos y Congelados",Crema,higiene_fuera_de_higiene,Alta
Jumbo,Crema Contorno de Ojos Nivea Cellular Luminous 630 Anti-Manchas Anti-Ojeras 15 ml,"Lacteos, Huevos y Congelados",Crema,higiene_fuera_de_higiene,Alta
Jumbo,Crema Facial Contorno de Ojos Nivea Q10 Anti-Arrugas 15 ml,"Lacteos, Huevos y Congelados",Crema,higiene_fuera_de_higiene,Alta
Jumbo,Agua Micelar Neutrogena Hydro Boost 200 ml + Crema Facial Neutrogena Water Gel 50 g,"Lacteos, Huevos y Congelados",Crema,higiene_fuera_de_higiene,Alta
Jumbo,Crema Facial Caléndula para Bebé 50 ml,"Lacteos, Huevos y Congelados",Crema,higiene_fuera_de_higiene,Alta
Jumbo,Desodorante Ambiental Arom Frutilla Crema 225 g,"Lacteos, Huevos y Congelados",Crema,higiene_fuera_de_higiene,Alta
Jumbo,Crema Facial Día L’Oréal UV Defender Toque Seco FPS 50 40 g,"Lacteos, Huevos y Congelados",Crema,higiene_fuera_de_higiene,Alta
Jumbo,Crema de Afeitar Nivea Men Sensitive 100 ml,"Lacteos, Huevos y Congelados",Crema,higiene_fuera_de_higiene,Alta
Jumbo,Galleta para Perro Naturalist Crema Choco 120 g,"Lacteos, Huevos y Congelados",Crema,mascota_fuera_de_mascotas,Alta
Jumbo,Crema de Manos Nivea Protectora Miel 75 ml,"Lacteos, Huevos y Congelados",Crema,higiene_fuera_de_higiene,Alta
Jumbo,Crema Nivea Luminous Sérum Corporal y Crema,"Lacteos, Huevos y Congelados",Crema,higiene_fuera_de_higiene,Alta
Jumbo,Crema de Manos Nivea Calmante Aloe Vera 75 ml,"Lacteos, Huevos y Congelados",Crema,higiene_fuera_de_higiene,Alta
Jumbo,Crema Corporal Nivea Body Bronze Coco 400 ml + 400 ml,"Lacteos, Huevos y Congelados",Crema,higiene_fuera_de_higiene,Alta
Jumbo,Crema Facial Agrado Anti-Mancha Col F50+ 75 ml,"Lacteos, Huevos y Congelados",Crema,higiene_fuera_de_higiene,Alta
Jumbo,Crema Corporal Nivea Bodymilk con Q10 400 ml + 400 ml,"Lacteos, Huevos y Congelados",Crema,higiene_fuera_de_higiene,Alta
Jumbo,Espuma de Afeitar Nivea Men Deep 200 ml,"Lacteos, Huevos y Congelados",Crema,higiene_fuera_de_higiene,Alta
Jumbo,Loción After Shave Nivea Men Deep 100 ml,"Lacteos, Huevos y Congelados",Crema,higiene_fuera_de_higiene,Alta
Jumbo,Crema para Manos Nivea Regeneración Intensiva 100 ml,"Lacteos, Huevos y Congelados",Crema,higiene_fuera_de_higiene,Alta
Jumbo,Jabón Crema Ballerina Karité 800 ml,"Lacteos, Huevos y Congelados",Crema,higiene_fuera_de_higiene,Alta
Jumbo,Desodorante Crema Dove Reparación Diaria 50 g,"Lacteos, Huevos y Congelados",Crema,higiene_fuera_de_higiene,Alta
Jumbo,Desodorante Crema Etiquet Women Antitranspirante 60 g,"Lacteos, Huevos y Congelados",Crema,higiene_fuera_de_higiene,Alta
Jumbo,Desodorante Crema Dove Previene Oscurecimiento 50 g,"Lacteos, Huevos y Congelados",Crema,higiene_fuera_de_higiene,Alta
Jumbo,Desodorante Crema Etiquet Men Full Protect Antitranspirante 60 g,"Lacteos, Huevos y Congelados",Crema,higiene_fuera_de_higiene,Alta
Jumbo,Desodorante Crema Dove Previene Irritación 50 g,"Lacteos, Huevos y Congelados",Crema,higiene_fuera_de_higiene,Alta
Jumbo,Jabón Crema Ballerina Karité Doypack 450 ml,"Lacteos, Huevos y Congelados",Crema,higiene_fuera_de_higiene,Alta
Jumbo,Pack Nivea Roses Care Agua Micelar + Crema Día + Mist,"Lacteos, Huevos y Congelados",Crema,higiene_fuera_de_higiene,Alta
Jumbo,Crema Multipropósito Nivea Creme Humectante con Vitamina E 150 ml,"Lacteos, Huevos y Congelados",Crema,higiene_fuera_de_higiene,Alta
Jumbo,Jabón Líquido Ballerina Crema Piel Sensible 750 ml,"Lacteos, Huevos y Congelados",Crema,higiene_fuera_de_higiene,Alta
Jumbo,Crema Multipropósito Nivea Creme 400 ml,"Lacteos, Huevos y Congelados",Crema,higiene_fuera_de_higiene,Alta
Jumbo,Pack Rutina Nivea Rose Care Agua Micelar Bifásica 400 ml + Crema Hidratante en Gel 50 ml + Mist Refrescante 150 ml,"Lacteos, Huevos y Congelados",Crema,higiene_fuera_de_higiene,Alta
Jumbo,Tónico Diario Q+A Niacinamida 100 ml,"Lacteos, Huevos y Congelados",Crema,higiene_fuera_de_higiene,Alta
Jumbo,Pack Rutina Nivea Cellular Expert Filler Crema de Día 50 ml + Serum Rellenador 30 ml,"Lacteos, Huevos y Congelados",Crema,higiene_fuera_de_higiene,Alta
Jumbo,Pack Umai: Shampoo 200 ml + Acondicionador 200 ml + Crema 200 ml,"Lacteos, Huevos y Congelados",Crema,higiene_fuera_de_higiene,Alta
Jumbo,Pack Cuidado Facial Nivea Q10 Crema 50 ml + Sérum 30 ml,"Lacteos, Huevos y Congelados",Crema,higiene_fuera_de_higiene,Alta
Jumbo,Pack 2 un. Cremas Corporales Nivea Q10 400 ml,"Lacteos, Huevos y Congelados",Crema,higiene_fuera_de_higiene,Alta
Jumbo,Crema Multipropósito Nivea Creme Humectante con Vitamina E 250 ml,"Lacteos, Huevos y Congelados",Crema,higiene_fuera_de_higiene,Alta
Jumbo,Limpiador Gel Q+A Acido Hialurónico 125 ml,"Lacteos, Huevos y Congelados",Crema,limpieza_fuera_de_limpieza,Alta
Jumbo,Desodorante Crema Rexona Extra Dry 48 g,"Lacteos, Huevos y Congelados",Crema,higiene_fuera_de_higiene,Alta
Jumbo,Shampoo para Barba Gillette King C 241 ml,"Lacteos, Huevos y Congelados",Crema,higiene_fuera_de_higiene,Alta
Jumbo,Gel de Afeitar Nivea Men Deep 200 ml,"Lacteos, Huevos y Congelados",Crema,higiene_fuera_de_higiene,Alta
Jumbo,Espuma de Afeitar Nivea Men Sensitive 200 ml,"Lacteos, Huevos y Congelados",Crema,higiene_fuera_de_higiene,Alta
Jumbo,Gel de Afeitar Nivea Men Sensitive 200 ml,"Lacteos, Huevos y Congelados",Crema,higiene_fuera_de_higiene,Alta
Jumbo,Crema Multipropósito Nivea Creme Humectante con Vitamina E 60 ml,"Lacteos, Huevos y Congelados",Crema,higiene_fuera_de_higiene,Alta
Jumbo,Pack 2 un. Crema Corporal Nivea Q10 Reafirmante 800 ml,"Lacteos, Huevos y Congelados",Crema,higiene_fuera_de_higiene,Alta
Jumbo,Crema de Tratamiento Dove Reparación UV 250 g,"Lacteos, Huevos y Congelados",Crema,higiene_fuera_de_higiene,Alta
Jumbo,Espuma de Afeitar Nivea Men Protect & Care 200 ml,"Lacteos, Huevos y Congelados",Crema,higiene_fuera_de_higiene,Alta
Jumbo,Fluido Facial Anti-Manchas Nivea Luminous 630 Claro 40 ml,"Lacteos, Huevos y Congelados",Crema,higiene_fuera_de_higiene,Alta
Jumbo,Jabón Facial Hidratante Dove Men +Care 141 g,"Lacteos, Huevos y Congelados",Crema,higiene_fuera_de_higiene,Alta
Jumbo,Sérum Facial Nivea Luminous 630 Anti Imperfecciones 30 ml,"Lacteos, Huevos y Congelados",Crema,higiene_fuera_de_higiene,Alta
Jumbo,Jabón Crema Ballerina Piel Sensible 350 ml,"Lacteos, Huevos y Congelados",Crema,higiene_fuera_de_higiene,Alta
Jumbo,Sérum Facial Nivea Luminous 630 Anti-Edad 30 ml,"Lacteos, Huevos y Congelados",Crema,higiene_fuera_de_higiene,Alta
Jumbo,Fluido Facial Anti-Manchas Nivea Luminous 630 Medio 40 ml,"Lacteos, Huevos y Congelados",Crema,higiene_fuera_de_higiene,Alta
Jumbo,Jabón Crema Simond's Clásico Doypack 500 ml,"Lacteos, Huevos y Congelados",Crema,higiene_fuera_de_higiene,Alta
Jumbo,Jabón Crema Simond's Humectante Ph5.5 Se 500 ml,"Lacteos, Huevos y Congelados",Crema,higiene_fuera_de_higiene,Alta
Jumbo,Jabón Crema Simond's Humectante Ph5.5 500 ml,"Lacteos, Huevos y Congelados",Crema,higiene_fuera_de_higiene,Alta
Jumbo,Desodorante Crema Rexona Classic 48 g,"Lacteos, Huevos y Congelados",Crema,higiene_fuera_de_higiene,Alta
Jumbo,Desodorante Crema Dove Clinical Tono 58 g,"Lacteos, Huevos y Congelados",Crema,higiene_fuera_de_higiene,Alta
Jumbo,Bálsamo After Shave Nivea Men Sensitive 100 ml,"Lacteos, Huevos y Congelados",Crema,higiene_fuera_de_higiene,Alta
Jumbo,Flow Pack Nivea Jabón Creme Care 125 g 3 un.,"Lacteos, Huevos y Congelados",Crema,higiene_fuera_de_higiene,Alta
Jumbo,Jabón Líquido Ballerina Crema Karité 750 ml,"Lacteos, Huevos y Congelados",Crema,higiene_fuera_de_higiene,Alta
Jumbo,Jabón Crema Ballerina Karité 350 ml,"Lacteos, Huevos y Congelados",Crema,higiene_fuera_de_higiene,Alta
Jumbo,Crema de Tratamiento Dove Reconstrucción + Aminoácidos 300 g,"Lacteos, Huevos y Congelados",Crema,higiene_fuera_de_higiene,Alta
Jumbo,Limpiador Facial Bull Dog Original 150 ml,"Lacteos, Huevos y Congelados",Crema,limpieza_fuera_de_limpieza,Alta
Jumbo,Shampoo de Barba Bull Dog 200 ml,"Lacteos, Huevos y Congelados",Crema,higiene_fuera_de_higiene,Alta
Jumbo,Desodorante Crema Rexona Clean 48 g,"Lacteos, Huevos y Congelados",Crema,higiene_fuera_de_higiene,Alta
Jumbo,Acondicionador Barba Bull Dog Original 75 ml,"Lacteos, Huevos y Congelados",Crema,higiene_fuera_de_higiene,Alta
Jumbo,Desodorante Crema Rexona Extra Dry y Classic 48 g 2 un.,"Lacteos, Huevos y Congelados",Crema,higiene_fuera_de_higiene,Alta
Jumbo,Sérum Facial Suavizante Vitamins & Sea Beauty Niacinamida 60 ml,"Lacteos, Huevos y Congelados",Crema,limpieza_fuera_de_limpieza,Alta
Jumbo,Jabón Crema Ballerina Piel Sensible 800 ml,"Lacteos, Huevos y Congelados",Crema,higiene_fuera_de_higiene,Alta
Jumbo,Desodorante Crema Etiquet Women Antitranspirante 100 g,"Lacteos, Huevos y Congelados",Crema,higiene_fuera_de_higiene,Alta
Jumbo,Desodorante para Pies Lady Brooks Spray Silver 100 g,"Lacteos, Huevos y Congelados",Crema,higiene_fuera_de_higiene,Alta
Jumbo,Pack Dove Regeneración Extrema: Shampoo 400 ml + Acondicionador 400 ml,"Lacteos, Huevos y Congelados",Crema,higiene_fuera_de_higiene,Alta
Jumbo,Desodorante Antitranspirante Dove Clinical Soft Original 58 g,"Lacteos, Huevos y Congelados",Crema,higiene_fuera_de_higiene,Alta
Jumbo,Desodorante Crema Rexona Clean Scent 48 g,"Lacteos, Huevos y Congelados",Crema,higiene_fuera_de_higiene,Alta
Jumbo,Desodorante Crema Rexona Stress Control 48 g,"Lacteos, Huevos y Congelados",Crema,higiene_fuera_de_higiene,Alta
Jumbo,Desodorante para Pies Curitas Fresh Active 2 en 1 - 150 ml,"Lacteos, Huevos y Congelados",Crema,higiene_fuera_de_higiene,Alta
Jumbo,Gel de Ducha Nivea Men Active Clean Deep 250 ml,"Lacteos, Huevos y Congelados",Crema,higiene_fuera_de_higiene,Alta
Jumbo,Set de Cuidado Facial Nivea Rose Micellar: Crema 2 un. + Mist Facial + Agua Micelar,"Lacteos, Huevos y Congelados",Crema,higiene_fuera_de_higiene,Alta
Jumbo,Jabón Líquido Old Spice Swagger 473 ml,"Lacteos, Huevos y Congelados",Crema,higiene_fuera_de_higiene,Alta
Jumbo,Desodorante Crema Rexona Clean y Sport 48 g 2 un.,"Lacteos, Huevos y Congelados",Crema,higiene_fuera_de_higiene,Alta
Jumbo,Desodorante Crema Rexona Sport Strengh 48 g,"Lacteos, Huevos y Congelados",Crema,higiene_fuera_de_higiene,Alta
Jumbo,Shampoo Elvive Colágeno 370 ml,"Lacteos, Huevos y Congelados",Crema,higiene_fuera_de_higiene,Alta
Jumbo,Desodorante Barra Nivea Tono Natural Extra Femenino 54 g,"Lacteos, Huevos y Congelados",Crema,higiene_fuera_de_higiene,Alta
Jumbo,Jabón Gel Venus 2 en 1 para Afeitar Área Íntima 190 ml,"Lacteos, Huevos y Congelados",Crema,higiene_fuera_de_higiene,Alta
Jumbo,Desodorante Barra Nivea Black & White 50 ml,"Lacteos, Huevos y Congelados",Crema,higiene_fuera_de_higiene,Alta
Jumbo,Desodorante Barra Dr Teal's Sin Aluminio Lavanda 75 g,"Lacteos, Huevos y Congelados",Crema,higiene_fuera_de_higiene,Alta
Jumbo,Mist Facial Nivea Rose Care 150 ml,"Lacteos, Huevos y Congelados",Crema,higiene_fuera_de_higiene,Alta
Jumbo,Desodorante Roll On Nivea Clinical 50 ml,"Lacteos, Huevos y Congelados",Crema,higiene_fuera_de_higiene,Alta
Jumbo,Kit Cuidado Capilar Marc Anthony: Shampoo + Crema para Peinar,"Lacteos, Huevos y Congelados",Crema,higiene_fuera_de_higiene,Alta
Jumbo,Desodorante Spray Dove Original 150 ml,"Lacteos, Huevos y Congelados",Crema,higiene_fuera_de_higiene,Alta
Jumbo,Desodorante Crema Lady Speed Stick Clinical Protege y Aclara 55 g,"Lacteos, Huevos y Congelados",Crema,higiene_fuera_de_higiene,Alta
Jumbo,Desodorante Roll On Nivea Black & White Fresh Ultra 50 ml,"Lacteos, Huevos y Congelados",Crema,higiene_fuera_de_higiene,Alta
Jumbo,Jabón Líquido Corporal Old Spice Red Collection Captain Scent 473 ml,"Lacteos, Huevos y Congelados",Crema,higiene_fuera_de_higiene,Alta
Jumbo,Shampoo Just For Men Control Gx 118 ml,"Lacteos, Huevos y Congelados",Crema,higiene_fuera_de_higiene,Alta
Jumbo,Shampoo Colorante Just For Men Negro 30 ml,"Lacteos, Huevos y Congelados",Crema,higiene_fuera_de_higiene,Alta
Jumbo,Shampoo Colorante Just For Men,"Lacteos, Huevos y Congelados",Crema,higiene_fuera_de_higiene,Alta
Jumbo,Desodorante Barra Nivea Pearl & Beauty 54 g,"Lacteos, Huevos y Congelados",Crema,higiene_fuera_de_higiene,Alta
Jumbo,Desodorante Spray Dove Clinical 55 ml,"Lacteos, Huevos y Congelados",Crema,higiene_fuera_de_higiene,Alta
Jumbo,Desodorante Spray Dove Clinical Tono 150 ml,"Lacteos, Huevos y Congelados",Crema,higiene_fuera_de_higiene,Alta
Jumbo,Desodorante Spray Dove Original 250 ml,"Lacteos, Huevos y Congelados",Crema,higiene_fuera_de_higiene,Alta
Jumbo,Desodorante Spray Dove Invisible Care 150 ml,"Lacteos, Huevos y Congelados",Crema,higiene_fuera_de_higiene,Alta
Jumbo,Shampoo Colorante Just For Men Castaño Oscuro 31 ml,"Lacteos, Huevos y Congelados",Crema,higiene_fuera_de_higiene,Alta
Jumbo,Desodorante Spray Dove Granada 150 ml,"Lacteos, Huevos y Congelados",Crema,higiene_fuera_de_higiene,Alta
Jumbo,Desodorante Roll On Dove Clinical Tono 50 ml,"Lacteos, Huevos y Congelados",Crema,higiene_fuera_de_higiene,Alta
Jumbo,Desodorante Crema Speed Stick Clinical Complete Dry 55 g,"Lacteos, Huevos y Congelados",Crema,higiene_fuera_de_higiene,Alta
Jumbo,Desodorante Spray Nivea Derma Control Tono Natural 150 ml,"Lacteos, Huevos y Congelados",Crema,higiene_fuera_de_higiene,Alta
Jumbo,Desodorante Barra Nivea Derma Control Defend 50 ml,"Lacteos, Huevos y Congelados",Crema,higiene_fuera_de_higiene,Alta
Jumbo,Desodorante Roll On Nivea Black & White Invisible Protection 50 ml,"Lacteos, Huevos y Congelados",Crema,higiene_fuera_de_higiene,Alta
Jumbo,Desodorante Roll On Nivea Derma Control Tono Natural 50 ml,"Lacteos, Huevos y Congelados",Crema,higiene_fuera_de_higiene,Alta
Jumbo,Kit Cuidado Capilar Organic Shop: Shampoo + Acondicionador + Crema,"Lacteos, Huevos y Congelados",Crema,higiene_fuera_de_higiene,Alta
Jumbo,Pack Día de la Madre Dove Jabón Serum Corporal + Serum Corporal,"Lacteos, Huevos y Congelados",Crema,higiene_fuera_de_higiene,Alta
Jumbo,Desodorante Secret Clear Gel Vanilla 45 g,"Lacteos, Huevos y Congelados",Crema,higiene_fuera_de_higiene,Alta
Jumbo,Desodorante Antitranspirante Gel Secret Powder Protect Cotton 45 g,"Lacteos, Huevos y Congelados",Crema,higiene_fuera_de_higiene,Alta
Jumbo,Desodorante Spray Nivea Derma Control Defend 150 ml,"Lacteos, Huevos y Congelados",Crema,higiene_fuera_de_higiene,Alta
Jumbo,Crema de Tratamiento Sin Enjuague Dove Nutrición + Tri-Oleos 110 ml,"Lacteos, Huevos y Congelados",Crema,higiene_fuera_de_higiene,Alta
Jumbo,Shampoo Dove Men 2 en 1 Fuerza Resistente + Prebióticos 400 ml,"Lacteos, Huevos y Congelados",Crema,higiene_fuera_de_higiene,Alta
Jumbo,Shampoo Dove Men Limpieza Refrescante 400 ml,"Lacteos, Huevos y Congelados",Crema,higiene_fuera_de_higiene,Alta
Jumbo,Desodorante Roll On Nivea Derma Control Restore 50 ml,"Lacteos, Huevos y Congelados",Crema,higiene_fuera_de_higiene,Alta
Jumbo,Desodorante Gel Speed Stick 24/7 Xtreme Ultra 85 g,"Lacteos, Huevos y Congelados",Crema,higiene_fuera_de_higiene,Alta
Jumbo,Desodorante Roll On Nivea Derma Control Defense 50 ml,"Lacteos, Huevos y Congelados",Crema,higiene_fuera_de_higiene,Alta
Jumbo,Desodorante Gel Secret Ph Balanced Lavender Aroma Lavanda 45 g,"Lacteos, Huevos y Congelados",Crema,higiene_fuera_de_higiene,Alta
Jumbo,Desodorante Crema Dove All Body Lavander 75 g,"Lacteos, Huevos y Congelados",Crema,higiene_fuera_de_higiene,Alta
Jumbo,Desodorante Crema Rexona All Body Wild Rose 75 g,"Lacteos, Huevos y Congelados",Crema,higiene_fuera_de_higiene,Alta
Jumbo,Pack 2 un. Desodorante Crema Speed Stick Clinical Dry Antibacterial 55 g,"Lacteos, Huevos y Congelados",Crema,higiene_fuera_de_higiene,Alta
Jumbo,Desodorante en Crema Lady Speed Stick Clinical Powder 55 g,"Lacteos, Huevos y Congelados",Crema,higiene_fuera_de_higiene,Alta
Jumbo,Desodorante Gel Antitranspirante Speed Stick 24/7 X5 50 g,"Lacteos, Huevos y Congelados",Crema,higiene_fuera_de_higiene,Alta
Jumbo,Shampoo Dove Men Protección Anticaspa 400 ml,"Lacteos, Huevos y Congelados",Crema,higiene_fuera_de_higiene,Alta
Jumbo,Desodorante Gel Speed Stick Stress Defense Dry Control 85g,"Lacteos, Huevos y Congelados",Crema,higiene_fuera_de_higiene,Alta
Jumbo,Desodorante Spray Secret Cherry Blossom 150 ml,"Lacteos, Huevos y Congelados",Crema,higiene_fuera_de_higiene,Alta
Jumbo,Desodorante Crema Rexona Men All Body Ocean Rush 75 g,"Lacteos, Huevos y Congelados",Crema,higiene_fuera_de_higiene,Alta
Jumbo,Desodorante Barra Lady Speed Stick Perla 48H de Protección 45 g,"Lacteos, Huevos y Congelados",Crema,higiene_fuera_de_higiene,Alta
Jumbo,Desodorante Spray Lady Speed Stick Derma Pearl 150 ml,"Lacteos, Huevos y Congelados",Crema,higiene_fuera_de_higiene,Alta
Jumbo,Pack 2 un. Desodorante Barra Lady Speed Stick Clinical 50 g,"Lacteos, Huevos y Congelados",Crema,higiene_fuera_de_higiene,Alta
Jumbo,Crema de Tratamiento Dove Óleo Reparación UV 110 ml,"Lacteos, Huevos y Congelados",Crema,higiene_fuera_de_higiene,Alta
Jumbo,Crema de Tratamiento Dove Leave On Reconstrucción + Aminoácidos 110 ml,"Lacteos, Huevos y Congelados",Crema,higiene_fuera_de_higiene,Alta
Jumbo,Crema Corporal Nivea Soft Milk Piel Seca 1000 ml,"Lacteos, Huevos y Congelados",Crema,higiene_fuera_de_higiene,Alta
Jumbo,Crema Corporal Nivea para Piel Seca 125 ml,"Lacteos, Huevos y Congelados",Crema,higiene_fuera_de_higiene,Alta
Jumbo,Crema Corporal Nivea Soft Milk Humectante 400 ml,"Lacteos, Huevos y Congelados",Crema,higiene_fuera_de_higiene,Alta
Jumbo,Crema Corporal Nivea Milk Nutritiva 1000 ml,"Lacteos, Huevos y Congelados",Crema,higiene_fuera_de_higiene,Alta
Jumbo,Crema Multipropósito Nivea Soft 200 ml,"Lacteos, Huevos y Congelados",Crema,higiene_fuera_de_higiene,Alta
Jumbo,Crema Corporal Nivea Hidratación Express 250 ml,"Lacteos, Huevos y Congelados",Crema,higiene_fuera_de_higiene,Alta
Jumbo,Crema Corporal Nivea Vainilla & Aceite de Almendras 400 ml,"Lacteos, Huevos y Congelados",Crema,higiene_fuera_de_higiene,Alta
Jumbo,Crema Multipropósito Nivea Soft 375 ml,"Lacteos, Huevos y Congelados",Crema,higiene_fuera_de_higiene,Alta
Jumbo,Crema Nivea Q10 Milk Reafirmante 400 ml,"Lacteos, Huevos y Congelados",Crema,higiene_fuera_de_higiene,Alta
Jumbo,Crema Corporal Nivea Q10 Reafirmante Hidratadora 400 ml,"Lacteos, Huevos y Congelados",Crema,higiene_fuera_de_higiene,Alta
Jumbo,Crema Corporal Nivea para Piel Seca 250 ml,"Lacteos, Huevos y Congelados",Crema,higiene_fuera_de_higiene,Alta
Jumbo,Crema Corporal Nivea Milk Piel Seca 400 ml,"Lacteos, Huevos y Congelados",Crema,higiene_fuera_de_higiene,Alta
Jumbo,Crema Corporal Nivea Antiestrías 200 ml,"Lacteos, Huevos y Congelados",Crema,higiene_fuera_de_higiene,Alta
Jumbo,Crema Corporal Nivea Hidratación Express 400 ml,"Lacteos, Huevos y Congelados",Crema,higiene_fuera_de_higiene,Alta
Jumbo,Crema Corporal Nivea Regeneración Intensiva 400 ml,"Lacteos, Huevos y Congelados",Crema,higiene_fuera_de_higiene,Alta
Jumbo,Crema Corporal Nivea Q10 Reafirmante 1000 ml,"Lacteos, Huevos y Congelados",Crema,higiene_fuera_de_higiene,Alta
Jumbo,Crema Corporal Nivea Q10 Reafirmante 250 ml,"Lacteos, Huevos y Congelados",Crema,higiene_fuera_de_higiene,Alta
Jumbo,Acondicionador Dr. Scholl's Barra Talón Agrietado 70 g,"Lacteos, Huevos y Congelados",Crema,higiene_fuera_de_higiene,Alta
Jumbo,Desodorante para Pies Preface Spray 150 ml,"Lacteos, Huevos y Congelados",Crema,higiene_fuera_de_higiene,Alta
Jumbo,Desodorante para Pies Fittig Spray 90 g,"Lacteos, Huevos y Congelados",Crema,higiene_fuera_de_higiene,Alta
Jumbo,Desodorante para Pies Brooks Acción Refrescante Talco 120 g,"Lacteos, Huevos y Congelados",Crema,higiene_fuera_de_higiene,Alta
Jumbo,Talco Desodorante para Pies Fittig Acción Cobre 200 g,"Lacteos, Huevos y Congelados",Crema,higiene_fuera_de_higiene,Alta
Jumbo,Talco Desodorante para Pies Curitas Foot Expert 300 g,"Lacteos, Huevos y Congelados",Crema,higiene_fuera_de_higiene,Alta
Jumbo,Desodorante para Pies Deo Pies Clinical Spray 260 ml,"Lacteos, Huevos y Congelados",Crema,higiene_fuera_de_higiene,Alta
Jumbo,Desodorante para Pies Brooks Carbón Active Spray 100 g,"Lacteos, Huevos y Congelados",Crema,higiene_fuera_de_higiene,Alta
Jumbo,Desodorante para Pies Deo Pies Xtrem Spray 260 ml,"Lacteos, Huevos y Congelados",Crema,higiene_fuera_de_higiene,Alta
Jumbo,Desodorante para Pies Deo Pies Antibacterial Spray 260 ml,"Lacteos, Huevos y Congelados",Crema,higiene_fuera_de_higiene,Alta
Jumbo,Desodorante para Pies Curitas Silver Active Spray 150 ml,"Lacteos, Huevos y Congelados",Crema,higiene_fuera_de_higiene,Alta
Jumbo,Desodorante para Pies Deo Pies Antibacterial Mujer Spray 260 ml,"Lacteos, Huevos y Congelados",Crema,higiene_fuera_de_higiene,Alta
Jumbo,Desodorante Spray Rexona Efficient Talco 200 g,"Lacteos, Huevos y Congelados",Crema,higiene_fuera_de_higiene,Alta
Jumbo,Desodorante Spray Rexona Efficient Fresh 153 ml,"Lacteos, Huevos y Congelados",Crema,higiene_fuera_de_higiene,Alta
Jumbo,Desodorante Spray Rexona Efficient Original 153 ml,"Lacteos, Huevos y Congelados",Crema,higiene_fuera_de_higiene,Alta
Jumbo,Desodorante para Pies SP Kids Deo 260 ml,"Lacteos, Huevos y Congelados",Crema,higiene_fuera_de_higiene,Alta
Jumbo,Loción Corporal Nivea Cereza y Aceite de Jojoba 400 ml,"Lacteos, Huevos y Congelados",Crema,higiene_fuera_de_higiene,Alta
Jumbo,Loción Corporal Nivea con Coenzima Q10 400 ml,"Lacteos, Huevos y Congelados",Crema,higiene_fuera_de_higiene,Alta
Jumbo,Sérum Cuerpo Nivea Luminous Anti Estrías 100 ml,"Lacteos, Huevos y Congelados",Crema,higiene_fuera_de_higiene,Alta
Jumbo,Talco Desodorante para Pies Mum Fresh 120 g,"Lacteos, Huevos y Congelados",Crema,higiene_fuera_de_higiene,Alta
Jumbo,Desodorante para Pies Hansaplast Refrescante Spray 150 cc,"Lacteos, Huevos y Congelados",Crema,higiene_fuera_de_higiene,Alta
Jumbo,Desodorante para Pies Hansaplast Spray 150 ml,"Lacteos, Huevos y Congelados",Crema,higiene_fuera_de_higiene,Alta
Jumbo,Crema Corporal Nivea Q10 Piernas Relajadas Anticelulitis 400 ml,"Lacteos, Huevos y Congelados",Crema,higiene_fuera_de_higiene,Alta
Jumbo,Talco Desodorante para Pies Hansaplast 300 g,"Lacteos, Huevos y Congelados",Crema,higiene_fuera_de_higiene,Alta
Jumbo,Desodorante Crema Dove Original 48 g,"Lacteos, Huevos y Congelados",Crema,higiene_fuera_de_higiene,Alta
Jumbo,Crema Corporal Nivea Bajo La Ducha Nutritiva Piel Seca 250 ml,"Lacteos, Huevos y Congelados",Crema,higiene_fuera_de_higiene,Alta
Jumbo,Crema de Afeitar Nivea Men Protect&Care 100 ml,"Lacteos, Huevos y Congelados",Crema,higiene_fuera_de_higiene,Alta
Jumbo,Espuma de Afeitar Nivea Men Sensitive 200 ml,"Lacteos, Huevos y Congelados",Crema,higiene_fuera_de_higiene,Alta
Jumbo,Crema Facial Anti-Arrugas Nivea Q10 Día 50 ml,"Lacteos, Huevos y Congelados",Crema,higiene_fuera_de_higiene,Alta
Jumbo,Desodorante Barra Secret Clinical Strenght 45 g,"Lacteos, Huevos y Congelados",Crema,higiene_fuera_de_higiene,Alta
Jumbo,Limpiador Crema Frosch Lavanda 500 ml,"Lacteos, Huevos y Congelados",Crema,limpieza_fuera_de_limpieza,Alta
Jumbo,Crema Multipropósito Nivea Soft 100 ml,"Lacteos, Huevos y Congelados",Crema,higiene_fuera_de_higiene,Alta
Jumbo,Desodorante Crema Etiquet Masculino Action 60 g,"Lacteos, Huevos y Congelados",Crema,higiene_fuera_de_higiene,Alta
Jumbo,Jabón Líquido Nivea Creme Soft 750 ml,"Lacteos, Huevos y Congelados",Crema,higiene_fuera_de_higiene,Alta
Jumbo,Desodorante Gel Speed Stick 24/7 Xtreme Intense 85 g,"Lacteos, Huevos y Congelados",Crema,higiene_fuera_de_higiene,Alta
Jumbo,Jabón Líquido Nivea Creme Soft 250 ml,"Lacteos, Huevos y Congelados",Crema,higiene_fuera_de_higiene,Alta
Jumbo,Crema Facial Anti-Arrugas Nivea 35+ 50 ml,"Lacteos, Huevos y Congelados",Crema,higiene_fuera_de_higiene,Alta
Jumbo,Crema Facial Vichy Neovadiol Magistral,"Lacteos, Huevos y Congelados",Crema,higiene_fuera_de_higiene,Alta
Jumbo,Crema Facial Eucerin Anti-Arrugas Día Q 10 Piel Seca 50 ml,"Lacteos, Huevos y Congelados",Crema,higiene_fuera_de_higiene,Alta
Jumbo,Crema Facial Hydraphase UV Ligera 50 ml,"Lacteos, Huevos y Congelados",Crema,higiene_fuera_de_higiene,Alta
Jumbo,Desodorante Crema Vichy 7 Días,"Lacteos, Huevos y Congelados",Crema,higiene_fuera_de_higiene,Alta
Jumbo,Crema Facial Vichy Nocturna Idéalia Skin Sleep 50 ml,"Lacteos, Huevos y Congelados",Crema,higiene_fuera_de_higiene,Alta
Jumbo,Normaderm Tonico Astringente Purificante 200 ml,"Lacteos, Huevos y Congelados",Crema,higiene_fuera_de_higiene,Alta
Jumbo,Crema Multipropósito Nivea Soft Oasis 50 ml,"Lacteos, Huevos y Congelados",Crema,higiene_fuera_de_higiene,Alta
Jumbo,Crema Multipropósito Nivea Soft Berry 50 ml,"Lacteos, Huevos y Congelados",Crema,higiene_fuera_de_higiene,Alta
Jumbo,Jabón Líquido Nivea Creme Care 250 ml,"Lacteos, Huevos y Congelados",Crema,higiene_fuera_de_higiene,Alta
Jumbo,Pack Dove Regeneración Extrema: Shampoo 400 ml + Acondicionador 170 ml,"Lacteos, Huevos y Congelados",Crema,higiene_fuera_de_higiene,Alta
Jumbo,Jabón Líquido Nivea Creme Care 750 ml,"Lacteos, Huevos y Congelados",Crema,higiene_fuera_de_higiene,Alta
Jumbo,Desodorante Dove Clinical Crema For Men 2 un. 50 g c/u,"Lacteos, Huevos y Congelados",Crema,higiene_fuera_de_higiene,Alta
Jumbo,Crema de Manos Nivea Aloe Vera 100 ml,"Lacteos, Huevos y Congelados",Crema,higiene_fuera_de_higiene,Alta
Jumbo,Crema de Manos Nivea Miel 100 ml,"Lacteos, Huevos y Congelados",Crema,higiene_fuera_de_higiene,Alta
Jumbo,Crema Multipropósito Dove Nutrición Belleza 150 ml,"Lacteos, Huevos y Congelados",Crema,higiene_fuera_de_higiene,Alta
Jumbo,Crema Multipropósito Dove Nutrición Intensa 75 ml,"Lacteos, Huevos y Congelados",Crema,higiene_fuera_de_higiene,Alta
Jumbo,Mascarilla Tela Nivea Urban Skin Detox 1 un.,"Lacteos, Huevos y Congelados",Crema,higiene_fuera_de_higiene,Alta
Jumbo,Crema de Manos Nivea Cuidado Antiedad Q10 100 ml,"Lacteos, Huevos y Congelados",Crema,higiene_fuera_de_higiene,Alta
Jumbo,Crema Corporal Nivea Reafirmante Q10+C Piel Extra Seca 400 ml,"Lacteos, Huevos y Congelados",Crema,higiene_fuera_de_higiene,Alta
Jumbo,Pureté Thermale Agua Micelar Piel Mixta/Grasa 400 ml,"Lacteos, Huevos y Congelados",Crema,higiene_fuera_de_higiene,Alta
Jumbo,Shampoo Vichy Dercos Kera-Solutions 250 ml,"Lacteos, Huevos y Congelados",Crema,higiene_fuera_de_higiene,Alta
Jumbo,Espuma Micelar Dermatoclean Hyaluron 150 ml,"Lacteos, Huevos y Congelados",Crema,higiene_fuera_de_higiene,Alta
Jumbo,Pack Crema Naturals Aloe + 2 Mini Micelar,"Lacteos, Huevos y Congelados",Crema,higiene_fuera_de_higiene,Alta
Jumbo,Crema Facial Nivea Men Skin Energy Q10 50 ml,"Lacteos, Huevos y Congelados",Crema,higiene_fuera_de_higiene,Alta
Jumbo,Loción Corporal Nivea Naturally Good Cacao 350 ml,"Lacteos, Huevos y Congelados",Crema,higiene_fuera_de_higiene,Alta
Jumbo,Crema Facial Nivea Naturally Good Manzanilla 50 ml,"Lacteos, Huevos y Congelados",Crema,higiene_fuera_de_higiene,Alta
Jumbo,Loción Corporal Nivea Naturally Good Aloe 350 ml,"Lacteos, Huevos y Congelados",Crema,higiene_fuera_de_higiene,Alta
Jumbo,Crema Corporal Nivea Reafirmante Q10 125 ml,"Lacteos, Huevos y Congelados",Crema,higiene_fuera_de_higiene,Alta
Jumbo,Crema Facial Nivea Naturally Good Aloe 50 ml,"Lacteos, Huevos y Congelados",Crema,higiene_fuera_de_higiene,Alta
Jumbo,Nivea Q10 Energy Mascarilla en Tela,"Lacteos, Huevos y Congelados",Crema,higiene_fuera_de_higiene,Alta
Jumbo,Desodorante Gel Gillette Vitamina E 82 g,"Lacteos, Huevos y Congelados",Crema,higiene_fuera_de_higiene,Alta
Jumbo,Crema Facial Petrizzio Anti Envejecimiento F50 50 g,"Lacteos, Huevos y Congelados",Crema,higiene_fuera_de_higiene,Alta
Jumbo,Crema Facial Naturaloe Hidratante Noche 50 ml,"Lacteos, Huevos y Congelados",Crema,higiene_fuera_de_higiene,Alta
Jumbo,Estuche roses agua micelar 400 ml + Crema 50 ml + Mist 150 ml,"Lacteos, Huevos y Congelados",Crema,higiene_fuera_de_higiene,Alta
Jumbo,Estuche Crema Aloe 350 ml + Crema Facial 50 ml,"Lacteos, Huevos y Congelados",Crema,higiene_fuera_de_higiene,Alta
Jumbo,Crema Facial Babaria Hidratante 100 ml 2 un.,"Lacteos, Huevos y Congelados",Crema,higiene_fuera_de_higiene,Alta
Jumbo,Crema facial antiarrugas 100 ml 2 un.,"Lacteos, Huevos y Congelados",Crema,higiene_fuera_de_higiene,Alta
Jumbo,Loción Ziaja Limpiadora & Tónico 200 ml,"Lacteos, Huevos y Congelados",Crema,higiene_fuera_de_higiene,Alta
Jumbo,Jabón Crema Simond's Humectante Doypack 500 ml,"Lacteos, Huevos y Congelados",Crema,higiene_fuera_de_higiene,Alta
Jumbo,Crema Facial L’Oréal Antilíneas de Expresión Ácido Hialurónico,"Lacteos, Huevos y Congelados",Crema,higiene_fuera_de_higiene,Alta
Jumbo,Limpiador Facial Bull Dog Oil Control 150 ml,"Lacteos, Huevos y Congelados",Crema,limpieza_fuera_de_limpieza,Alta
Jumbo,Set Crema de Manos 75 ml + Jabón 300 ml,"Lacteos, Huevos y Congelados",Crema,higiene_fuera_de_higiene,Alta
Jumbo,Set Aclarante Sérum 30 ml + Crema 50 ml + Micelar 200 ml,"Lacteos, Huevos y Congelados",Crema,higiene_fuera_de_higiene,Alta
Jumbo,Crema Facial Noche L’Oréal Age Perfect Golden 50 ml,"Lacteos, Huevos y Congelados",Crema,higiene_fuera_de_higiene,Alta
Jumbo,Crema Facial Cicatricure Gold Lift Sérum,"Lacteos, Huevos y Congelados",Crema,higiene_fuera_de_higiene,Alta
Jumbo,Crema Facial Cicatricure Antiedad FPS 50,"Lacteos, Huevos y Congelados",Crema,higiene_fuera_de_higiene,Alta
Jumbo,Crema Facial Hidratante Matificador 50 ml,"Lacteos, Huevos y Congelados",Crema,higiene_fuera_de_higiene,Alta
Jumbo,Crema Facial Neutrogena Bright Boost 50 g,"Lacteos, Huevos y Congelados",Crema,higiene_fuera_de_higiene,Alta
Jumbo,Crema Facial Neutrogena Bright Boost FPS 30 - 40 g,"Lacteos, Huevos y Congelados",Crema,higiene_fuera_de_higiene,Alta
Jumbo,Desodorante para Pies Deo Pies Talco Clinical Spray 150 g,"Lacteos, Huevos y Congelados",Crema,higiene_fuera_de_higiene,Alta
Jumbo,Desodorante para Pies Deo Pies Mujer Spray 180 ml,"Lacteos, Huevos y Congelados",Crema,higiene_fuera_de_higiene,Alta
Jumbo,Pack Asepxia: Crema Facial 50 g + Gel Gen 100 g + Exfoliante 200 ml,"Lacteos, Huevos y Congelados",Crema,higiene_fuera_de_higiene,Alta
Jumbo,Pack Rose Care Agua Micelar 400 ml + Crema 50 ml + Mist 100 ml,"Lacteos, Huevos y Congelados",Crema,higiene_fuera_de_higiene,Alta
Jumbo,Pack Q10 Energy Crema + Micelar + Mascarilla,"Lacteos, Huevos y Congelados",Crema,higiene_fuera_de_higiene,Alta
Jumbo,Pack Micelar 600 ml + Humectante 100 ml + Arrugas 100 ml,"Lacteos, Huevos y Congelados",Crema,higiene_fuera_de_higiene,Alta
Jumbo,Crema Facial Bioherapy Rejuvenecedora 55 ml,"Lacteos, Huevos y Congelados",Crema,higiene_fuera_de_higiene,Alta
Jumbo,Crema Facial Bioherapy Calmante 55 ml,"Lacteos, Huevos y Congelados",Crema,higiene_fuera_de_higiene,Alta
Jumbo,Estuche Afeitado Nivea Men Sensitive 3 un.,"Lacteos, Huevos y Congelados",Crema,higiene_fuera_de_higiene,Alta
Jumbo,Crema Facial Cicatricure Eyer 30 g,"Lacteos, Huevos y Congelados",Crema,higiene_fuera_de_higiene,Alta
Jumbo,Gel Limpiador Men Expert Hydra Energetic 100 ml,"Lacteos, Huevos y Congelados",Crema,limpieza_fuera_de_limpieza,Alta
Jumbo,Acondicionador Bioherapy Pies y Talón Partidos 60 ml,"Lacteos, Huevos y Congelados",Crema,higiene_fuera_de_higiene,Alta
Jumbo,Pack Nivea Crema Facial Essentials Día + Noche,"Lacteos, Huevos y Congelados",Crema,higiene_fuera_de_higiene,Alta
Jumbo,Pack Nivea Rose Care Micelar + Crema Facial + Mist,"Lacteos, Huevos y Congelados",Crema,higiene_fuera_de_higiene,Alta
Jumbo,Pack Nivea Q10 400 ml 2 un.,"Lacteos, Huevos y Congelados",Crema,higiene_fuera_de_higiene,Alta
Jumbo,Pack Nivea Loción Corporal Cereza + Vainilla,"Lacteos, Huevos y Congelados",Crema,higiene_fuera_de_higiene,Alta
Jumbo,Pack Nivea Cellular Expert Lift Día + Noche,"Lacteos, Huevos y Congelados",Crema,higiene_fuera_de_higiene,Alta
Jumbo,Pack Nivea Q10 Día + Noche 50 ml,"Lacteos, Huevos y Congelados",Crema,higiene_fuera_de_higiene,Alta
Jumbo,Pack Nivea Q10 Goodbye Celulitis + Q10 Bronze,"Lacteos, Huevos y Congelados",Crema,higiene_fuera_de_higiene,Alta
Jumbo,Set Nivea Crema Corporal Milk + Q10 Reafirmante,"Lacteos, Huevos y Congelados",Crema,higiene_fuera_de_higiene,Alta
Jumbo,Pack Nivea Crema de Manos Miel + Aloe Vera,"Lacteos, Huevos y Congelados",Crema,higiene_fuera_de_higiene,Alta
Jumbo,Pack Nivea Loción Micellair + Desmaquillante Ojos,"Lacteos, Huevos y Congelados",Crema,higiene_fuera_de_higiene,Alta
Jumbo,Pack Nivea Cellular Luminous Sérum + Fluido Día,"Lacteos, Huevos y Congelados",Crema,higiene_fuera_de_higiene,Alta
Jumbo,Crema Facial Nivea Noche Q10 Energy 50 ml,"Lacteos, Huevos y Congelados",Crema,higiene_fuera_de_higiene,Alta
Jumbo,Crema Facial y Contorno de Ojos Gaon Hidratante 50 ml,"Lacteos, Huevos y Congelados",Crema,higiene_fuera_de_higiene,Alta
Jumbo,Desodorante Gel Old Spice Xtreme Protect 80 g,"Lacteos, Huevos y Congelados",Crema,higiene_fuera_de_higiene,Alta
Jumbo,Crema Facial Raytan Iluminadora 50 ml,"Lacteos, Huevos y Congelados",Crema,higiene_fuera_de_higiene,Alta
Jumbo,Crema Facial Raytan FPS 30 - 60 ml,"Lacteos, Huevos y Congelados",Crema,higiene_fuera_de_higiene,Alta
Jumbo,Pack Nivea Facial Piel Seca 50 ml + Noche 50 ml,"Lacteos, Huevos y Congelados",Crema,higiene_fuera_de_higiene,Alta
Jumbo,Pack Nivea Manos Aloe Vera + Miel + Oliva 100 ml,"Lacteos, Huevos y Congelados",Crema,higiene_fuera_de_higiene,Alta
Jumbo,Pack Nivea Corporal Q10 Reafirmante 400 ml 2 un.,"Lacteos, Huevos y Congelados",Crema,higiene_fuera_de_higiene,Alta
Jumbo,Pack Nivea Rose Crema Gel 50 ml + Mist 150 ml,"Lacteos, Huevos y Congelados",Crema,higiene_fuera_de_higiene,Alta
Jumbo,Pack Nivea Q10 Piel Mixta Día 50 ml + Noche 50 ml,"Lacteos, Huevos y Congelados",Crema,higiene_fuera_de_higiene,Alta
Jumbo,Pack Nivea Rose Micelar 400 ml + Día 50 ml + Mist 150 ml,"Lacteos, Huevos y Congelados",Crema,higiene_fuera_de_higiene,Alta
Jumbo,Pack Nivea Q10 Anti-Arrugas Día 50 ml + Noche 50 ml,"Lacteos, Huevos y Congelados",Crema,higiene_fuera_de_higiene,Alta
Jumbo,Pack Nivea Corporal Regeneración Intensiva 400 ml 2 un.,"Lacteos, Huevos y Congelados",Crema,higiene_fuera_de_higiene,Alta
Jumbo,Pack Nivea Cellular Expert Filler Día 50 ml + Sérum 30 ml,"Lacteos, Huevos y Congelados",Crema,higiene_fuera_de_higiene,Alta
Jumbo,Pack Nivea Milk 400 ml + Q10 Reafirmante Seca 400 ml,"Lacteos, Huevos y Congelados",Crema,higiene_fuera_de_higiene,Alta
Jumbo,Pack Nivea Corporal Hidratación Express 250 ml + Soft 100 ml,"Lacteos, Huevos y Congelados",Crema,higiene_fuera_de_higiene,Alta
Jumbo,Crema Facial Newen Hidratante Col Rosa Mosqueta 50 g,"Lacteos, Huevos y Congelados",Crema,higiene_fuera_de_higiene,Alta
Jumbo,Tonico Facial Newen Hidratante 120 ml,"Lacteos, Huevos y Congelados",Crema,higiene_fuera_de_higiene,Alta
Jumbo,Crema Dove Granada 283 g,"Lacteos, Huevos y Congelados",Crema,higiene_fuera_de_higiene,Alta
Jumbo,Crema Dove Macadamia 283 g,"Lacteos, Huevos y Congelados",Crema,higiene_fuera_de_higiene,Alta
Jumbo,Loción Facial Hidratante Dove Men +Care 51 g,"Lacteos, Huevos y Congelados",Crema,higiene_fuera_de_higiene,Alta
Jumbo,Estuche Dermocream Piel Atópica + Jabón Syndet 400,"Lacteos, Huevos y Congelados",Crema,higiene_fuera_de_higiene,Alta
Jumbo,Pack Nivea Piel Seca Crema Regeneradora,"Lacteos, Huevos y Congelados",Crema,higiene_fuera_de_higiene,Alta
Jumbo,Pack Nivea Rose Agua Micelar-Crema-Mist,"Lacteos, Huevos y Congelados",Crema,higiene_fuera_de_higiene,Alta
Jumbo,Pack Nivea Sensitive Afeitado + Hidratación,"Lacteos, Huevos y Congelados",Crema,higiene_fuera_de_higiene,Alta
Jumbo,Pack Nivea Masculino Afeitado + Hidratación,"Lacteos, Huevos y Congelados",Crema,higiene_fuera_de_higiene,Alta
Jumbo,Crema Facial L'Oreal Revitalift A-Age Cream FPS30,"Lacteos, Huevos y Congelados",Crema,higiene_fuera_de_higiene,Alta
Jumbo,Pack Nivea Energydeep Rutina Limpieza/Afeitado,"Lacteos, Huevos y Congelados",Crema,higiene_fuera_de_higiene,Alta
Jumbo,Pack L'Oreal Limpia e Hidrata Micelar + Crema Humectante,"Lacteos, Huevos y Congelados",Crema,higiene_fuera_de_higiene,Alta
Jumbo,Pack Nivea Micelar + Bifásica,"Lacteos, Huevos y Congelados",Crema,higiene_fuera_de_higiene,Alta
Jumbo,Pack Nivea Cuidado Completo: Crema Corporal Milk 250 ml + Crema Manos 100 ml,"Lacteos, Huevos y Congelados",Crema,higiene_fuera_de_higiene,Alta
Jumbo,Pack Nivea Face Hid Día + Noche,"Lacteos, Huevos y Congelados",Crema,higiene_fuera_de_higiene,Alta
Jumbo,Pack Nivea Roses Micelar + Crema + Mist,"Lacteos, Huevos y Congelados",Crema,higiene_fuera_de_higiene,Alta
Jumbo,Pack Nivea Roses Crema + Mist,"Lacteos, Huevos y Congelados",Crema,higiene_fuera_de_higiene,Alta
Jumbo,Pack Nivea Q10 Face + Body,"Lacteos, Huevos y Congelados",Crema,higiene_fuera_de_higiene,Alta
Jumbo,Pack Nivea He 250 ml + Soft 100 ml,"Lacteos, Huevos y Congelados",Crema,higiene_fuera_de_higiene,Alta
Jumbo,Crema Facial Dermocream Defense 50 ml,"Lacteos, Huevos y Congelados",Crema,higiene_fuera_de_higiene,Alta
Jumbo,Pack Nivea Crema Corporal Soft Milk + Milk Q10,"Lacteos, Huevos y Congelados",Crema,higiene_fuera_de_higiene,Alta
Jumbo,Pack Nivea Crema Corporal Q10 400 ml x 2,"Lacteos, Huevos y Congelados",Crema,higiene_fuera_de_higiene,Alta
Jumbo,Pack Nivea Rutina Q10 Crema de Día + Serum,"Lacteos, Huevos y Congelados",Crema,higiene_fuera_de_higiene,Alta
Jumbo,Pack Nivea Crema Corporal Restaura Intensiva + Nivea Creme,"Lacteos, Huevos y Congelados",Crema,higiene_fuera_de_higiene,Alta
Jumbo,Pack Nivea Milk Nutritiva + Crema de Manos Intensiva,"Lacteos, Huevos y Congelados",Crema,higiene_fuera_de_higiene,Alta
Jumbo,Limpiador Crema Cif Original 680 g,"Lacteos, Huevos y Congelados",Crema,limpieza_fuera_de_limpieza,Alta
Jumbo,Pack Nivea Antiestrías con Sérum + Crema 200 ml,"Lacteos, Huevos y Congelados",Crema,higiene_fuera_de_higiene,Alta
Jumbo,Set Tratamiento Cabello Rizado Le Petit Olivier: Shampoo + Crema de Peinar,"Lacteos, Huevos y Congelados",Crema,higiene_fuera_de_higiene,Alta
Jumbo,Bálsamo After Shave Nivea Protect & Care 100 ml,"Lacteos, Huevos y Congelados",Crema,higiene_fuera_de_higiene,Alta
Jumbo,Crema Multipropósito Nivea Soft Exotic 50 ml,"Lacteos, Huevos y Congelados",Crema,higiene_fuera_de_higiene,Alta
Jumbo,Limpiador Crema Cif Bioactive Original 375 g,"Lacteos, Huevos y Congelados",Crema,limpieza_fuera_de_limpieza,Alta
Jumbo,Gel de Limpieza Facial Nivea Men Deep 100 ml,"Lacteos, Huevos y Congelados",Crema,higiene_fuera_de_higiene,Alta
Jumbo,Limpiador Crema Cif Bioactive Limón 750 g,"Lacteos, Huevos y Congelados",Crema,limpieza_fuera_de_limpieza,Alta
Jumbo,Limpiador Crema Cif Bioactive Original 375 g,"Lacteos, Huevos y Congelados",Crema,limpieza_fuera_de_limpieza,Alta
Jumbo,Pack Crema Ht5 Matificador + Agua Micelar,"Lacteos, Huevos y Congelados",Crema,higiene_fuera_de_higiene,Alta
Jumbo,Loción Micelar 3 en 1 Nivea Piel Sensible 200 ml,"Lacteos, Huevos y Congelados",Crema,higiene_fuera_de_higiene,Alta
Jumbo,Limpiador Crema Cif Bioactive Original 750 g,"Lacteos, Huevos y Congelados",Crema,limpieza_fuera_de_limpieza,Alta
Jumbo,Pack Kativa: Shampoo + Acondicionador + Crema de Tratamiento Coco,"Lacteos, Huevos y Congelados",Crema,higiene_fuera_de_higiene,Alta
Jumbo,Pack Kativa: Shampoo + Acondicionador + Crema de Tratamiento Keratina,"Lacteos, Huevos y Congelados",Crema,higiene_fuera_de_higiene,Alta
Jumbo,Crema Facial Noche L’Oréal Age Perfect Jalea Real 50 ml,"Lacteos, Huevos y Congelados",Crema,higiene_fuera_de_higiene,Alta
Jumbo,Crema Facial Día L’Oréal Hidra Total 5 Antiarrugas +45 50 ml,"Lacteos, Huevos y Congelados",Crema,higiene_fuera_de_higiene,Alta
Jumbo,Crema Facial Nivea Cellular Noche 50 ml,"Lacteos, Huevos y Congelados",Crema,higiene_fuera_de_higiene,Alta
Jumbo,Crema Facial Nivea Cellular Día FPS30 50 ml,"Lacteos, Huevos y Congelados",Crema,higiene_fuera_de_higiene,Alta
Jumbo,Crema Facial Noche L’Oréal Revitalift Filler 50 ml,"Lacteos, Huevos y Congelados",Crema,higiene_fuera_de_higiene,Alta
Jumbo,Crema Facial Noche L’Oréal Revitalift Firmeza 50 ml,"Lacteos, Huevos y Congelados",Crema,higiene_fuera_de_higiene,Alta
Jumbo,Crema Facial Hidratante Nivea Activa Día 50 ml,"Lacteos, Huevos y Congelados",Crema,higiene_fuera_de_higiene,Alta
Jumbo,Crema Facial Noche L’Oréal Age Perfect Trufa 50 ml,"Lacteos, Huevos y Congelados",Crema,higiene_fuera_de_higiene,Alta
Jumbo,Crema Humectante Nivea Soft Milk 250 ml,"Lacteos, Huevos y Congelados",Crema,higiene_fuera_de_higiene,Alta
Jumbo,Crema Facial Día L’Oréal UV Defender Toque Seco Medium FPS 50 40 g,"Lacteos, Huevos y Congelados",Crema,higiene_fuera_de_higiene,Alta
Jumbo,Crema Humectante Nivea Soft Milk 125 ml,"Lacteos, Huevos y Congelados",Crema,higiene_fuera_de_higiene,Alta
Jumbo,Crema Facial Día L’Oréal Revitalift Filler 50 ml,"Lacteos, Huevos y Congelados",Crema,higiene_fuera_de_higiene,Alta
Jumbo,Crema Facial Noche L’Oréal Hidra Total 5 Hidratante 50 ml,"Lacteos, Huevos y Congelados",Crema,higiene_fuera_de_higiene,Alta
Jumbo,Crema Facial Día L’Oréal Age Perfect Renacimiento Celular 50 ml,"Lacteos, Huevos y Congelados",Crema,higiene_fuera_de_higiene,Alta
Jumbo,Crema Facial Noche L’Oréal Revitalift Láser 50 ml,"Lacteos, Huevos y Congelados",Crema,higiene_fuera_de_higiene,Alta
Jumbo,Crema Facial Día L’Oréal Age Perfect Golden 50 ml,"Lacteos, Huevos y Congelados",Crema,higiene_fuera_de_higiene,Alta
Jumbo,Crema Facial Día L’Oréal Revitalift Antiarrugas Láser 50 ml,"Lacteos, Huevos y Congelados",Crema,higiene_fuera_de_higiene,Alta
Jumbo,Crema Corporal Nivea Regeneración Intensiva 400 ml,"Lacteos, Huevos y Congelados",Crema,higiene_fuera_de_higiene,Alta
Jumbo,Crema Facial Día L’Oréal Revitalift Firmeza 50 ml,"Lacteos, Huevos y Congelados",Crema,higiene_fuera_de_higiene,Alta
Jumbo,Crema Facial Día L’Oréal Revitalift Ácido Hialurónico FPS 20 - 25 ml,"Lacteos, Huevos y Congelados",Crema,higiene_fuera_de_higiene,Alta
Jumbo,Crema Facial Día L’Oréal Revitalift Antiarrugas 50 ml,"Lacteos, Huevos y Congelados",Crema,higiene_fuera_de_higiene,Alta
Jumbo,Crema Facial Día L’Oréal UV Defender Toque Seco Claro FPS 50 40 g,"Lacteos, Huevos y Congelados",Crema,higiene_fuera_de_higiene,Alta
Jumbo,Contorno de Ojos Nivea Q10 Power 15 ml,"Lacteos, Huevos y Congelados",Crema,higiene_fuera_de_higiene,Alta
Jumbo,Crema Facial Nivea Q10 Energy Noche Antiarrugas 50 ml,"Lacteos, Huevos y Congelados",Crema,higiene_fuera_de_higiene,Alta
Jumbo,Pack Sérum Antiimperfecciones y Agua Micelar Loreal,"Lacteos, Huevos y Congelados",Crema,higiene_fuera_de_higiene,Alta
Jumbo,Crema Nivea Q10 Power Día y Noche 50 ml + 50 ml,"Lacteos, Huevos y Congelados",Crema,higiene_fuera_de_higiene,Alta
Jumbo,Sérum Nivea Expert Dual con Crema Q10 Día,"Lacteos, Huevos y Congelados",Crema,higiene_fuera_de_higiene,Alta
Jumbo,Crema Nivea Hidratante Facial Piel Seca 50 ml + Noche 50 ml,"Lacteos, Huevos y Congelados",Crema,higiene_fuera_de_higiene,Alta
Jumbo,"Crema Labial Nivea Lips Cereza, Mora y Sandía","Lacteos, Huevos y Congelados",Crema,higiene_fuera_de_higiene,Alta
Jumbo,Crema Facial Eucerin Atopi Control 50 ml,"Lacteos, Huevos y Congelados",Crema,higiene_fuera_de_higiene,Alta
Jumbo,Desinfectante de Frutas y Verduras Germalimp 250 g,Frutas y Verduras,Verduras,limpieza_fuera_de_limpieza,Alta
Jumbo,Alimento Húmedo Perro Adulto Pedigree Pequeño Carne 100 g,Carnes y Pescados,Carnes,mascota_fuera_de_mascotas,Alta
Jumbo,Snack Perro Pet's Fun Condilo de Vacuno,Carnes y Pescados,Carnes,mascota_fuera_de_mascotas,Alta
Jumbo,Snack Perro Adulto Pedigree Rodeo Carne 4 un.,Carnes y Pescados,Carnes,mascota_fuera_de_mascotas,Alta
Jumbo,Alimento Húmedo Perro Adulto Pedigree Carne Sobre 100 g,Carnes y Pescados,Carnes,mascota_fuera_de_mascotas,Alta
Jumbo,Snack Perro Pet's Fun Fémur de Vacuno 1.75 kg,Carnes y Pescados,Carnes,mascota_fuera_de_mascotas,Alta
Jumbo,Alimento Perro Adulto Purina One Mediano Grande Carne 12 kg,Carnes y Pescados,Carnes,mascota_fuera_de_mascotas,Alta
Jumbo,Alimento Húmedo Gato Adulto Whiskas Salsa Carne 85 g,Carnes y Pescados,Carnes,mascota_fuera_de_mascotas,Alta
Jumbo,Snack Perro Pet's Fun Fémur de Vacuno,Carnes y Pescados,Carnes,mascota_fuera_de_mascotas,Alta
Jumbo,Alimento Húmedo Gatito Whiskas Salsa Carne 85 g,Carnes y Pescados,Carnes,mascota_fuera_de_mascotas,Alta
Jumbo,Alimento Húmedo Perro Cachorro Pedigree Carne Sobre 85 g,Carnes y Pescados,Carnes,mascota_fuera_de_mascotas,Alta
Jumbo,Alimento Húmedo Gatito Whiskas Soufflé Carne 85 g,Carnes y Pescados,Carnes,mascota_fuera_de_mascotas,Alta
Jumbo,Snack Gato Whiskas Tentador Carne 80 g,Carnes y Pescados,Carnes,mascota_fuera_de_mascotas,Alta
Jumbo,Alimento Húmedo Gato Adulto Whiskas Carne Soufflé 85 g,Carnes y Pescados,Carnes,mascota_fuera_de_mascotas,Alta
Jumbo,Alimento Húmedo Gato Adulto Whiskas Castrados Carne 85 g,Carnes y Pescados,Carnes,mascota_fuera_de_mascotas,Alta
Jumbo,Salsa Perro Master Dog Carne 300 g,Carnes y Pescados,Carnes,mascota_fuera_de_mascotas,Alta
Jumbo,Snack Gato Whiskas Tentador Carne 40 g,Carnes y Pescados,Carnes,mascota_fuera_de_mascotas,Alta
Jumbo,Snack Perro Naturalistic Mix Cordero-Espinaca-Carne-Manzana 100 g,Carnes y Pescados,Carnes,mascota_fuera_de_mascotas,Alta
Jumbo,"Alimento Húmedo Perro Purina One Multi Proteína Carne, Pollo y Cordero 85 g",Carnes y Pescados,Carnes,mascota_fuera_de_mascotas,Alta
Jumbo,Alimento Húmedo Perro Dog Chow Cachorros Carne 100 g,Carnes y Pescados,Carnes,mascota_fuera_de_mascotas,Alta
Jumbo,Snack Perro Treats Trozos Vacuno 100 g,Carnes y Pescados,Carnes,mascota_fuera_de_mascotas,Alta
Jumbo,Alimento Perro Cachorro Purina One Pollo y Carne 12 kg,Carnes y Pescados,Carnes,mascota_fuera_de_mascotas,Alta
Jumbo,Alimento Húmedo Perro Adulto Amity Carne 1250 gr,Carnes y Pescados,Carnes,mascota_fuera_de_mascotas,Alta
Jumbo,Alimento Húmedo Gato Amity Carne y Vegetales 415 g,Carnes y Pescados,Carnes,mascota_fuera_de_mascotas,Alta
Jumbo,Alimento Húmedo Perro Adulto Master Dog Carne 100 g,Carnes y Pescados,Carnes,mascota_fuera_de_mascotas,Alta
Jumbo,Alimento Perro Senior Master Dog Carne 3 kg,Carnes y Pescados,Carnes,mascota_fuera_de_mascotas,Alta
Jumbo,Alimento Perro Adulto Champion Dog Carne y Pollo 15 kg,Carnes y Pescados,Carnes,mascota_fuera_de_mascotas,Alta
Jumbo,Alimento Húmedo Perro Adulto Cannes Trocitos Jugosos Carne 100 g,Carnes y Pescados,Carnes,mascota_fuera_de_mascotas,Alta
Jumbo,Alimento Húmedo Gato Felix Sabor Carne 85 g,Carnes y Pescados,Carnes,mascota_fuera_de_mascotas,Alta
Jumbo,Snack Perro Goofy Super Mix Carne Asada 7 un.,Carnes y Pescados,Carnes,mascota_fuera_de_mascotas,Alta
Jumbo,Alimento Perro Adulto Master Dog Carne 9 kg,Carnes y Pescados,Carnes,mascota_fuera_de_mascotas,Alta
Jumbo,Alimento Perro Adulto Amity Trozo Carne 415 g,Carnes y Pescados,Carnes,mascota_fuera_de_mascotas,Alta
Jumbo,Snack Tiritas para Perro Vacuno 400 g,Carnes y Pescados,Carnes,mascota_fuera_de_mascotas,Alta
Jumbo,Alimento Perro Adulto Master Dog En Salsa Carne Mechada 2.5 kg,Carnes y Pescados,Carnes,mascota_fuera_de_mascotas,Alta
Jumbo,Alimento Gato Adulto Whiskas Carne 1 kg,Carnes y Pescados,Carnes,mascota_fuera_de_mascotas,Alta
Jumbo,Alimento Perro Cachorro Cannes Carne y Leche 3 kg,Carnes y Pescados,Carnes,mascota_fuera_de_mascotas,Alta
Jumbo,Snack Perro Jerky Proteico Stay Happy Vacuno 80 g,Carnes y Pescados,Carnes,mascota_fuera_de_mascotas,Alta
Jumbo,Alimento Perro Adulto Pedigree Carne Pollo y Cereal 15 kg,Carnes y Pescados,Carnes,mascota_fuera_de_mascotas,Alta
Jumbo,Alimento Perro Adulto Master Dog Carne 15 kg,Carnes y Pescados,Carnes,mascota_fuera_de_mascotas,Alta
Jumbo,Alimento Perro Doko Adulto All Breed Carne de Pollo 12 kg,Carnes y Pescados,Carnes,mascota_fuera_de_mascotas,Alta
Jumbo,Snack Perro Doguitos Medallones de Carne 65 g,Carnes y Pescados,Carnes,mascota_fuera_de_mascotas,Alta
Jumbo,Alimento Húmedo Gato Adulto Purina One Castrados Super Nutrientes Carne 85 g,Carnes y Pescados,Carnes,mascota_fuera_de_mascotas,Alta
Jumbo,Alimento Húmedo Perro Adulto Champion Dog Carne y Verduras 100 g,Carnes y Pescados,Carnes,mascota_fuera_de_mascotas,Alta
Jumbo,Alimento Húmedo Perro Dog Chow Carne 100 g,Carnes y Pescados,Carnes,mascota_fuera_de_mascotas,Alta
Jumbo,"Alimento Perro Cachorro Pedigree Carne, Pollo y Cereales 15 kg",Carnes y Pescados,Carnes,mascota_fuera_de_mascotas,Alta
Jumbo,Alimento Perro Adulto Pedigree Carne y Vegetales 15 kg,Carnes y Pescados,Carnes,mascota_fuera_de_mascotas,Alta
Jumbo,Alimento Perro Adulto Master Dog En Salsa Carne Mechada 15 kg,Carnes y Pescados,Carnes,mascota_fuera_de_mascotas,Alta
Jumbo,Alimento Húmedo Gato Fancy Feast Mousse de Carne 85 g,Carnes y Pescados,Carnes,mascota_fuera_de_mascotas,Alta
Jumbo,Alimento Húmedo Perro Cachorro Cannes Trocitos Jugosos Carne 85 g,Carnes y Pescados,Carnes,mascota_fuera_de_mascotas,Alta
Jumbo,Alimento Perro Adulto Wankün Carne Deshuesada 750 g,Carnes y Pescados,Carnes,mascota_fuera_de_mascotas,Alta
Jumbo,Trocitos en Salsa Gatito Felinnes Carne y Leche 85 g,Carnes y Pescados,Carnes,mascota_fuera_de_mascotas,Alta
Jumbo,"Alimento Perro Cachorro Pedigree Carne, Pollo y Cereales 8 kg",Carnes y Pescados,Carnes,mascota_fuera_de_mascotas,Alta
Jumbo,Alimento Perro Adulto Pedigree Carne Pollo y Cereal 8 kg,Carnes y Pescados,Carnes,mascota_fuera_de_mascotas,Alta
Jumbo,Alimento Congelado Perro Barf Dieta Vacuno 200 g,Carnes y Pescados,Carnes,mascota_fuera_de_mascotas,Alta
Jumbo,"Alimento Perro Cachorro Champion Dog Carne, Pollo y Leche 15 kg",Carnes y Pescados,Carnes,mascota_fuera_de_mascotas,Alta
Jumbo,Alimento Húmedo Perro Adulto Cannes Trocitos Jugosos Carne 375 g,Carnes y Pescados,Carnes,mascota_fuera_de_mascotas,Alta
Jumbo,Alimento Perro Adulto Sabrokan Carne y Arroz 18 kg,Carnes y Pescados,Carnes,mascota_fuera_de_mascotas,Alta
Jumbo,Alimento Perro Adulto Doko Carne y Pollo 15 kg,Carnes y Pescados,Carnes,mascota_fuera_de_mascotas,Alta
Jumbo,Alimento Perro Adulto Dog Chow Medianos y Grandes Carne y Pollo 12 kg,Carnes y Pescados,Carnes,mascota_fuera_de_mascotas,Alta
Jumbo,Alimento Perro Adulto Pedigree Carne Pollo y Cereal 3 kg,Carnes y Pescados,Carnes,mascota_fuera_de_mascotas,Alta
Jumbo,Alimento Perro Adulto Pedigree High Protein Carne y Pollo 13.4 kg,Carnes y Pescados,Carnes,mascota_fuera_de_mascotas,Alta
Jumbo,Alimento Húmedo Gatito Felix Sabor Carne Sobre 85 g,Carnes y Pescados,Carnes,mascota_fuera_de_mascotas,Alta
Jumbo,Snack Perro Master Dog Carne y Leche 500 g,Carnes y Pescados,Carnes,mascota_fuera_de_mascotas,Alta
Jumbo,Alimento Húmedo Gato Adulto Cat Chow Esterilizado Carne 85 g,Carnes y Pescados,Carnes,mascota_fuera_de_mascotas,Alta
Jumbo,Alimento Perro Adulto Pedigree Razas Pequeñas Carne y Vegetales 8 kg,Carnes y Pescados,Carnes,mascota_fuera_de_mascotas,Alta
Jumbo,"Alimento Perro Senior Champion Dog Carne, Pollo y Vegetales 2.7 kg",Carnes y Pescados,Carnes,mascota_fuera_de_mascotas,Alta
Jumbo,Alimento Húmedo Gato Adulto Master Cat Carne Asada 85 g,Carnes y Pescados,Carnes,mascota_fuera_de_mascotas,Alta
Jumbo,Alimento Perro Adulto Sabrokan Carne y Arroz 9 kg,Carnes y Pescados,Carnes,mascota_fuera_de_mascotas,Alta
Jumbo,Alimento Húmedo Perro Cachorro Cannes Trocitos Jugosos Carne 375 g,Carnes y Pescados,Carnes,mascota_fuera_de_mascotas,Alta
Jumbo,Alimento Perro Adulto Cachupin Carne 15 kg,Carnes y Pescados,Carnes,mascota_fuera_de_mascotas,Alta
Jumbo,Alimento Gatito Whiskas Carne y Leche 1 kg,Carnes y Pescados,Carnes,mascota_fuera_de_mascotas,Alta
Jumbo,Alimento Gatito Purina One Pollo y Carne 2 kg,Carnes y Pescados,Carnes,mascota_fuera_de_mascotas,Alta
Jumbo,Alimento Húmedo Gato VK Poes Creation Carne 85 g,Carnes y Pescados,Carnes,mascota_fuera_de_mascotas,Alta
Jumbo,Paté Perro Champion Dog Carne 315 g,Carnes y Pescados,Carnes,mascota_fuera_de_mascotas,Alta
Jumbo,Alimento Seco Gatito Whiskas Carne y Leche 3 kg,Carnes y Pescados,Carnes,mascota_fuera_de_mascotas,Alta
Jumbo,"Alimento Perro Cachorro Champion Dog Carne, Pollo y Leche 3 kg",Carnes y Pescados,Carnes,mascota_fuera_de_mascotas,Alta
Jumbo,Alimento Perro Adulto Cannes Carne y Cereales 15 kg,Carnes y Pescados,Carnes,mascota_fuera_de_mascotas,Alta
Jumbo,Paté Perro Master Dog Carne 250 g,Carnes y Pescados,Carnes,mascota_fuera_de_mascotas,Alta
Jumbo,Trocitos en Salsa Gato Felinnes Carne 85 g,Carnes y Pescados,Carnes,mascota_fuera_de_mascotas,Alta
Jumbo,Alimento Perro Adulto Pedigree Razas Pequeñas Carne y Vegetales 3 kg,Carnes y Pescados,Carnes,mascota_fuera_de_mascotas,Alta
Jumbo,Alimento Gato Whiskas Carne 8 kg,Carnes y Pescados,Carnes,mascota_fuera_de_mascotas,Alta
Jumbo,"Alimento Perro Cachorro Champion Dog Carne, Pollo y Leche 8 kg",Carnes y Pescados,Carnes,mascota_fuera_de_mascotas,Alta
Jumbo,Snack Perro Vitakraft Beef Stick Carne 12 g,Carnes y Pescados,Carnes,mascota_fuera_de_mascotas,Alta
Jumbo,Alimento Húmedo Gato Adulto Cat Chow Carne 85 g,Carnes y Pescados,Carnes,mascota_fuera_de_mascotas,Alta
Jumbo,Alimento Gato Adulto Purina One Pollo y Carne 2 kg,Carnes y Pescados,Carnes,mascota_fuera_de_mascotas,Alta
Jumbo,Alimento Perro Adulto Cannes Carne y Cereales 9 kg,Carnes y Pescados,Carnes,mascota_fuera_de_mascotas,Alta
Jumbo,Alimento Perro Adulto Charly Carne y Cereales 9 kg,Carnes y Pescados,Carnes,mascota_fuera_de_mascotas,Alta
Jumbo,Alimento Perro Adulto Cachupin Carne 9 kg,Carnes y Pescados,Carnes,mascota_fuera_de_mascotas,Alta
Jumbo,Alimento Perro Adulto Pedigree Carne y Vegetales 8 kg,Carnes y Pescados,Carnes,mascota_fuera_de_mascotas,Alta
Jumbo,Alimento Perro Deshidratado Wankün Carne 100 g,Carnes y Pescados,Carnes,mascota_fuera_de_mascotas,Alta
Jumbo,Snack Perro Dip Dog Filetitos de Carne 60 g,Carnes y Pescados,Carnes,mascota_fuera_de_mascotas,Alta
Jumbo,Alimento Perro Adulto Cannes Razas Pequeñas Carne y Cereales 3 kg,Carnes y Pescados,Carnes,mascota_fuera_de_mascotas,Alta
Jumbo,Alimento Perro Cachorro Cannes Carne y Leche 15 kg,Carnes y Pescados,Carnes,mascota_fuera_de_mascotas,Alta
Jumbo,Alimento Húmedo Gato Adulto Whiskas Carne 290 g,Carnes y Pescados,Carnes,mascota_fuera_de_mascotas,Alta
Jumbo,Alimento Gatito Cat Chow Carne y Verduras 3 kg,Carnes y Pescados,Carnes,mascota_fuera_de_mascotas,Alta
Jumbo,Alimento Perro Adulto Cannes Carne y Cereales 3 kg,Carnes y Pescados,Carnes,mascota_fuera_de_mascotas,Alta
Jumbo,Alimento Perro Adulto Champion Dog Carne y Cereales 9 kg,Carnes y Pescados,Carnes,mascota_fuera_de_mascotas,Alta
Jumbo,Alimento Gato Adulto Whiskas Carne 3 kg,Carnes y Pescados,Carnes,mascota_fuera_de_mascotas,Alta
Jumbo,Alimento Perro Cachorro Purina One Pollo y Carne 2 kg,Carnes y Pescados,Carnes,mascota_fuera_de_mascotas,Alta
Jumbo,Alimento Perro Cachorro Purina One Pollo y Carne 6 kg,Carnes y Pescados,Carnes,mascota_fuera_de_mascotas,Alta
Jumbo,Alimento Perro Adulto Champion Dog Carne y Cereales 3 kg,Carnes y Pescados,Carnes,mascota_fuera_de_mascotas,Alta
Jumbo,Paté Perro Cachorro Master Dog Carne 250 g,Carnes y Pescados,Carnes,mascota_fuera_de_mascotas,Alta
Jumbo,"Alimento Gato Adulto Master Cat Pollo, Carne y Leche 3 kg",Carnes y Pescados,Carnes,mascota_fuera_de_mascotas,Alta
Jumbo,Snack Perro Goofy Rollitos Rellenos Razas Pequeñas Carne 6 un.,Carnes y Pescados,Carnes,mascota_fuera_de_mascotas,Alta
Jumbo,Alimento Perro Senior Master Dog Carne 8 kg,Carnes y Pescados,Carnes,mascota_fuera_de_mascotas,Alta
Jumbo,Alimento Perro Cachorro Master Dog Carne y Leche 3 kg,Carnes y Pescados,Carnes,mascota_fuera_de_mascotas,Alta
Jumbo,Alimento Gatito Cat Chow Carne y Verduras 1 kg,Carnes y Pescados,Carnes,mascota_fuera_de_mascotas,Alta
Jumbo,Alimento Gatito Cat Chow Carne y Verduras 8 kg,Carnes y Pescados,Carnes,mascota_fuera_de_mascotas,Alta
Jumbo,Alimento Perro Adulto Master Dog Carne 3 kg,Carnes y Pescados,Carnes,mascota_fuera_de_mascotas,Alta
Jumbo,Alimento Perro Adulto Master Dog Razas Pequeñas Carne 3 kg,Carnes y Pescados,Carnes,mascota_fuera_de_mascotas,Alta
Jumbo,Alimento Húmedo Gato Adulto Champion Cat Carne 315 g,Carnes y Pescados,Carnes,mascota_fuera_de_mascotas,Alta
Jumbo,Alimento Perro Adulto Master Dog Razas Pequeñas Carne 8 kg,Carnes y Pescados,Carnes,mascota_fuera_de_mascotas,Alta
Jumbo,Alimento Húmedo Perro Adulto Fit Carne Lata 382 g,Carnes y Pescados,Carnes,mascota_fuera_de_mascotas,Alta
Jumbo,Galletas Perro Champion Dog Razas Pequeñas Carne 500 g,Carnes y Pescados,Carnes,mascota_fuera_de_mascotas,Alta
Jumbo,Alimento Gato Adulto Master Cat Carne y Leche 1 kg,Carnes y Pescados,Carnes,mascota_fuera_de_mascotas,Alta
Jumbo,Alimento Gato Adulto Master Cat Carne y Leche 3 kg,Carnes y Pescados,Carnes,mascota_fuera_de_mascotas,Alta
Jumbo,Alimento Gato Adulto Champion Cat Carne 3 kg,Carnes y Pescados,Carnes,mascota_fuera_de_mascotas,Alta
Jumbo,Alimento Gato Adulto Master Cat Carne y Leche 8 kg,Carnes y Pescados,Carnes,mascota_fuera_de_mascotas,Alta
Jumbo,Alimento Gato Adulto Cat Chow Carne 8 kg,Carnes y Pescados,Carnes,mascota_fuera_de_mascotas,Alta
Jumbo,Alimento Perro Adulto Purina One Mediano Grande Carne 6 kg,Carnes y Pescados,Carnes,mascota_fuera_de_mascotas,Alta
Jumbo,Alimento Perro Adulto Purina One Mini Pequeño Carne 2 kg,Carnes y Pescados,Carnes,mascota_fuera_de_mascotas,Alta
Jumbo,Alimento Húmedo Perro Ama Pet Vacuno 200 g,Carnes y Pescados,Carnes,mascota_fuera_de_mascotas,Alta
Jumbo,Snack Perro Tributo Vacuno Verduras Liofilizado 100 g,Carnes y Pescados,Carnes,mascota_fuera_de_mascotas,Alta
Jumbo,Alimento Perro Adulto Dog Chow Carne y Pollo 8 kg,Carnes y Pescados,Carnes,mascota_fuera_de_mascotas,Alta
Jumbo,Galletas Perro Cannes Carne 450 g,Carnes y Pescados,Carnes,mascota_fuera_de_mascotas,Alta
Jumbo,Alimento Gato Adulto Cat Chow Carne 1 kg,Carnes y Pescados,Carnes,mascota_fuera_de_mascotas,Alta
Jumbo,Alimento Gato Adulto Champion Cat Carne 8 kg,Carnes y Pescados,Carnes,mascota_fuera_de_mascotas,Alta
Jumbo,Alimento Gato Adulto Cat Chow Carne 3 kg,Carnes y Pescados,Carnes,mascota_fuera_de_mascotas,Alta
Jumbo,Alimento Perro Adulto Dog Chow Carne y Pollo 3 kg,Carnes y Pescados,Carnes,mascota_fuera_de_mascotas,Alta
Jumbo,Alimento Perro Cachorro Cachupín Carne y Leche 15 kg,Carnes y Pescados,Carnes,mascota_fuera_de_mascotas,Alta
Jumbo,Alimento Perro Adulto Dog Chow Carne y Pollo 8 kg,Carnes y Pescados,Carnes,mascota_fuera_de_mascotas,Alta
Jumbo,Alimento Perro Adulto Dog Chow Carne y Pollo 15 kg,Carnes y Pescados,Carnes,mascota_fuera_de_mascotas,Alta
Jumbo,Alimento Perro Adulto Cachupín Sabor Carne,Carnes y Pescados,Carnes,mascota_fuera_de_mascotas,Alta
Jumbo,Alimento Húmedo Gato Felix Sensaciones de Carne 85 g,Carnes y Pescados,Carnes,mascota_fuera_de_mascotas,Alta
Jumbo,Alimento Perro Adulto Dog Chow Carne y Pollo 3 kg,Carnes y Pescados,Carnes,mascota_fuera_de_mascotas,Alta
Jumbo,Alimento Gato Adulto Champion Cat Carne 1 kg,Carnes y Pescados,Carnes,mascota_fuera_de_mascotas,Alta
Jumbo,Alimento Húmedo Perro Adulto Dog Chow Mini y Pequeño Carne 100 g,Carnes y Pescados,Carnes,mascota_fuera_de_mascotas,Alta
Jumbo,Snack Perro Treats Tiritas Vacuno 100 g,Carnes y Pescados,Carnes,mascota_fuera_de_mascotas,Alta
Jumbo,Snack Perro Proteíco Stay Happy Jerky Vacuno 80 g,Carnes y Pescados,Carnes,mascota_fuera_de_mascotas,Alta
Jumbo,Galletas Perro Proteíco Stay Happy Sin Grano Vacuno 140 g,Carnes y Pescados,Carnes,mascota_fuera_de_mascotas,Alta
Jumbo,Hueso Perros Dingo Premium con Carne 85 g,Carnes y Pescados,Carnes,mascota_fuera_de_mascotas,Alta
Jumbo,Alimento Húmedo Poesie Délice Carne,Carnes y Pescados,Carnes,mascota_fuera_de_mascotas,Alta
Jumbo,Alimento Húmedo Gato Champion Cat Carne 85 g,Carnes y Pescados,Carnes,mascota_fuera_de_mascotas,Alta
Jumbo,Snack Perro Stay Happy Premium Vacuno 80 g,Carnes y Pescados,Carnes,mascota_fuera_de_mascotas,Alta
Jumbo,"Alimento Gato Master Cat Trocitps Mix Salmón, Carne y Pollo 85 g",Carnes y Pescados,Carnes,mascota_fuera_de_mascotas,Alta
Jumbo,Snack Perro Vitakraf Beefstick Carne 48 g,Carnes y Pescados,Carnes,mascota_fuera_de_mascotas,Alta
Jumbo,Galleta Gato Molly & Co Vacuno 90 g,Carnes y Pescados,Carnes,mascota_fuera_de_mascotas,Alta
Jumbo,Alimento Gato Adulto Whiskas Castrados Mix de Carnes 1 kg,Carnes y Pescados,Carnes,mascota_fuera_de_mascotas,Alta
Jumbo,Alimento Gato Adulto Whiskas Castrados Mix de Carnes 3 kg,Carnes y Pescados,Carnes,mascota_fuera_de_mascotas,Alta
Jumbo,Alimento Húmedo Gato Vitakraft Poésie Délice Salsa Vacuno 85 g,Carnes y Pescados,Carnes,mascota_fuera_de_mascotas,Alta
Jumbo,Snack Gato Stay Happy Carne Pollo,Carnes y Pescados,Carnes,mascota_fuera_de_mascotas,Alta
Jumbo,Alimento Congelado Perro Vacuno Barf Caja 4 kg,Carnes y Pescados,Carnes,mascota_fuera_de_mascotas,Alta
Jumbo,Alimento Húmedo Gato Adulto Champion Cat Carne 100 g,Carnes y Pescados,Carnes,mascota_fuera_de_mascotas,Alta
Jumbo,Alimento Húmedo Perro Adulto Pedigree Carne Lata 280 g,Carnes y Pescados,Carnes,mascota_fuera_de_mascotas,Alta
Jumbo,Alimento Perro Adulto Champion Dog Carne y Vegetales 15 kg,Carnes y Pescados,Carnes,mascota_fuera_de_mascotas,Alta
Jumbo,Alimento Perro Cachorro Cannes Carne y Leche 8 kg,Carnes y Pescados,Carnes,mascota_fuera_de_mascotas,Alta
Jumbo,Alimento Perro Cachorro Champion Dog Carne 315 g,Carnes y Pescados,Carnes,mascota_fuera_de_mascotas,Alta
Jumbo,"Alimento Perro Senior Champion Dog Carne, Pollo y Vegetales 8 kg",Carnes y Pescados,Carnes,mascota_fuera_de_mascotas,Alta
Jumbo,Alimento Perro Adulto Pedigree Carne y Vegetales 3 kg,Carnes y Pescados,Carnes,mascota_fuera_de_mascotas,Alta
Jumbo,Alimento Perro Adulto Cannes Razas Pequeñas Carne y Cereales 8 kg,Carnes y Pescados,Carnes,mascota_fuera_de_mascotas,Alta
Jumbo,Alimento Perro Adulto Master Dog Carne 12 kg,Carnes y Pescados,Carnes,mascota_fuera_de_mascotas,Alta
Jumbo,Alimento Húmedo Gato Adulto Carne 85 g,Carnes y Pescados,Carnes,mascota_fuera_de_mascotas,Alta
Jumbo,Alimento Húmedo Gato Adulto Carne 85 g,Carnes y Pescados,Carnes,mascota_fuera_de_mascotas,Alta
Jumbo,Snack Perro Kiboo Pets Palitos Vacuno y Pollo,Carnes y Pescados,Carnes,mascota_fuera_de_mascotas,Alta
Jumbo,Alimento Gato Adulto Cat Chow Hogareños Carne 1 kg,Carnes y Pescados,Carnes,mascota_fuera_de_mascotas,Alta
Jumbo,Alimento Gato Adulto Purina One Pollo y Carne 6 kg,Carnes y Pescados,Carnes,mascota_fuera_de_mascotas,Alta
Jumbo,Alimento Perro Adulto Champion Dog Mix Carnes 15 kg,Carnes y Pescados,Carnes,mascota_fuera_de_mascotas,Alta
Jumbo,Alimento Perro Adulto Pedigree High Protein Carne y Pollo 7.2 kg,Carnes y Pescados,Carnes,mascota_fuera_de_mascotas,Alta
Jumbo,Alimento Perro Adulto Pedigree High Protein Carne y Pollo 2.7 kg,Carnes y Pescados,Carnes,mascota_fuera_de_mascotas,Alta
Jumbo,Alimento Húmedo Gato Adulto Felix Tiritas con Carne 85 g,Carnes y Pescados,Carnes,mascota_fuera_de_mascotas,Alta
Jumbo,Alimento Húmedo Gato Adulto Felix Mix con Salmón Carne 85 g,Carnes y Pescados,Carnes,mascota_fuera_de_mascotas,Alta
Jumbo,Alimento Perro Adulto Dog Chow Carne Pollo 16.5 kg,Carnes y Pescados,Carnes,mascota_fuera_de_mascotas,Alta
Jumbo,Alimento Húmedo Perro Pet's Fun Paté Carne y Vegetales 170 g,Carnes y Pescados,Carnes,mascota_fuera_de_mascotas,Alta
Jumbo,Alimento Perro Adulto Dog Chow Minis y Pequeños Carne y Pollo 1.5 kg,Carnes y Pescados,Carnes,mascota_fuera_de_mascotas,Alta
Jumbo,Alimento Perro Adulto Dog Chow Medianos y Grandes Carne y Pollo 1.5 kg,Carnes y Pescados,Carnes,mascota_fuera_de_mascotas,Alta
Jumbo,Alimento Perro Adulto Dog Chow Carne y Pollo 15 kg (12+3 kg),Carnes y Pescados,Carnes,mascota_fuera_de_mascotas,Alta
Jumbo,Alimento Perro Cachorro Biomaster Carne 9 kg,Carnes y Pescados,Carnes,mascota_fuera_de_mascotas,Alta
Jumbo,Alimento Perro Cachorro Biomaster Carne 3 kg,Carnes y Pescados,Carnes,mascota_fuera_de_mascotas,Alta
Jumbo,Alimento Perro Adulto Biomaster Carne 15 kg,Carnes y Pescados,Carnes,mascota_fuera_de_mascotas,Alta
Jumbo,Alimento Perro Adulto Biomaster Carne 3 kg,Carnes y Pescados,Carnes,mascota_fuera_de_mascotas,Alta
Jumbo,Alimento Perro Adulto Pedigree Carne Pollo y Cereal 17 kg Bonus Bag,Carnes y Pescados,Carnes,mascota_fuera_de_mascotas,Alta
Jumbo,Caja 15 un. Alimento Húmedo Gato Felix Sensaciones de Carne 85 g,Carnes y Pescados,Carnes,mascota_fuera_de_mascotas,Alta
Jumbo,Alimento Perro Adulto Champion Dog Mix de Carnes 3 kg,Carnes y Pescados,Carnes,mascota_fuera_de_mascotas,Alta
Jumbo,Snack Perro Champion Dog Delicias Carne 56 g,Carnes y Pescados,Carnes,mascota_fuera_de_mascotas,Alta
Jumbo,Snack Perro Champion Dog Delicias Carne & Pollo 56 g,Carnes y Pescados,Carnes,mascota_fuera_de_mascotas,Alta
Jumbo,Alimento Gato Adulto Master Cat Pollo y Carne 1 kg,Carnes y Pescados,Carnes,mascota_fuera_de_mascotas,Alta
Jumbo,Snack Gato Master Cat Carne a la Parrilla 45 g,Carnes y Pescados,Carnes,mascota_fuera_de_mascotas,Alta
Jumbo,Desodorante Spray Axe Apollo 150 ml,Carnes y Pescados,Aves,higiene_fuera_de_higiene,Alta
Jumbo,Desodorante Spray Axe Apollo 152 ml,Carnes y Pescados,Aves,higiene_fuera_de_higiene,Alta
Jumbo,Tope Puerta Gato,Carnes y Pescados,Cecinas,mascota_fuera_de_mascotas,Alta
Jumbo,Alimento Congelado Perro Barf Dieta Pavo 200 g,Congelados,Congelados,mascota_fuera_de_mascotas,Alta
Jumbo,Alimento Congelado Perro Barf Dieta Cordero 200 g,Congelados,Congelados,mascota_fuera_de_mascotas,Alta
Jumbo,Alimento Congelado Perro Barf Dieta Cerdo 200 g,Congelados,Congelados,mascota_fuera_de_mascotas,Alta
Jumbo,Alimento Congelado Perro Barf Dieta Salmón 200 g,Congelados,Congelados,mascota_fuera_de_mascotas,Alta
Jumbo,Alimento Congelado Perro Barf Dieta Pollo 200 g,Congelados,Congelados,mascota_fuera_de_mascotas,Alta
Jumbo,Alimento Congelado Perro Salmón Barf Caja 4 kg,Congelados,Congelados,mascota_fuera_de_mascotas,Alta
Jumbo,Alimento Congelado Perro Pollo Barf Caja 4 kg,Congelados,Congelados,mascota_fuera_de_mascotas,Alta
Jumbo,Trocitos en Salsa Gato Felinnes Salmón 85 g,Despensa,Salsas,mascota_fuera_de_mascotas,Alta
Jumbo,Snack Húmedo Gato Catgo Cerdo 90 g,Despensa,Salsas,mascota_fuera_de_mascotas,Alta
Jumbo,Snack Perro Goofy Light Mix Legumbres y Verduras 5 un. 90 g,Despensa,Legumbres,mascota_fuera_de_mascotas,Alta
Jumbo,Galletas Matilde Vicenzi Voglie Lengua Gato 100 g,Desayuno y Snacks,Galletas,mascota_fuera_de_mascotas,Alta
Jumbo,Chocolate de Leche Lenguas de Gato 120 g,Desayuno y Snacks,Galletas,mascota_fuera_de_mascotas,Alta
Jumbo,Snack Gato Catgo Bocado Cerdo 50 g,Desayuno y Snacks,Galletas,mascota_fuera_de_mascotas,Alta
Jumbo,Snack Gato Catgo Bocados Salmón 50 g,Desayuno y Snacks,Galletas,mascota_fuera_de_mascotas,Alta
Jumbo,Chocolate Merello Lenguas de Gato Sin Azúcar 95 g,Desayuno y Snacks,Galletas,mascota_fuera_de_mascotas,Alta
Jumbo,Chocolate lenguas de gato Navidad 95 g,Desayuno y Snacks,Galletas,mascota_fuera_de_mascotas,Alta
Jumbo,Chocolate Lengüita de Gato 40 g,Desayuno y Snacks,Galletas,mascota_fuera_de_mascotas,Alta
Jumbo,Snack Perro Adulto Pedigree Dentastix Razas Pequeñas 7 un.,Desayuno y Snacks,Snacks,mascota_fuera_de_mascotas,Alta
Jumbo,Snack Perro Adulto Pedigree Rodeo Pollo 4 un.,Desayuno y Snacks,Snacks,mascota_fuera_de_mascotas,Alta
Jumbo,Snack Perro Pet's Fun Oreja de Cerdo 4 un. 90 g,Desayuno y Snacks,Snacks,mascota_fuera_de_mascotas,Alta
Jumbo,Snack Gato Whiskas Delicioso Salmón 40 g,Desayuno y Snacks,Snacks,mascota_fuera_de_mascotas,Alta
Jumbo,Snack Perro Doguitos Tira de Asado 65 g,Desayuno y Snacks,Snacks,mascota_fuera_de_mascotas,Alta
Jumbo,Snack Perro Pet's Fun Fémur de Cerdo 2 un.,Desayuno y Snacks,Snacks,mascota_fuera_de_mascotas,Alta
Jumbo,Snack Gato Cremi Mix Variety 30 un.,Desayuno y Snacks,Snacks,mascota_fuera_de_mascotas,Alta
Jumbo,Snack Cremoso Naturalistic Cremi Gatos de Todas Las Edades Pollo 5 un.,Desayuno y Snacks,Snacks,mascota_fuera_de_mascotas,Alta
Jumbo,Snack Jerky de Pollo Perro 100 g,Desayuno y Snacks,Snacks,mascota_fuera_de_mascotas,Alta
Jumbo,Snack Espirales de Pollo Perro 100 g,Desayuno y Snacks,Snacks,mascota_fuera_de_mascotas,Alta
Jumbo,Snack Perro Adulto Pedigree Dentastix Razas Grandes 7 un.,Desayuno y Snacks,Snacks,mascota_fuera_de_mascotas,Alta
Jumbo,Snack Perro Pedigree Dentastix Raza Mediana 7 un.,Desayuno y Snacks,Snacks,mascota_fuera_de_mascotas,Alta
Jumbo,Snack Champion Dog Nutalife Pollo 70 g,Desayuno y Snacks,Snacks,mascota_fuera_de_mascotas,Alta
Jumbo,Snack Stick de Salmón Gato 100 g,Desayuno y Snacks,Snacks,mascota_fuera_de_mascotas,Alta
Jumbo,Snack Perro Pet's Fun Húmero de Cerdo 3 un.,Desayuno y Snacks,Snacks,mascota_fuera_de_mascotas,Alta
Jumbo,Snack Perro Fit Trutro Pollo Deshidratado 400 g,Desayuno y Snacks,Snacks,mascota_fuera_de_mascotas,Alta
Jumbo,Snack Gato Whiskas Delicioso Salmón 80 g,Desayuno y Snacks,Snacks,mascota_fuera_de_mascotas,Alta
Jumbo,Snack Gato Fit Puré de Atún 60 g,Desayuno y Snacks,Snacks,mascota_fuera_de_mascotas,Alta
Jumbo,Snack Gato Vitakraft Stick Conejo y Pato 18 g,Desayuno y Snacks,Snacks,mascota_fuera_de_mascotas,Alta
Jumbo,Snack Pierna de Pollo Perro,Desayuno y Snacks,Snacks,mascota_fuera_de_mascotas,Alta
Jumbo,Snack Jerky de Pollo Gato 80 g,Desayuno y Snacks,Snacks,mascota_fuera_de_mascotas,Alta
Jumbo,Snack Gato Fit Puré de Salmón 60 g,Desayuno y Snacks,Snacks,mascota_fuera_de_mascotas,Alta
Jumbo,Snack Gato Fit Filete de Atún 25 g,Desayuno y Snacks,Snacks,mascota_fuera_de_mascotas,Alta
Jumbo,Snack Gato Temptations Salmón y Queso 48 g,Desayuno y Snacks,Snacks,mascota_fuera_de_mascotas,Alta
Jumbo,Snack Gato Drag Pharma Pescaditos,Desayuno y Snacks,Snacks,mascota_fuera_de_mascotas,Alta
Jumbo,Snack Gato Temptations Pollo y Atún 48 g,Desayuno y Snacks,Snacks,mascota_fuera_de_mascotas,Alta
Jumbo,Snack Champion Dog Nutalife Pato 70 g,Desayuno y Snacks,Snacks,mascota_fuera_de_mascotas,Alta
Jumbo,Snack Perro Adulto Pedigree Dentastix Razas Pequeñas 3 un.,Desayuno y Snacks,Snacks,mascota_fuera_de_mascotas,Alta
Jumbo,Snack Fit Gato Crunchy Atún Salmón 100 g,Desayuno y Snacks,Snacks,mascota_fuera_de_mascotas,Alta
Jumbo,Snack Perro Gran Cani Bocaditos Esófago de Bovino 100 g,Desayuno y Snacks,Snacks,mascota_fuera_de_mascotas,Alta
Jumbo,Snack Cremoso Naturalistic Cremi Gatos de Todas Las Edades Salmón Atún 5 un.,Desayuno y Snacks,Snacks,mascota_fuera_de_mascotas,Alta
Jumbo,Snack Perro Naturalistic Meatballs Salmón/Camote 100 g,Desayuno y Snacks,Snacks,mascota_fuera_de_mascotas,Alta
Jumbo,Snack Perro Adulto Pedigree Dentastix Razas Grandes 3 un.,Desayuno y Snacks,Snacks,mascota_fuera_de_mascotas,Alta
Jumbo,Snack Perro Churu Pollo y Salmón 56 g,Desayuno y Snacks,Snacks,mascota_fuera_de_mascotas,Alta
Jumbo,Snack Perro Tiritas de Cordero 100 g,Desayuno y Snacks,Snacks,mascota_fuera_de_mascotas,Alta
Jumbo,Snack Perro Churu Bites Chicken Salmon Recipe 96 g,Desayuno y Snacks,Snacks,mascota_fuera_de_mascotas,Alta
Jumbo,Snack Perro Naturalistic Mix Pol/Goji y Pato Cranberry 100 g,Desayuno y Snacks,Snacks,mascota_fuera_de_mascotas,Alta
Jumbo,Snack Perro Goofy Rollitos Rellenos Costillas 3 un.,Desayuno y Snacks,Snacks,mascota_fuera_de_mascotas,Alta
Jumbo,Snack Perro Dip Dog Filetitos de Pollo 60 g,Desayuno y Snacks,Snacks,mascota_fuera_de_mascotas,Alta
Jumbo,Snack Perro Goofy Rollitos de Panceta Razas Pequeñas Tocino 4 un.,Desayuno y Snacks,Snacks,mascota_fuera_de_mascotas,Alta
Jumbo,Snack Perro Mix Doggo Crispy de Ciervo 100 g,Desayuno y Snacks,Snacks,mascota_fuera_de_mascotas,Alta
Jumbo,Snack Perro Bil-Jac Razas Pequeñas 113 g,Desayuno y Snacks,Snacks,mascota_fuera_de_mascotas,Alta
Jumbo,Snack Perro Bil-Jac Gooberlicius 283 g,Desayuno y Snacks,Snacks,mascota_fuera_de_mascotas,Alta
Jumbo,Snack Gato Fit Filete de Pollo 25 g,Desayuno y Snacks,Snacks,mascota_fuera_de_mascotas,Alta
Jumbo,Snack Perro Vitakraft Boony Bits 120 g,Desayuno y Snacks,Snacks,mascota_fuera_de_mascotas,Alta
Jumbo,Snack Gato Churu Atún y Pollo 56 g,Desayuno y Snacks,Snacks,mascota_fuera_de_mascotas,Alta
Jumbo,Snack Perro Meat Balls de Pollo 80 g,Desayuno y Snacks,Snacks,mascota_fuera_de_mascotas,Alta
Jumbo,Snack Gato Kiboo Pets Premium Catnip y Salmón 65 g,Desayuno y Snacks,Snacks,mascota_fuera_de_mascotas,Alta
Jumbo,Snack Gato Champion Cat Delicias Salmón 56 g,Desayuno y Snacks,Snacks,mascota_fuera_de_mascotas,Alta
Jumbo,Snack Húmedo Gato Catgo Salmón 90 g,Desayuno y Snacks,Snacks,mascota_fuera_de_mascotas,Alta
Jumbo,Snack Champion Dog Nutalife Salmón 70 g,Desayuno y Snacks,Snacks,mascota_fuera_de_mascotas,Alta
Jumbo,Snack Gatos Churu Atún 20 un.,Desayuno y Snacks,Snacks,mascota_fuera_de_mascotas,Alta
Jumbo,Snack Perro Tiritas de Cordero 400 g,Desayuno y Snacks,Snacks,mascota_fuera_de_mascotas,Alta
Jumbo,Snack Gato Naturalistic Cremi Sea Food Recipes 30 un.,Desayuno y Snacks,Snacks,mascota_fuera_de_mascotas,Alta
Jumbo,Snack Dental Perro Adulto Dentalife Grande 196 g,Desayuno y Snacks,Snacks,mascota_fuera_de_mascotas,Alta
Jumbo,Snack Perro Bil-Jac 283 g,Desayuno y Snacks,Snacks,mascota_fuera_de_mascotas,Alta
Jumbo,Snack Gato Fit Puré de Pollo 60 g,Desayuno y Snacks,Snacks,mascota_fuera_de_mascotas,Alta
Jumbo,Snack Gato Dentalife Dental 40 g,Desayuno y Snacks,Snacks,mascota_fuera_de_mascotas,Alta
Jumbo,Snack Gato Molly & Co Tiritas Salmón 65 g,Desayuno y Snacks,Snacks,mascota_fuera_de_mascotas,Alta
Jumbo,Snack Perro Vitakraft Treaties Minis Pate 48 g,Desayuno y Snacks,Snacks,mascota_fuera_de_mascotas,Alta
Jumbo,Snack Gato Master Cat Halloween Fantasma 45 g,Desayuno y Snacks,Snacks,mascota_fuera_de_mascotas,Alta
Jumbo,Snack Perros Trutros de Pato con Huesos de Calcio 400 g,Desayuno y Snacks,Snacks,mascota_fuera_de_mascotas,Alta
Jumbo,Snack Perro Goofy Bocaditos de Entrenamiento Mix de Sabores 70 g,Desayuno y Snacks,Snacks,mascota_fuera_de_mascotas,Alta
Jumbo,Snack Perro Naturalistic Meatballs Pato/Manzana 100 g,Desayuno y Snacks,Snacks,mascota_fuera_de_mascotas,Alta
Jumbo,Snack Perro Treats Tiritas Pollo 100 g,Desayuno y Snacks,Snacks,mascota_fuera_de_mascotas,Alta
Jumbo,Snack Perro Fit Costillitas de Cordero 400 g,Desayuno y Snacks,Snacks,mascota_fuera_de_mascotas,Alta
Jumbo,Snack Perro Tiritas de Salmón 100 g,Desayuno y Snacks,Snacks,mascota_fuera_de_mascotas,Alta
Jumbo,Snack Perro Brochetas Triple Sabor 6 un.,Desayuno y Snacks,Snacks,mascota_fuera_de_mascotas,Alta
Jumbo,Snack Perro Doggo Bocado Cubos de Salmón,Desayuno y Snacks,Snacks,mascota_fuera_de_mascotas,Alta
Jumbo,Snack Perro Fit Tirita Pollo Deshidratado 400 g,Desayuno y Snacks,Snacks,mascota_fuera_de_mascotas,Alta
Jumbo,Snack Perro Vitakraft Beef Stick Rústico 55 g,Desayuno y Snacks,Snacks,mascota_fuera_de_mascotas,Alta
Jumbo,Snack Perro Jerky Proteico Stay Happy Salmón 80 g,Desayuno y Snacks,Snacks,mascota_fuera_de_mascotas,Alta
Jumbo,Snack Perro Brochetas Triple Sabor 18 un.,Desayuno y Snacks,Snacks,mascota_fuera_de_mascotas,Alta
Jumbo,Snack para Perro Húmedo Doggo Sabor Cerdo,Desayuno y Snacks,Snacks,mascota_fuera_de_mascotas,Alta
Jumbo,Snack Perro Master Dog Rollitos 50 g,Desayuno y Snacks,Snacks,mascota_fuera_de_mascotas,Alta
Jumbo,Snack Perro Vitakraft Beef Stick Venado 12 g,Desayuno y Snacks,Snacks,mascota_fuera_de_mascotas,Alta
Jumbo,Snack Perro Goofy Huesi Extra Calcio y Destete 40 g,Desayuno y Snacks,Snacks,mascota_fuera_de_mascotas,Alta
Jumbo,Snack Perro Creamy Dog Proteico,Desayuno y Snacks,Snacks,mascota_fuera_de_mascotas,Alta
Jumbo,Snack Perro Doggo Bocado Colitas de Pollo,Desayuno y Snacks,Snacks,mascota_fuera_de_mascotas,Alta
Jumbo,Snack Perro Goofy Hueso Dental 3 en 1 - 70 g,Desayuno y Snacks,Snacks,mascota_fuera_de_mascotas,Alta
Jumbo,Snack Perro Delident Raza Grande 270 g,Desayuno y Snacks,Snacks,mascota_fuera_de_mascotas,Alta
Jumbo,Snack Perro Drag Pharma Fit Mix,Desayuno y Snacks,Snacks,mascota_fuera_de_mascotas,Alta
Jumbo,Snack Perro Goofy Control Aliento Mix de Hierbas 5 un. 90 g,Desayuno y Snacks,Snacks,mascota_fuera_de_mascotas,Alta
Jumbo,Snack Perro Goofy Hueso Compacto en Blíster 6 un.,Desayuno y Snacks,Snacks,mascota_fuera_de_mascotas,Alta
Jumbo,Snack Perro Goofy Pato Loops Hipoalergénico 60 g,Desayuno y Snacks,Snacks,mascota_fuera_de_mascotas,Alta
Jumbo,Snack de Entrenamiento Perro Tribut Salmón y Frutas 100 g,Desayuno y Snacks,Snacks,mascota_fuera_de_mascotas,Alta
Jumbo,Snack Perro Treats Trozos Pollo 100 g,Desayuno y Snacks,Snacks,mascota_fuera_de_mascotas,Alta
Jumbo,Snack Perro Drag Pharma 10 un.,Desayuno y Snacks,Snacks,mascota_fuera_de_mascotas,Alta
Jumbo,Snack Perro Master Dog Delisnack Multivitamínico 300 g,Desayuno y Snacks,Snacks,mascota_fuera_de_mascotas,Alta
Jumbo,Snack Gato Kiboo Pets Premium Cubitos de Salmón 65 g,Desayuno y Snacks,Snacks,mascota_fuera_de_mascotas,Alta
Jumbo,Snack Perro Master Dog Copito Navidad 45 g,Desayuno y Snacks,Snacks,mascota_fuera_de_mascotas,Alta
Jumbo,Snack Perro Drag Pharma Cuchuflí 5 un.,Desayuno y Snacks,Snacks,mascota_fuera_de_mascotas,Alta
Jumbo,Snack Gato Fellini Creamy Mix 12 un.,Desayuno y Snacks,Snacks,mascota_fuera_de_mascotas,Alta
Jumbo,Snack Perro Bil-Jac Pbnanas 113 g,Desayuno y Snacks,Snacks,mascota_fuera_de_mascotas,Alta
Jumbo,Snack Perro Vitakraft Beef Stick Cordero 12 g,Desayuno y Snacks,Snacks,mascota_fuera_de_mascotas,Alta
Jumbo,Snack Gato Vitakraft Crispy Crunch Salmón 60 g,Desayuno y Snacks,Snacks,mascota_fuera_de_mascotas,Alta
Jumbo,Snack Perro Master Dog Delisnack Articular 300 g,Desayuno y Snacks,Snacks,mascota_fuera_de_mascotas,Alta
Jumbo,Snack Perro Delident Raza Mediana 180 g,Desayuno y Snacks,Snacks,mascota_fuera_de_mascotas,Alta
Jumbo,Snack Perro Rahue Garra de Pollo,Desayuno y Snacks,Snacks,mascota_fuera_de_mascotas,Alta
Jumbo,Snack Perro Drag Pharma Ruedas 12 un.,Desayuno y Snacks,Snacks,mascota_fuera_de_mascotas,Alta
Jumbo,Snack Gato Kiboo Pets Premium Sandwich Pollo y Pescado,Desayuno y Snacks,Snacks,mascota_fuera_de_mascotas,Alta
Jumbo,Snack Perro Vitakraft Beef Stick Pavo 12 g,Desayuno y Snacks,Snacks,mascota_fuera_de_mascotas,Alta
Jumbo,Snack Perro Bil-Jac Yapple Nanas 113 g,Desayuno y Snacks,Snacks,mascota_fuera_de_mascotas,Alta
Jumbo,Snack Gato Stay Happy Creamy Pollo Camarón 56 g,Desayuno y Snacks,Snacks,mascota_fuera_de_mascotas,Alta
Jumbo,Snack Perro Goofy Hueso Compacto Mediano 95 g,Desayuno y Snacks,Snacks,mascota_fuera_de_mascotas,Alta
Jumbo,Snack Gato Animal Planet Treats Tiritas Pollo 65 g,Desayuno y Snacks,Snacks,mascota_fuera_de_mascotas,Alta
Jumbo,Snack Gato Kiboo Pets Premium Rebanadas de Pato 65 g,Desayuno y Snacks,Snacks,mascota_fuera_de_mascotas,Alta
Jumbo,Snack Gato Vitakraft Stick Salmón 18 g,Desayuno y Snacks,Snacks,mascota_fuera_de_mascotas,Alta
Jumbo,Snack Perro Doggo Bocado Chocitos,Desayuno y Snacks,Snacks,mascota_fuera_de_mascotas,Alta
Jumbo,Snack Perro Drag Pharma Fit Huesitos Bicolor 20 un.,Desayuno y Snacks,Snacks,mascota_fuera_de_mascotas,Alta
Jumbo,Snack para Perro Goofy Natural Cubos de Yogurt,Desayuno y Snacks,Snacks,mascota_fuera_de_mascotas,Alta
Jumbo,Snack Gato Stay Happy Creamy Salmón 56 g,Desayuno y Snacks,Snacks,mascota_fuera_de_mascotas,Alta
Jumbo,Snack Gato Master Cat Halloween Calabaza 45 g,Desayuno y Snacks,Snacks,mascota_fuera_de_mascotas,Alta
Jumbo,Snack Dental Perro Adulto Dentalife Pequeño 42 g,Desayuno y Snacks,Snacks,mascota_fuera_de_mascotas,Alta
Jumbo,Snack Perro Drag Pharma Papas Fritas 22 un.,Desayuno y Snacks,Snacks,mascota_fuera_de_mascotas,Alta
Jumbo,Snack Perro Champion Dog 500 g,Desayuno y Snacks,Snacks,mascota_fuera_de_mascotas,Alta
Jumbo,Snack Perro Vitakraft Beef Stick Hipoalergénico 12 g,Desayuno y Snacks,Snacks,mascota_fuera_de_mascotas,Alta
Jumbo,Snack Perro Dingo Mini Hueso para Morder,Desayuno y Snacks,Snacks,mascota_fuera_de_mascotas,Alta
Jumbo,Snack Gato Vitakraft Yums Salmón 40 g,Desayuno y Snacks,Snacks,mascota_fuera_de_mascotas,Alta
Jumbo,Snack Perro Stay Happy Premium Cordero 80 g,Desayuno y Snacks,Snacks,mascota_fuera_de_mascotas,Alta
Jumbo,Snack Gato Vitakraft Yums Pollo Hierba Gatera 40 g,Desayuno y Snacks,Snacks,mascota_fuera_de_mascotas,Alta
Jumbo,Snack Perro Doggo Bully Stick en Crispy de Ciervo,Desayuno y Snacks,Snacks,mascota_fuera_de_mascotas,Alta
Jumbo,Snack Gato Vitakraft Crispy Crunch Dental 60 g,Desayuno y Snacks,Snacks,mascota_fuera_de_mascotas,Alta
Jumbo,Snack Dental Perro Adulto Dentalife Mediano 119 g,Desayuno y Snacks,Snacks,mascota_fuera_de_mascotas,Alta
Jumbo,Snack Perro Drag Pharma Fit Huesitos 20 un.,Desayuno y Snacks,Snacks,mascota_fuera_de_mascotas,Alta
Jumbo,Snack Gato Molly & Co Tiritas Pato 65 g,Desayuno y Snacks,Snacks,mascota_fuera_de_mascotas,Alta
Jumbo,Snack Gato Felix Travesuras Ocean Mix 60 g,Desayuno y Snacks,Snacks,mascota_fuera_de_mascotas,Alta
Jumbo,Snack Perro Champion Dog 250 g,Desayuno y Snacks,Snacks,mascota_fuera_de_mascotas,Alta
Jumbo,Snack para Gato Fellini Lollipop Cranberry,Desayuno y Snacks,Snacks,mascota_fuera_de_mascotas,Alta
Jumbo,Snack Gato Champion Cat Delicias Atún 56 g,Desayuno y Snacks,Snacks,mascota_fuera_de_mascotas,Alta
Jumbo,Snack para Perros Patas de Pollo Crispy,Desayuno y Snacks,Snacks,mascota_fuera_de_mascotas,Alta
Jumbo,Snack Gato Vitakraft Stick Pollo Hierba Gatera 18 g,Desayuno y Snacks,Snacks,mascota_fuera_de_mascotas,Alta
Jumbo,Snack Perro Adulto Pedigree Dentastix Raza Mediana 3 un.,Desayuno y Snacks,Snacks,mascota_fuera_de_mascotas,Alta
Jumbo,Snack Cremoso Naturalistic Cremi Gatos de Todas Las Edades Atún 5 un.,Desayuno y Snacks,Snacks,mascota_fuera_de_mascotas,Alta
Jumbo,Snack Perro Gran Cani Esófago de Bovino 250 g,Desayuno y Snacks,Snacks,mascota_fuera_de_mascotas,Alta
Jumbo,Snack Perro Gran Cani Vejiga Bovino 4 un.,Desayuno y Snacks,Snacks,mascota_fuera_de_mascotas,Alta
Jumbo,Snack Gato Animal Planet Treats Trozos Salmón 65 g,Desayuno y Snacks,Snacks,mascota_fuera_de_mascotas,Alta
Jumbo,Snack para Gato Fellini Lollipop Mix,Desayuno y Snacks,Snacks,mascota_fuera_de_mascotas,Alta
Jumbo,Snack Gato Crunchie Bites Pollo y Camarón 80 g,Desayuno y Snacks,Snacks,mascota_fuera_de_mascotas,Alta
Jumbo,Snack Cremoso Gato Stay Happy 15 un.,Desayuno y Snacks,Snacks,mascota_fuera_de_mascotas,Alta
Jumbo,Snack Gato Stay Happy Salmón,Desayuno y Snacks,Snacks,mascota_fuera_de_mascotas,Alta
Jumbo,Snack Gato Churu Atún y Salmón 56 g,Desayuno y Snacks,Snacks,mascota_fuera_de_mascotas,Alta
Jumbo,Snack Perro Churu Pollo 56 g,Desayuno y Snacks,Snacks,mascota_fuera_de_mascotas,Alta
Jumbo,Snack Gato Stay Happy Lomo Cerdo,Desayuno y Snacks,Snacks,mascota_fuera_de_mascotas,Alta
Jumbo,Snack Perro Churu Pollo y Atún 56 g,Desayuno y Snacks,Snacks,mascota_fuera_de_mascotas,Alta
Jumbo,Snack Húmedo Gato Catgo Pollo 90 g,Desayuno y Snacks,Snacks,mascota_fuera_de_mascotas,Alta
Jumbo,Snack Perro Tiritas de Pollo con Tocino 100 g,Desayuno y Snacks,Snacks,mascota_fuera_de_mascotas,Alta
Jumbo,Snack Perro Churu Pollo y Vegetales 56 g,Desayuno y Snacks,Snacks,mascota_fuera_de_mascotas,Alta
Jumbo,Snack Perro Swesi Libre de Grano Salmón 330 g,Desayuno y Snacks,Snacks,mascota_fuera_de_mascotas,Alta
Jumbo,Snack Perro Tributo Salmón Liofilizado 100 g,Desayuno y Snacks,Snacks,mascota_fuera_de_mascotas,Alta
Jumbo,Snack Liofilizado Bayts Baby Salmón para Perros y Gatos 100 g,Desayuno y Snacks,Snacks,mascota_fuera_de_mascotas,Alta
Jumbo,Snack Perro Swesi Libre de Grano Ahumado 330 g,Desayuno y Snacks,Snacks,mascota_fuera_de_mascotas,Alta
Jumbo,Snack Liofilizado Bayts Bocaditos para Perros y Gatos 100 g,Desayuno y Snacks,Snacks,mascota_fuera_de_mascotas,Alta
Jumbo,Snack Gato Churu Pollo 56 g,Desayuno y Snacks,Snacks,mascota_fuera_de_mascotas,Alta
Jumbo,Snack Perro Tributo Pollo & Caldito Liofilizado 100 g,Desayuno y Snacks,Snacks,mascota_fuera_de_mascotas,Alta
Jumbo,Snack Gato Churu Atún 56 g,Desayuno y Snacks,Snacks,mascota_fuera_de_mascotas,Alta
Jumbo,Snack Perro Vitakraft Treaties Minis Salmón & Omega3 - 48 g,Desayuno y Snacks,Snacks,mascota_fuera_de_mascotas,Alta
Jumbo,Snack Perro Mega Churu Atún,Desayuno y Snacks,Snacks,mascota_fuera_de_mascotas,Alta
Jumbo,Snack Perro Churu Bites Chicken Recipe 96 g,Desayuno y Snacks,Snacks,mascota_fuera_de_mascotas,Alta
Jumbo,Snack Perro Mega Churu Pollo y Calabaza,Desayuno y Snacks,Snacks,mascota_fuera_de_mascotas,Alta
Jumbo,Snack Perro Vitakraft Boony Bits 55 g,Desayuno y Snacks,Snacks,mascota_fuera_de_mascotas,Alta
Jumbo,Snack Perro Gran Cani Bocaditos Tapa de Tronco Bovino 100 g,Desayuno y Snacks,Snacks,mascota_fuera_de_mascotas,Alta
Jumbo,Snack Perro Pedigree Dentastix Snack Cuidado Oral Raza Mediana 25.5 g 1 un.,Desayuno y Snacks,Snacks,mascota_fuera_de_mascotas,Alta
Jumbo,Snack Perro Vitakraft Beef Stick Hot Dog 30 g,Desayuno y Snacks,Snacks,mascota_fuera_de_mascotas,Alta
Jumbo,Snack Gato Churu Pollo y Camarones 56 g,Desayuno y Snacks,Snacks,mascota_fuera_de_mascotas,Alta
Jumbo,Snack Perro Burger Pacific Pet Food Factory Peff 260 g,Desayuno y Snacks,Snacks,mascota_fuera_de_mascotas,Alta
Jumbo,Snack para Perro Húmedo Doggo Sabor Salmón,Desayuno y Snacks,Snacks,mascota_fuera_de_mascotas,Alta
Jumbo,Snack Perros Trutros de Pato con Huesos de Calcio 100 g,Desayuno y Snacks,Snacks,mascota_fuera_de_mascotas,Alta
Jumbo,Snack Perro Burger Pet Food Factory Peff 260 g,Desayuno y Snacks,Snacks,mascota_fuera_de_mascotas,Alta
Jumbo,Snack Perro Gran Cani Esófago de Bovino 4 un.,Desayuno y Snacks,Snacks,mascota_fuera_de_mascotas,Alta
Jumbo,Snack Gato Churu Atún y Vieiras 56 g,Desayuno y Snacks,Snacks,mascota_fuera_de_mascotas,Alta
Jumbo,Snack Perro Master Dog Halloween Fantasma 45 g,Desayuno y Snacks,Snacks,mascota_fuera_de_mascotas,Alta
Jumbo,Snack Gato Stay Happy Catnip sin Grano,Desayuno y Snacks,Snacks,mascota_fuera_de_mascotas,Alta
Jumbo,Snack Dental para Perro 3 en 1 Pequeño 120 g,Desayuno y Snacks,Snacks,mascota_fuera_de_mascotas,Alta
Jumbo,Snack Mini para Perro Calendario Adviento 200 g,Desayuno y Snacks,Snacks,mascota_fuera_de_mascotas,Alta
Jumbo,Snack Dental para Perro 3 en 1 Mediano 180 g,Desayuno y Snacks,Snacks,mascota_fuera_de_mascotas,Alta
Jumbo,Snack Perro Pedigree Dentastix Cuidado Oral Raza Pequeña 15.7 g 1 un.,Desayuno y Snacks,Snacks,mascota_fuera_de_mascotas,Alta
Jumbo,Snack Gato Catgo Bocados Choritos 50 g,Desayuno y Snacks,Snacks,mascota_fuera_de_mascotas,Alta
Jumbo,Snack Gato Felix Travesuras Original Mix 60 g,Desayuno y Snacks,Snacks,mascota_fuera_de_mascotas,Alta
Jumbo,Snack Gato Stay Happy Creamy Pollo 56 g,Desayuno y Snacks,Snacks,mascota_fuera_de_mascotas,Alta
Jumbo,Snack Perro Drag Pharma Fit Calugas,Desayuno y Snacks,Snacks,mascota_fuera_de_mascotas,Alta
Jumbo,Snack Gatos Churu Pollo 20 un.,Desayuno y Snacks,Snacks,mascota_fuera_de_mascotas,Alta
Jumbo,Snack Perro Master Dog Árbol Navidad 45 g,Desayuno y Snacks,Snacks,mascota_fuera_de_mascotas,Alta
Jumbo,Snack Gato Champion Cat Delicias Pollo 56 g,Desayuno y Snacks,Snacks,mascota_fuera_de_mascotas,Alta
Jumbo,Snack Gato Master Cat Pescado 60 g,Desayuno y Snacks,Snacks,mascota_fuera_de_mascotas,Alta
Jumbo,Snack Mini para Gato Calendario Adviento 200 g,Desayuno y Snacks,Snacks,mascota_fuera_de_mascotas,Alta
Jumbo,Snack Gato Crunchie Bites Salmón y Queso 80 g,Desayuno y Snacks,Snacks,mascota_fuera_de_mascotas,Alta
Jumbo,Snack Gato Adulto Purina One Medianos y Grandes 85 g,Desayuno y Snacks,Snacks,mascota_fuera_de_mascotas,Alta
Jumbo,Snack Perro Adulto Master Dog Huesitos 65 g,Desayuno y Snacks,Snacks,mascota_fuera_de_mascotas,Alta
Jumbo,Snack Perro Doguitos Bife de Chorizo 45 g,Desayuno y Snacks,Snacks,mascota_fuera_de_mascotas,Alta
Jumbo,Snack Perro Doguitos Churrasco 65 g,Desayuno y Snacks,Snacks,mascota_fuera_de_mascotas,Alta
Jumbo,Snack Perro Bil-Jac Pollo 113 g,Desayuno y Snacks,Snacks,mascota_fuera_de_mascotas,Alta
Jumbo,Snack Perro Fémur de Cerdo 260 g,Desayuno y Snacks,Snacks,mascota_fuera_de_mascotas,Alta
Jumbo,Snack Perro Drag Pharma 3 un.,Desayuno y Snacks,Snacks,mascota_fuera_de_mascotas,Alta
Jumbo,Snack Gato Kiboo Pets Premium Corazón Pollo/Espinaca 65 g,Desayuno y Snacks,Snacks,mascota_fuera_de_mascotas,Alta
Jumbo,Snack Perro Kiboo Pets Premium Galleta Envuelta,Desayuno y Snacks,Snacks,mascota_fuera_de_mascotas,Alta
Jumbo,Snack Perro Kiboo Pets Charqui Pechuga de Pato,Desayuno y Snacks,Snacks,mascota_fuera_de_mascotas,Alta
Jumbo,Snack Perro Kiboo Pets Premium Kiwi Envuelto En Pollo,Desayuno y Snacks,Snacks,mascota_fuera_de_mascotas,Alta
Jumbo,Snack Perro Churu Pollo y Queso 56 g,Desayuno y Snacks,Snacks,mascota_fuera_de_mascotas,Alta
Jumbo,Snack Perro Naturalistic Meat Duck Drumstick 90 g,Desayuno y Snacks,Snacks,mascota_fuera_de_mascotas,Alta
Jumbo,Snack Gato Vitakraft Yums Queso 40 g,Desayuno y Snacks,Snacks,mascota_fuera_de_mascotas,Alta
Jumbo,Snack Perro Adulto Pedigree Dentastix Razas Medianas 7 un.,Desayuno y Snacks,Snacks,mascota_fuera_de_mascotas,Alta
Jumbo,Snack Perro Kiboo Pets Trozos de Salmón 100 g,Desayuno y Snacks,Snacks,mascota_fuera_de_mascotas,Alta
Jumbo,Snack Perro Kiboo Pets Costillas Triple 100 g,Desayuno y Snacks,Snacks,mascota_fuera_de_mascotas,Alta
Jumbo,Snack Perro Goofy Flexi Sticks Pollo y Salmón 60 g,Desayuno y Snacks,Snacks,mascota_fuera_de_mascotas,Alta
Jumbo,Snack Perro Adulto Pedigree Dentastix Razas Medianas 3 un.,Desayuno y Snacks,Snacks,mascota_fuera_de_mascotas,Alta
Jumbo,Snack Gato Stay Happy Premium Salmón 80 g,Desayuno y Snacks,Snacks,mascota_fuera_de_mascotas,Alta
Jumbo,Snack Perro Profine Pato 200 g,Desayuno y Snacks,Snacks,mascota_fuera_de_mascotas,Alta
Jumbo,Snack Perro Profine Pollo 200 g,Desayuno y Snacks,Snacks,mascota_fuera_de_mascotas,Alta
Jumbo,Snack Perro Profine Pavo 200 g,Desayuno y Snacks,Snacks,mascota_fuera_de_mascotas,Alta
Jumbo,Snack Perro Profine Salmón 200 g,Desayuno y Snacks,Snacks,mascota_fuera_de_mascotas,Alta
Jumbo,Snack Gato Profine Turkey 50 g,Desayuno y Snacks,Snacks,mascota_fuera_de_mascotas,Alta
Jumbo,Snack Gato Profine Tuna 50 g,Desayuno y Snacks,Snacks,mascota_fuera_de_mascotas,Alta
Jumbo,Snack Gato Profine Duck 50 g,Desayuno y Snacks,Snacks,mascota_fuera_de_mascotas,Alta
Jumbo,Snack Perro Hueso Goofy Deli-Dog Masticable 50 g,Desayuno y Snacks,Snacks,mascota_fuera_de_mascotas,Alta
Jumbo,Snack Gato Champion Cat Filets Atún 25 g,Desayuno y Snacks,Snacks,mascota_fuera_de_mascotas,Alta
Jumbo,Snack Gato Champion Cat Filets Pollo 25 g,Desayuno y Snacks,Snacks,mascota_fuera_de_mascotas,Alta
Jumbo,Snack Perro Stay Happy Premium Salmón 80 g,Desayuno y Snacks,Snacks,mascota_fuera_de_mascotas,Alta
Jumbo,Snack Perro Kiboo Pets Rolls de Pollo y Queso 100 g,Desayuno y Snacks,Snacks,mascota_fuera_de_mascotas,Alta
Jumbo,Snack Perro Kiboo Pets Mini Huesos Calcio con Pato 100 g,Desayuno y Snacks,Snacks,mascota_fuera_de_mascotas,Alta
Jumbo,Snack Perro Stay Happy Premium Pollo 80 g,Desayuno y Snacks,Snacks,mascota_fuera_de_mascotas,Alta
Jumbo,Snack Perro Kiboo Pets Cordero Arándano 100 g,Desayuno y Snacks,Snacks,mascota_fuera_de_mascotas,Alta
Jumbo,Snack Perro Adulto Dog Chow Minis y Pequeños 45 g,Desayuno y Snacks,Snacks,mascota_fuera_de_mascotas,Alta
Jumbo,Snack Perro Vitakraft Beef Burger 18 g,Desayuno y Snacks,Snacks,mascota_fuera_de_mascotas,Alta
Jumbo,Snack Líquido Gato Fancy Feast Purée Kiss Atún 40 g,Desayuno y Snacks,Snacks,mascota_fuera_de_mascotas,Alta
Jumbo,Snack Líquido Gato Fancy Feast Purée Kiss Pollo 40 g,Desayuno y Snacks,Snacks,mascota_fuera_de_mascotas,Alta
Jumbo,Snack Líquido Gato Fancy Feast Purée Kiss Salmón 40 g,Desayuno y Snacks,Snacks,mascota_fuera_de_mascotas,Alta
Jumbo,Snack Perro Vitakraft Beef Stick Mineral Jr 12 g,Desayuno y Snacks,Snacks,mascota_fuera_de_mascotas,Alta
Jumbo,Snack Perro Adulto Dog Chow Salud Oral Medianos 80 g,Desayuno y Snacks,Snacks,mascota_fuera_de_mascotas,Alta
Jumbo,Snack Perro DreamBone Dental Chicken Mini 8 un.,Desayuno y Snacks,Snacks,mascota_fuera_de_mascotas,Alta
Jumbo,Snack Dental Perro DreamBone Pollo 5 un.,Desayuno y Snacks,Snacks,mascota_fuera_de_mascotas,Alta
Jumbo,Snack Perro DreamSticks Chicken 2 un.,Desayuno y Snacks,Snacks,mascota_fuera_de_mascotas,Alta
Jumbo,Snack Dental Perro DreamBone Pollo 2 un.,Desayuno y Snacks,Snacks,mascota_fuera_de_mascotas,Alta
Jumbo,Snack Perro DreamBone Chicken Small 1 un.,Desayuno y Snacks,Snacks,mascota_fuera_de_mascotas,Alta
Jumbo,Snack Perro Master Dog Halloween Calabaza 45 g,Desayuno y Snacks,Snacks,mascota_fuera_de_mascotas,Alta
Jumbo,Snack Perro Swesi Libre de Grano Frutilla y Cúrcuma 330 g,Desayuno y Snacks,Snacks,mascota_fuera_de_mascotas,Alta
Jumbo,Snack Perro Bil-Jac Smart Low Fat 113 g,Desayuno y Snacks,Snacks,mascota_fuera_de_mascotas,Alta
Jumbo,Snack Perro Bil-Jac Smart Jacs Skin & Coat 113 g,Desayuno y Snacks,Snacks,mascota_fuera_de_mascotas,Alta
Jumbo,Caja 15 un. Snack Perro Doguitos Tira de Asado 65 g,Desayuno y Snacks,Snacks,mascota_fuera_de_mascotas,Alta
Jumbo,Snack Perro Adulto Pedigree Rodeo Pollo 4 un. 70 g,Desayuno y Snacks,Snacks,mascota_fuera_de_mascotas,Alta
Jumbo,Snack Perro Champion Dog Delicias Pollo & Salmón 56 g,Desayuno y Snacks,Snacks,mascota_fuera_de_mascotas,Alta
Jumbo,Snack Perro Indómito Frambuesa 180 g,Desayuno y Snacks,Snacks,mascota_fuera_de_mascotas,Alta
Jumbo,Snack Perro Indómito Arándano Antioxidante 180 g,Desayuno y Snacks,Snacks,mascota_fuera_de_mascotas,Alta
Jumbo,Snack Perro Champion Dog Delicias Pollo 56 g,Desayuno y Snacks,Snacks,mascota_fuera_de_mascotas,Alta
Jumbo,Snack Perro Champion Dog Delicias Pollo & Queso 56 g,Desayuno y Snacks,Snacks,mascota_fuera_de_mascotas,Alta
Jumbo,Snack Perro Adulto Pedigree Jumbone Medianos y Grandes 100 g,Desayuno y Snacks,Snacks,mascota_fuera_de_mascotas,Alta
Jumbo,Snack Perro Indómito Manzana Jengibre Probiótico 180 g,Desayuno y Snacks,Snacks,mascota_fuera_de_mascotas,Alta
Jumbo,Snack Perro Dog Chow Cachorro 300 g,Desayuno y Snacks,Snacks,mascota_fuera_de_mascotas,Alta
Jumbo,Snack Perro Master Dog Entraña 45 g,Desayuno y Snacks,Snacks,mascota_fuera_de_mascotas,Alta
Jumbo,Snack Perro Dog Chow Adulto Pollo Mediano Grandes 500 g,Desayuno y Snacks,Snacks,mascota_fuera_de_mascotas,Alta
Jumbo,Snack Gato Master Cat Salmón a la Parrilla 45 g,Desayuno y Snacks,Snacks,mascota_fuera_de_mascotas,Alta
Jumbo,Snack Perro Master Dog Lomo Vetado 45 g,Desayuno y Snacks,Snacks,mascota_fuera_de_mascotas,Alta
Jumbo,Snack Perro Dingo Kabobs 2 un.,Desayuno y Snacks,Snacks,mascota_fuera_de_mascotas,Alta
Jumbo,Snack Perro Dingo Wings 2 un.,Desayuno y Snacks,Snacks,mascota_fuera_de_mascotas,Alta
Jumbo,Snack Perro Meat Balls de Pato 80 g,Desayuno y Snacks,Snacks,mascota_fuera_de_mascotas,Alta
Jumbo,Vino Gato Cabernet Sauvignon 500 cc,Bebidas,Vinos,mascota_fuera_de_mascotas,Alta
Jumbo,Cóctel Vino Gato Dulce Borgoña  9° 350 cc,Bebidas,Vinos,mascota_fuera_de_mascotas,Alta
Jumbo,Cóctel de Vino Gato Selección Dulce Borgoña Frutilla 750 cc,Bebidas,Vinos,mascota_fuera_de_mascotas,Alta
Jumbo,Vino Gato Merlot 1.5 L,Bebidas,Vinos,mascota_fuera_de_mascotas,Alta
Jumbo,Cóctel de Vino Gato Selección Dulce Tinto 750 cc,Bebidas,Vinos,mascota_fuera_de_mascotas,Alta
Jumbo,Vino Gato Cabernet Sauvignon 700 cc,Bebidas,Vinos,mascota_fuera_de_mascotas,Alta
Jumbo,Vino Gato Merlot 700 cc,Bebidas,Vinos,mascota_fuera_de_mascotas,Alta
Jumbo,Cóctel Vino Gato Dulce Tinto  9° 350 cc,Bebidas,Vinos,mascota_fuera_de_mascotas,Alta
Jumbo,Vino Gato Cabernet Sauvignon Caja 1 L,Bebidas,Vinos,mascota_fuera_de_mascotas,Alta
Jumbo,Cóctel de Vino Gato Selección Dulce Chocolate 750 cc,Bebidas,Vinos,mascota_fuera_de_mascotas,Alta
Jumbo,Cóctel de Vino Gato Selección Dulce Borgoña Frutilla 1500 cc,Bebidas,Vinos,mascota_fuera_de_mascotas,Alta
Jumbo,Cóctel de Vino Gato 750 cc,Bebidas,Vinos,mascota_fuera_de_mascotas,Alta
Jumbo,Cóctel Vino Gas Gato Dulce Rosé  9° 350 cc,Bebidas,Vinos,mascota_fuera_de_mascotas,Alta
Jumbo,Vino Blanco Gato Caja 500 cc,Bebidas,Vinos,mascota_fuera_de_mascotas,Alta
Jumbo,Vino Blanco Gato Caja 1 L,Bebidas,Vinos,mascota_fuera_de_mascotas,Alta
Jumbo,Vino Gato Premium Carmenere 750 cc,Bebidas,Vinos,mascota_fuera_de_mascotas,Alta
Jumbo,Vino Gato Cabernet Sauvignon Caja 2 L,Bebidas,Vinos,mascota_fuera_de_mascotas,Alta
Jumbo,Vino Gato Cabernet Sauvignon 1.5 L,Bebidas,Vinos,mascota_fuera_de_mascotas,Alta
Jumbo,Vino Gato Premium Merlot 750 cc,Bebidas,Vinos,mascota_fuera_de_mascotas,Alta
Jumbo,Vino Gato Carmenere 700 cc,Bebidas,Vinos,mascota_fuera_de_mascotas,Alta
Jumbo,Vino Gato Carmenere 1.5 L,Bebidas,Vinos,mascota_fuera_de_mascotas,Alta
Jumbo,Vino Gato Merlot Caja 2 L,Bebidas,Vinos,mascota_fuera_de_mascotas,Alta
Jumbo,Vino Gato Premium Cabernet Sauvignon 750 cc,Bebidas,Vinos,mascota_fuera_de_mascotas,Alta
Jumbo,Cóctel de Vino Gato Selección Dulce Rosé 1.5 L,Bebidas,Vinos,mascota_fuera_de_mascotas,Alta
Jumbo,Cóctel de Vino Gato Selección Dulce Tinto 1.5 L,Bebidas,Vinos,mascota_fuera_de_mascotas,Alta
Jumbo,Cóctel de Vino Gato Selección Dulce Navegado 1.5 L,Bebidas,Vinos,mascota_fuera_de_mascotas,Alta
Jumbo,Cóctel de Vino Gato Selección Dulce Chocolate 1.5 L,Bebidas,Vinos,mascota_fuera_de_mascotas,Alta
Jumbo,Cóctel de Vino Gato Selección Dulce Chirimoya 750 cc,Bebidas,Vinos,mascota_fuera_de_mascotas,Alta
Jumbo,Cóctel de Vino Gato Selección Dulce Chirimoya 1500 cc,Bebidas,Vinos,mascota_fuera_de_mascotas,Alta
Jumbo,Cóctel de Vino Gato Selección Dulce Blanco 750 cc,Bebidas,Vinos,mascota_fuera_de_mascotas,Alta
Jumbo,Cóctel de Vino Gato Selección Dulce Blanco 1.5 L,Bebidas,Vinos,mascota_fuera_de_mascotas,Alta
Jumbo,Vino Gato Premium Sauvignon Blanc 750 cc,Bebidas,Vinos,mascota_fuera_de_mascotas,Alta
Jumbo,Vino Blanco Gato 1.5 L,Bebidas,Vinos,mascota_fuera_de_mascotas,Alta
Jumbo,Vino Blanco Gato Caja 2 L,Bebidas,Vinos,mascota_fuera_de_mascotas,Alta
Jumbo,Vino Blanco Gato 1.5 L,Bebidas,Vinos,mascota_fuera_de_mascotas,Alta
Jumbo,Vino Gato Cabernet Sauvignon Caja 1.5 L,Bebidas,Vinos,mascota_fuera_de_mascotas,Alta
Jumbo,Vino Blanco Gato 700 cc,Bebidas,Vinos,mascota_fuera_de_mascotas,Alta
Jumbo,Shampoo Perro Pet's Fun en Seco 100 g,Higiene Personal,Shampoo,mascota_fuera_de_mascotas,Alta
Jumbo,Shampoo Perro Pet's Fun Pelaje Blanco 290 cc,Higiene Personal,Shampoo,mascota_fuera_de_mascotas,Alta
Jumbo,Shampoo Perro Pet's Fun Desenredante 290 cc,Higiene Personal,Shampoo,mascota_fuera_de_mascotas,Alta
Jumbo,Shampoo Perro Pet's Fun Hipoalergénico 290 cc,Higiene Personal,Shampoo,mascota_fuera_de_mascotas,Alta
Jumbo,Shampoo Acondicionador Cachorro Brisa de Algodón 473 ml,Higiene Personal,Shampoo,mascota_fuera_de_mascotas,Alta
Jumbo,Shampoo Perro Canish en Seco 160 g,Higiene Personal,Shampoo,mascota_fuera_de_mascotas,Alta
Jumbo,Shampoo Gato Tidy En Seco Perfumado 200 g,Higiene Personal,Shampoo,mascota_fuera_de_mascotas,Alta
Jumbo,Shampoo Gato Traper Espuma En Seco 170 ml,Higiene Personal,Shampoo,mascota_fuera_de_mascotas,Alta
Jumbo,Shampoo Perro Tidy En Seco Perfumado 100 g,Higiene Personal,Shampoo,mascota_fuera_de_mascotas,Alta
Jumbo,Shampoo Perro Traper Espuma En Seco 170 ml,Higiene Personal,Shampoo,mascota_fuera_de_mascotas,Alta
Jumbo,Shampoo Perro Canish Hipoalergénico 300 ml,Higiene Personal,Shampoo,mascota_fuera_de_mascotas,Alta
Jumbo,Shampoo Perro Drag Pharma Antiparasitario 100 ml,Higiene Personal,Shampoo,mascota_fuera_de_mascotas,Alta
Jumbo,Shampoo Gato Traper Neutro 260 cc,Higiene Personal,Shampoo,mascota_fuera_de_mascotas,Alta
Jumbo,Shampoo Perro Adulto Traper Neutro Hipóalergénico 260 cc,Higiene Personal,Shampoo,mascota_fuera_de_mascotas,Alta
Jumbo,Shampoo y Acondicionador Perro Canish 300 ml,Higiene Personal,Shampoo,mascota_fuera_de_mascotas,Alta
Jumbo,Shampoo Perros Eco Traper Pieles Sensibles 250 ml,Higiene Personal,Shampoo,mascota_fuera_de_mascotas,Alta
Jumbo,Shampoo Perro Canish 390 ml,Higiene Personal,Shampoo,mascota_fuera_de_mascotas,Alta
Jumbo,Shampoo Perro Adulto Traper Aloe Piel Sensible 260 cc,Higiene Personal,Shampoo,mascota_fuera_de_mascotas,Alta
Jumbo,Shampoo Perro Traper Extra Brillo y Suavidad 260 ml,Higiene Personal,Shampoo,mascota_fuera_de_mascotas,Alta
Jumbo,Shampoo Perro Adulto Traper Manzanilla 260 cc,Higiene Personal,Shampoo,mascota_fuera_de_mascotas,Alta
Jumbo,Shampoo Perro Cachorro Traper Neutro Cereza 260 cc,Higiene Personal,Shampoo,mascota_fuera_de_mascotas,Alta
Jumbo,Shampoo Perro Sinpul Antiparasitario 300 cc,Higiene Personal,Shampoo,mascota_fuera_de_mascotas,Alta
Jumbo,Shampoo Perro Pets & Friends Pelaje Blanco 250 cc,Higiene Personal,Shampoo,mascota_fuera_de_mascotas,Alta
Jumbo,Shampoo Perro Drag Pharma 360 cc,Higiene Personal,Shampoo,mascota_fuera_de_mascotas,Alta
Jumbo,Acondicionador Perro Adulto Traper Desenredante 260 cc,Higiene Personal,Shampoo,mascota_fuera_de_mascotas,Alta
Jumbo,Acondicionador Perros Traper Cachorro 260 cc,Higiene Personal,Shampoo,mascota_fuera_de_mascotas,Alta
Jumbo,Shampoo Perro Pets & Friends 250 cc,Higiene Personal,Shampoo,mascota_fuera_de_mascotas,Alta
Jumbo,Shampoo Gato Pet's Fun en Seco 100 g,Higiene Personal,Shampoo,mascota_fuera_de_mascotas,Alta
Jumbo,Shampoo Perro Pet's Fun en Seco 160 g,Higiene Personal,Shampoo,mascota_fuera_de_mascotas,Alta
Jumbo,Shampoo Perro Pets & Friends Matico 320 cc,Higiene Personal,Shampoo,mascota_fuera_de_mascotas,Alta
Jumbo,Shampoo Perro Pets & Friends Cobre 320 cc,Higiene Personal,Shampoo,mascota_fuera_de_mascotas,Alta
Jumbo,Shampoo Perro Pets & Friends Cachorros 250 cc,Higiene Personal,Shampoo,mascota_fuera_de_mascotas,Alta
Jumbo,Shampoo Perro Pets & Friends Hipoalergénico 250 ml,Higiene Personal,Shampoo,mascota_fuera_de_mascotas,Alta
Jumbo,Shampoo Perro Pets & Friends Balsámico 250 ml,Higiene Personal,Shampoo,mascota_fuera_de_mascotas,Alta
Unimarc,Alimento perro cachorro master dog carne y leche 15 kg,"Lácteos, Huevos y Congelados",Leche,mascota_fuera_de_mascotas,Alta
Unimarc,Jabón líquido ballerina doble humectación yoghurt arándanos doypack 750 ml,"Lacteos, Huevos y Congelados",Yogurt,higiene_fuera_de_higiene,Alta
Unimarc,Alimento perro adulto cachupín carne con arroz 9 kg,Despensa,Arroz,mascota_fuera_de_mascotas,Alta
Unimarc,Shampoo le petit olivier almendras dulces y arroz 250 ml,Despensa,Arroz,higiene_fuera_de_higiene,Alta
Unimarc,Acondicionador le petit olivier almendras dulces y arroz 200 ml,Despensa,Arroz,higiene_fuera_de_higiene,Alta
Unimarc,Desodorante ambiental glade aceites naturales vainilla aparato + repuesto 21 ml,Despensa,Aceite,higiene_fuera_de_higiene,Alta
Unimarc,Desodorante ambiental glade aceites naturales mango tropical repuesto 3 un de 21 ml,Despensa,Aceite,higiene_fuera_de_higiene,Alta
Unimarc,Desodorante ambiental glade aceites naturales vainilla repuesto 3 un de 21 ml,Despensa,Aceite,higiene_fuera_de_higiene,Alta
Unimarc,Desodorante glade aceites naturales manzana y canela aparato 21 ml,Despensa,Aceite,higiene_fuera_de_higiene,Alta
Unimarc,Desodorante ambiental glade aceites naturales vainilla repuesto twinpack 21 ml,Despensa,Aceite,higiene_fuera_de_higiene,Alta
